
 0.26376,  0.00000, 466.95483, -32.62482,  5.91286,  0.00000
-0.08792, -0.26519, 464.49902, -32.66325,  5.99066,  0.00000
 0.08792, -0.44199, 466.95483, -32.77853,  5.75726,  0.08767
 0.35168, -0.53039, 465.20068, -33.04752,  5.91286,  0.07014
 0.35168, -0.26519, 466.95483, -32.97067,  5.95176,  0.03507
 0.08792, -0.70718, 465.90234, -33.04752,  5.91286,  0.07014
-0.08792, -0.79558, 467.30566, -33.12438,  5.99066,  0.08767
 0.26376, -0.53039, 466.25317, -33.08595,  5.91286,  0.01753
 0.35168, -0.70718, 465.55151, -33.16280,  6.06846,  0.03507
 0.00000, -0.17680, 465.55151, -32.93224,  5.91286, -0.05260
 0.17584, -0.17680, 464.14819, -32.66325,  5.99066,  0.08767
 0.00000, -0.17680, 464.84985, -32.81696,  6.14626,  0.08767
 0.35168, -0.17680, 466.60400, -32.85538,  6.02956,  0.07014
 0.17584, -0.26519, 463.44653, -32.85538,  5.95176,  0.10521
 0.61545, -0.44199, 464.49902, -32.85538,  5.75726,  0.14027
 0.43961, -0.79558, 463.79736, -32.89381,  5.87396,  0.08767
 0.35168, -1.14917, 463.09570, -32.85538,  5.95176,  0.10521
 0.17584, -0.88398, 464.84985, -32.93224,  6.06846,  0.07014
 0.35168, -1.06078, 465.20068, -32.77853,  6.14626,  0.08767
 0.52753, -1.14917, 465.20068, -32.70168,  5.95176,  0.07014
 0.52753, -0.17680, 463.09570, -32.50954,  6.14626,  0.01753
 0.35168, -0.26519, 462.74487, -32.66325,  6.18516,  0.00000
 0.08792, -0.35359, 465.90234, -32.58640,  6.06846,  0.05260
 0.00000, -0.26519, 463.44653, -32.47112,  6.22406,  0.00000
 0.26376, -0.35359, 464.49902, -32.62482,  6.41856,  0.03507
 0.17584, -0.61879, 464.49902, -32.39426,  6.41856,  0.05260
 0.08792, -0.70718, 466.25317, -32.70168,  6.41856,  0.07014
 0.52753, -0.79558, 465.90234, -32.50954,  6.53526,  0.01753
 0.26376, -0.79558, 464.49902, -32.50954,  6.84647,  0.01753
 0.00000, -0.97238, 466.60400, -32.47112,  6.84647,  0.00000
 0.08792, -0.53039, 463.79736, -32.39426,  6.69086,  0.03507
 0.17584, -0.53039, 463.79736, -32.24055,  6.69086,  0.05260
 0.35168, -0.26519, 465.20068, -32.24055,  7.07987, -0.03507
 0.17584, -0.26519, 464.84985, -31.93313,  7.27437,  0.07014
-0.08792, -0.44199, 464.14819, -31.89470,  7.39107,  0.03507
 0.17584, -0.35359, 464.84985, -31.93313,  7.31327,  0.01753
-0.17584,  0.08840, 464.14819, -31.74099,  7.54667,  0.00000
-0.35168, -0.53039, 465.90234, -31.74099,  7.78008, -0.01753
-0.43961, -0.26519, 464.49902, -31.66414,  7.93568, -0.03507
-0.61545, -0.35359, 464.84985, -31.85628,  7.97458,  0.00000
-0.43961, -0.26519, 464.14819, -31.77942,  8.05238,  0.03507
-0.70337, -0.17680, 464.84985, -31.81785,  8.16908,  0.07014
-0.43961, -0.35359, 463.44653, -31.74099,  8.24688,  0.01753
-0.52753, -0.35359, 464.14819, -31.77942,  8.13018, -0.01753
-0.61545, -0.26519, 464.14819, -31.58728,  8.44138, -0.01753
-0.79129, -0.35359, 463.79736, -31.62571,  8.24688,  0.03507
-0.96713,  0.00000, 464.84985, -31.66414,  8.44138, -0.01753
-0.79129, -0.08840, 464.49902, -31.47200,  8.59698,  0.03507
-0.79129, -0.26519, 466.25317, -31.43357,  8.55808, -0.01753
-0.43961,  0.17680, 465.20068, -31.31829,  8.71368,  0.05260
-0.70337,  0.00000, 466.25317, -31.20301,  8.48028,  0.07014
-0.87921,  0.00000, 465.90234, -31.24144,  8.83039,  0.00000
-0.52753,  0.17680, 465.55151, -30.97245,  8.67478, -0.03507
-0.61545,  0.79558, 465.20068, -30.47289,  8.67478,  0.00000
-0.61545,  0.70718, 464.84985, -30.39604,  8.63588,  0.05260
-0.52753,  1.23757, 464.14819, -30.08862,  8.51918,  0.05260
-0.17584,  0.97238, 464.14819, -29.74277,  8.67478,  0.07014
-0.35168,  1.23757, 464.49902, -29.51221,  8.75258,  0.05260
-0.43961,  1.32597, 463.79736, -29.39693,  8.79148,  0.05260
-0.43961,  1.23757, 466.60400, -29.51221,  8.98599,  0.08767
-0.61545,  1.76796, 463.44653, -29.24322,  9.06379,  0.01753
-0.96713,  1.67956, 465.20068, -29.08951,  9.21939,  0.05260
-0.70337,  1.23757, 464.84985, -28.97422,  9.25829,  0.00000
-0.79129,  1.50277, 465.20068, -28.89737,  9.29719,  0.07014
-0.26376,  1.50277, 463.09570, -29.01265,  9.37499,  0.00000
-0.52753,  1.41437, 464.84985, -28.93580,  9.41389,  0.03507
-0.70337,  1.76796, 465.90234, -28.93580,  9.56949, -0.01753
-0.61545,  1.59116, 465.20068, -28.85894,  9.72509, -0.01753
-0.61545,  1.41437, 465.90234, -28.82051,  9.68619, -0.03507
-0.08792,  1.67956, 464.49902, -28.66681,  9.56949,  0.01753
-0.79129,  1.59116, 465.20068, -28.78209,  9.68619, -0.01753
-0.61545,  1.50277, 463.79736, -28.78209,  9.76399, -0.01753
-0.79129,  1.67956, 464.84985, -28.74366,  9.72509, -0.01753
-0.70337,  1.23757, 463.09570, -28.66681,  9.84179, -0.10521
-0.61545,  1.14917, 462.74487, -28.66681,  9.80289, -0.08767
-0.87921,  1.41437, 463.79736, -28.58995,  9.91960, -0.12274
-0.79129,  1.67956, 464.14819, -28.51310,  9.88070, -0.07014
-0.87921,  1.32597, 463.09570, -28.55153,  9.99740, -0.03507
-0.43961,  1.85636, 464.14819, -28.55153,  9.91960, -0.10521
-0.87921,  1.67956, 465.90234, -28.66681, 10.15300, -0.07014
-0.70337,  1.23757, 464.14819, -28.58995,  9.99740, -0.05260
-0.79129,  1.67956, 464.49902, -28.55153,  9.99740, -0.07014
-0.61545,  1.50277, 467.30566, -28.66681, 10.07520,  0.01753
-0.79129,  1.14917, 465.90234, -28.70523, 10.07520,  0.00000
-0.70337,  1.50277, 464.49902, -28.66681, 10.30860, -0.03507
-1.14297,  1.41437, 465.20068, -28.82051, 10.34750, -0.03507
-1.14297,  1.14917, 465.55151, -28.66681, 10.30860, -0.10521
-0.79129,  1.41437, 464.49902, -28.74366, 10.23080, -0.10521
-0.96713,  1.14917, 465.90234, -28.55153, 10.19190,  0.01753
-1.23090,  1.85636, 464.49902, -28.35939, 10.23080, -0.10521
-1.14297,  1.41437, 465.20068, -28.32096, 10.34750, -0.07014
-0.79129,  2.03315, 464.14819, -28.32096, 10.23080, -0.10521
-0.96713,  1.94476, 465.20068, -28.35939, 10.26970, -0.14027
-0.70337,  1.76796, 466.25317, -28.39782, 10.19190, -0.03507
-0.96713,  1.76796, 465.55151, -28.39782, 10.15300, -0.07014
-0.43961,  1.94476, 467.65649, -28.24411, 10.38640,  0.00000
-0.70337,  1.76796, 465.90234, -28.24411, 10.38640, -0.07014
-0.79129,  2.12155, 466.95483, -28.28253, 10.38640, -0.10521
-0.61545,  2.03315, 464.49902, -28.09040, 10.34750, -0.03507
-0.87921,  1.94476, 463.44653, -28.20568, 10.42530, -0.01753
-0.79129,  2.47514, 465.20068, -28.16725, 10.38640, -0.01753
-0.79129,  2.03315, 463.79736, -28.16725, 10.58090, -0.01753
-0.79129,  1.85636, 464.49902, -28.35939, 10.50310, -0.05260
-0.79129,  1.59116, 465.55151, -28.39782, 10.54200, -0.10521
-1.23090,  1.50277, 463.79736, -28.35939, 10.69760, -0.05260
-0.87921,  1.32597, 463.44653, -28.58995, 10.54200, -0.01753
-0.61545,  1.50277, 463.44653, -28.70523, 10.73650, -0.07014
-0.61545,  1.50277, 463.79736, -28.82051, 10.42530, -0.07014
-0.35168,  1.41437, 465.20068, -28.89737, 10.65870,  0.03507
-0.35168,  1.06078, 465.20068, -29.20479, 10.46420,  0.03507
-0.26376,  1.14917, 465.90234, -29.16636, 10.58090, -0.03507
-0.61545,  0.79558, 464.14819, -29.51221, 10.54200,  0.03507
-0.43961,  0.79558, 465.20068, -29.58906, 10.50310, -0.03507
-0.43961,  0.61879, 466.95483, -29.89648, 10.46420,  0.00000
-0.70337,  0.35359, 466.60400, -30.01176, 10.65870,  0.03507
 0.00000,  0.53039, 464.84985, -30.08862, 10.61980, -0.01753
-0.17584, -0.26519, 463.44653, -30.08862, 10.73650,  0.01753
-0.61545, -0.26519, 464.84985, -30.16547, 10.54200,  0.00000
-0.70337, -0.08840, 463.09570, -30.16547, 10.69760,  0.03507
-0.43961,  0.35359, 465.55151, -30.16547, 10.54200,  0.00000
-0.43961,  0.00000, 464.84985, -30.12704, 10.61980,  0.05260
-0.52753, -0.26519, 463.79736, -30.51132, 10.54200,  0.01753
-0.43961, -0.08840, 464.14819, -30.62660, 10.77540,  0.10521
-0.52753, -0.44199, 464.14819, -30.97245, 10.69760,  0.03507
-0.79129, -0.88398, 464.84985, -30.97245, 10.69760,  0.08767
-0.96713, -1.23757, 464.84985, -31.08773, 10.96991,  0.12274
-0.52753, -0.44199, 464.49902, -31.12616, 11.08661,  0.07014
-0.87921, -0.61879, 465.20068, -31.12616, 11.04771,  0.01753
-1.14297, -0.61879, 465.90234, -31.16459, 11.12551,  0.03507
-1.49466, -0.53039, 464.49902, -31.24144, 11.43671,  0.01753
-1.23090, -0.08840, 463.79736, -31.31829, 11.59231, -0.01753
-2.46179, -0.08840, 464.14819, -31.12616, 11.59231, -0.08767
-2.54971, -0.44199, 462.74487, -31.04930, 11.74791, -0.03507
-2.37387,  0.00000, 464.49902, -31.16459, 11.94242, -0.03507
-2.46179, -0.44199, 465.20068, -31.04930, 12.17582,  0.01753
-2.19803, -0.17680, 465.90234, -31.01088, 12.21472, -0.03507
-2.81348, -0.44199, 465.90234, -31.20301, 12.44812, -0.08767
-2.90140, -0.70718, 464.14819, -31.12616, 12.48702, -0.15781
-2.90140, -0.08840, 464.14819, -31.08773, 12.56482, -0.14027
-2.63763, -0.35359, 464.49902, -31.12616, 12.79822, -0.15781
-2.98932, -0.17680, 463.79736, -30.97245, 12.68152, -0.12274
-2.90140, -0.44199, 467.30566, -30.97245, 12.68152, -0.10521
-3.07724, -0.53039, 465.55151, -30.97245, 12.60372, -0.05260
-2.90140, -0.17680, 465.90234, -30.85717, 12.60372, -0.14027
-2.19803, -0.17680, 464.14819, -30.51132, 12.60372, -0.10521
-2.63763, -0.26519, 464.84985, -30.43446, 12.60372, -0.15781
-2.28595,  0.00000, 463.09570, -30.39604, 12.40922, -0.14027
-2.54971, -0.08840, 464.49902, -30.31918, 12.44812, -0.26301
-2.46179, -0.08840, 463.44653, -30.24233, 12.13692, -0.28055
-2.63763,  0.26519, 462.74487, -30.24233, 12.02022, -0.26301
-2.11011,  0.53039, 464.14819, -30.24233, 11.90351, -0.31562
-2.02219,  0.44199, 464.84985, -30.08862, 11.90351, -0.33315
-2.19803,  0.17680, 464.14819, -30.43446, 11.74791, -0.29808
-2.28595,  0.44199, 465.55151, -30.12704, 11.32001, -0.24548
-1.58258,  0.97238, 464.84985, -30.01176, 11.16441, -0.17534
-1.84634,  1.32597, 465.90234, -29.85806, 11.24221, -0.17534
-1.75842,  1.23757, 464.49902, -29.85806, 10.81430, -0.21041
-1.58258,  1.32597, 464.84985, -29.81963, 10.89211, -0.19288
-1.05505,  1.85636, 467.30566, -29.74277, 10.61980, -0.15781
-0.79129,  1.41437, 465.20068, -29.70435, 10.30860, -0.19288
-0.43961,  1.67956, 466.25317, -29.93491, 10.23080, -0.10521
-0.43961,  1.59116, 464.84985, -29.70435, 10.03630, -0.12274
-0.61545,  1.76796, 465.90234, -29.85806,  9.84179, -0.12274
-0.35168,  2.12155, 465.55151, -29.62749,  9.53059, -0.15781
-0.70337,  2.20995, 465.90234, -29.47378,  9.53059, -0.12274
-0.26376,  2.20995, 464.84985, -29.55064,  9.49169, -0.14027
-0.35168,  1.50277, 464.84985, -29.58906,  9.21939, -0.01753
 0.43961,  2.03315, 464.49902, -29.39693,  9.18049, -0.08767
 0.26376,  1.59116, 465.20068, -29.58906,  9.02489, -0.10521
 0.52753,  1.06078, 465.55151, -29.62749,  8.75258, -0.03507
 0.35168,  0.70718, 464.49902, -29.97334,  8.67478, -0.03507
 0.79129,  1.14917, 466.60400, -29.85806,  8.40248, -0.05260
 0.43961,  1.06078, 464.49902, -29.89648,  8.16908,  0.01753
 0.61545,  1.14917, 464.14819, -29.85806,  8.13018, -0.05260
 0.79129,  1.14917, 465.20068, -30.12704,  8.01348,  0.07014
 0.52753,  1.14917, 465.20068, -30.12704,  7.74117,  0.01753
 0.96713,  1.23757, 465.20068, -30.31918,  7.78008,  0.08767
 1.14297,  1.14917, 464.84985, -30.20390,  7.62447,  0.14027
 1.05505,  0.88398, 465.55151, -30.28075,  7.50777,  0.05260
 1.49466,  0.88398, 463.79736, -30.35761,  7.35217,  0.15781
 1.49466,  0.88398, 464.84985, -30.39604,  7.11877,  0.10521
 1.58258,  0.61879, 464.84985, -30.58817,  7.00207,  0.14027
 1.75842,  0.35359, 465.20068, -30.35761,  6.88537,  0.15781
 1.58258,  0.79558, 464.49902, -30.35761,  6.92427,  0.15781
 2.02219,  0.88398, 464.14819, -30.62660,  6.76867,  0.15781
 1.67050,  1.06078, 464.49902, -30.43446,  6.61306,  0.19288
 1.84634,  1.41437, 464.84985, -30.62660,  6.57416,  0.15781
 1.75842,  0.79558, 465.55151, -30.66503,  6.65196,  0.15781
 1.84634,  0.61879, 466.25317, -30.74188,  6.61306,  0.14027
 1.67050,  0.70718, 465.55151, -31.04930,  6.53526,  0.21041
 2.02219,  0.79558, 464.14819, -30.97245,  6.49636,  0.24548
 1.93427,  0.70718, 466.60400, -31.12616,  6.37966,  0.15781
 1.93427,  0.61879, 465.55151, -31.08773,  6.49636,  0.21041
 1.58258,  0.53039, 466.60400, -31.04930,  6.49636,  0.22795
 1.67050,  0.70718, 465.55151, -31.27987,  6.69086,  0.21041
 1.84634,  0.35359, 464.14819, -31.08773,  6.49636,  0.15781
 1.93427,  0.08840, 464.49902, -31.20301,  6.49636,  0.14027
 1.67050,  0.61879, 463.09570, -31.47200,  6.45746,  0.24548
 2.19803,  0.61879, 464.14819, -31.43357,  6.72976,  0.19288
 1.67050,  0.26519, 464.84985, -31.39515,  6.69086,  0.14027
 1.84634,  0.44199, 465.90234, -31.51043,  6.53526,  0.15781
 1.75842,  0.08840, 464.84985, -31.74099,  6.80757,  0.17534
 1.58258,  0.00000, 464.84985, -31.74099,  6.65196,  0.19288
 1.23090, -0.08840, 464.49902, -31.81785,  6.80757,  0.24548
 1.14297,  0.08840, 466.60400, -31.70257,  6.72976,  0.15781
 1.14297,  0.08840, 464.49902, -31.85628,  7.04097,  0.22795
 1.23090,  0.00000, 465.20068, -31.93313,  6.96317,  0.15781
 1.14297,  0.17680, 465.90234, -31.97156,  7.07987,  0.07014
 1.05505,  0.17680, 464.49902, -32.16370,  7.23547,  0.19288
 1.14297,  0.35359, 465.55151, -32.35583,  7.23547,  0.17534
 0.70337, -0.26519, 465.55151, -32.27898,  7.46887,  0.17534
 0.70337, -0.61879, 464.49902, -32.24055,  7.58557,  0.14027
 0.52753, -0.44199, 464.14819, -32.20213,  7.54667,  0.10521
 0.52753, -0.17680, 463.09570, -32.35583,  7.66337,  0.10521
 0.61545, -0.26519, 463.79736, -32.58640,  7.62447,  0.14027
 0.26376, -0.61879, 465.20068, -32.74010,  7.81898,  0.03507
 0.43961, -0.88398, 463.09570, -32.97067,  7.85788,  0.00000
 0.08792, -0.70718, 464.14819, -33.23966,  8.28578,  0.07014
-0.08792, -0.97238, 465.90234, -33.35494,  8.20798,  0.08767
-0.17584, -1.06078, 466.60400, -33.50865,  8.28578,  0.08767
 0.17584, -1.06078, 465.20068, -33.70079,  8.32468,  0.10521
-0.08792, -1.06078, 466.60400, -33.73922,  8.44138,  0.08767
-0.17584, -1.23757, 465.90234, -33.70079,  8.32468,  0.07014
 0.08792, -1.14917, 465.55151, -33.77764,  8.48028,  0.05260
-0.08792, -1.14917, 463.79736, -33.85450,  8.71368,  0.03507
-0.17584, -1.41437, 465.20068, -33.81607,  8.51918,  0.01753
-0.26376, -0.79558, 465.55151, -33.62393,  8.83039,  0.01753
-0.35168, -0.53039, 463.44653, -33.73922,  8.83039, -0.03507
-0.26376, -0.53039, 464.14819, -33.66236,  8.75258,  0.05260
 0.00000, -0.70718, 464.14819, -33.58551,  9.14159,  0.08767
-0.52753, -0.79558, 464.49902, -33.66236,  8.86929,  0.00000
-0.26376, -0.79558, 464.84985, -33.54708,  9.02489,  0.07014
-0.17584, -1.14917, 465.20068, -33.77764,  9.33609,  0.03507
-0.17584, -0.97238, 464.84985, -33.66236,  9.21939,  0.00000
-0.43961, -1.06078, 465.55151, -33.73922,  9.49169,  0.00000
 0.00000, -0.53039, 466.25317, -33.66236,  9.14159,  0.00000
-0.43961, -1.06078, 464.14819, -33.73922,  9.37499, -0.03507
-0.17584, -0.97238, 465.20068, -33.70079,  9.41389,  0.01753
-0.35168, -0.79558, 463.79736, -33.81607,  9.37499,  0.03507
-0.43961, -0.26519, 463.79736, -33.62393,  9.33609,  0.03507
-0.35168, -0.35359, 464.84985, -33.77764,  9.53059,  0.01753
-0.26376, -0.61879, 464.49902, -33.50865,  9.49169, -0.01753
-0.26376, -0.70718, 464.14819, -33.58551,  9.33609, -0.05260
-0.52753, -0.35359, 464.49902, -33.35494,  9.41389, -0.03507
-0.61545, -0.70718, 463.79736, -33.54708,  9.37499, -0.05260
-0.79129, -0.44199, 464.49902, -33.35494,  9.56949, -0.08767
-0.61545, -0.70718, 464.84985, -33.27809,  9.60839, -0.03507
-0.70337, -0.53039, 464.84985, -33.31651,  9.53059,  0.00000
-0.35168, -0.88398, 467.30566, -33.23966,  9.53059, -0.01753
-0.26376, -0.70718, 465.20068, -33.12438,  9.29719,  0.00000
-0.35168, -0.53039, 464.14819, -33.04752,  9.49169, -0.03507
-0.08792, -0.35359, 464.14819, -33.12438,  9.33609, -0.03507
-0.17584, -0.53039, 464.14819, -32.77853,  9.25829, -0.03507
-0.17584, -0.44199, 465.55151, -32.74010,  9.33609,  0.01753
-0.43961, -0.08840, 465.20068, -32.89381,  9.33609,  0.07014
 0.00000, -0.44199, 465.90234, -32.70168,  9.37499,  0.05260
-0.17584, -0.08840, 464.14819, -32.54797,  9.49169,  0.05260
 0.08792, -0.70718, 465.90234, -32.54797,  9.37499,  0.01753
-0.26376,  0.35359, 463.79736, -32.50954,  9.41389,  0.05260
-0.26376,  0.08840, 465.55151, -32.50954,  9.45279, -0.05260
-0.17584, -0.61879, 466.25317, -32.39426,  9.60839,  0.03507
 0.08792, -0.35359, 464.84985, -32.35583,  9.68619,  0.03507
-0.26376, -0.44199, 463.09570, -32.43269,  9.56949,  0.05260
-0.17584, -0.17680, 466.60400, -32.54797,  9.64729,  0.05260
-0.43961, -0.35359, 464.49902, -32.62482,  9.72509,  0.00000
-0.52753, -0.79558, 465.55151, -32.47112, 10.07520, -0.01753
-0.43961, -0.79558, 464.49902, -32.50954,  9.99740,  0.05260
-0.61545, -0.35359, 464.14819, -32.66325, 10.03630,  0.08767
-0.79129, -0.88398, 464.14819, -32.54797, 10.30860,  0.03507
-0.35168, -0.61879, 464.14819, -32.58640, 10.38640,  0.07014
-0.61545, -0.08840, 465.20068, -32.54797, 10.23080,  0.03507
-0.52753, -0.70718, 464.14819, -32.47112, 10.54200,  0.01753
-0.61545, -0.70718, 466.25317, -32.43269, 10.54200,  0.03507
-0.79129, -0.26519, 465.20068, -32.43269, 10.65870,  0.01753
-1.14297, -0.61879, 464.49902, -32.39426, 10.69760,  0.03507
-1.31882, -0.17680, 465.20068, -32.39426, 10.89211,  0.03507
-1.23090, -0.35359, 464.49902, -32.43269, 10.89211, -0.05260
-1.31882, -0.35359, 465.55151, -32.47112, 10.93101, -0.03507
-1.49466, -0.97238, 466.25317, -32.31741, 11.08661, -0.07014
-1.40674, -0.61879, 464.84985, -32.24055, 10.96991, -0.08767
-1.40674, -0.79558, 465.90234, -32.16370, 11.16441, -0.03507
-1.75842, -0.61879, 464.84985, -31.97156, 11.20331,  0.03507
-1.40674, -0.53039, 464.84985, -32.12527, 11.51451,  0.07014
-1.49466, -0.53039, 464.49902, -31.85628, 11.35891,  0.01753
-1.40674,  0.08840, 465.20068, -31.97156, 11.32001,  0.05260
-1.75842,  0.00000, 465.90234, -31.81785, 11.43671,  0.00000
-1.75842, -0.35359, 464.49902, -31.77942, 11.74791, -0.03507
-1.75842, -0.17680, 464.14819, -31.77942, 11.55341, -0.03507
-2.02219, -0.35359, 464.84985, -31.81785, 11.55341, -0.05260
-2.02219, -0.70718, 464.49902, -31.70257, 11.67011, -0.05260
-1.67050, -0.79558, 464.49902, -31.62571, 11.78681, -0.10521
-2.02219, -0.79558, 464.84985, -31.66414, 11.55341,  0.00000
-1.84634, -0.70718, 465.20068, -31.62571, 11.63121, -0.05260
-1.67050, -0.61879, 465.20068, -31.47200, 11.51451, -0.14027
-1.23090, -0.26519, 465.90234, -31.31829, 11.51451, -0.01753
-1.84634, -0.26519, 466.60400, -31.27987, 11.32001, -0.03507
-1.58258, -0.26519, 465.90234, -30.97245, 11.43671, -0.05260
-1.49466,  0.00000, 465.90234, -31.01088, 11.28111,  0.00000
-1.40674, -0.26519, 465.20068, -30.81874, 11.32001,  0.05260
-1.23090, -0.17680, 465.20068, -30.39604, 11.16441,  0.03507
-1.05505, -0.26519, 464.14819, -30.39604, 11.00881,  0.00000
-1.23090, -0.26519, 463.09570, -29.89648, 10.69760, -0.03507
-0.70337,  0.44199, 464.84985, -29.97334, 10.77540, -0.03507
-1.05505,  0.17680, 463.79736, -29.70435, 10.69760,  0.00000
-0.96713,  0.53039, 464.49902, -29.35850, 10.58090, -0.10521
-1.05505,  0.53039, 464.14819, -29.28164, 10.34750, -0.01753
-0.87921,  0.97238, 463.09570, -29.05108, 10.34750, -0.12274
-0.52753,  1.14917, 462.39404, -28.89737, 10.42530, -0.01753
-0.87921,  0.70718, 463.79736, -28.97422, 10.42530, -0.03507
-0.52753,  0.61879, 464.14819, -28.58995, 10.26970, -0.05260
-0.61545,  0.88398, 466.25317, -28.82051, 10.23080, -0.07014
-0.43961,  0.79558, 465.20068, -28.47467, 10.42530, -0.01753
-0.43961,  1.06078, 464.49902, -28.58995, 10.34750, -0.08767
-0.43961,  0.88398, 463.79736, -28.51310, 10.34750, -0.10521
-0.08792,  0.97238, 466.60400, -28.35939, 10.15300,  0.00000
-0.61545,  0.79558, 464.49902, -28.39782, 10.30860, -0.03507
-0.79129,  1.23757, 466.60400, -28.35939, 10.19190, -0.14027
-0.61545,  1.23757, 465.55151, -28.28253, 10.19190, -0.10521
-0.52753,  1.50277, 465.55151, -28.09040, 10.46420, -0.03507
-0.87921,  1.76796, 465.20068, -27.89826, 10.54200, -0.07014
-0.52753,  1.59116, 464.49902, -27.89826, 10.58090, -0.10521
-0.61545,  1.59116, 464.49902, -27.70612, 10.65870, -0.05260
-0.70337,  1.32597, 465.20068, -27.59084, 10.65870, -0.10521
-1.05505,  1.41437, 465.90234, -27.55241, 10.69760, -0.14027
-0.70337,  1.50277, 465.20068, -27.51398, 10.65870, -0.07014
-0.87921,  1.41437, 465.20068, -27.39870, 10.89211, -0.12274
-1.14297,  1.23757, 464.84985, -27.43713, 10.96991, -0.07014
-1.14297,  1.59116, 463.79736, -27.47556, 10.85320, -0.15781
-1.23090,  1.32597, 465.20068, -27.39870, 10.85320, -0.01753
-1.31882,  1.41437, 465.55151, -27.24500, 10.69760, -0.14027
-1.40674,  1.76796, 466.25317, -27.16814, 10.93101, -0.08767
-1.40674,  1.94476, 465.90234, -26.89915, 10.77540, -0.05260
-1.49466,  1.94476, 465.90234, -27.05286, 11.00881, -0.03507
-1.40674,  2.29835, 463.44653, -26.59173, 10.93101, -0.01753
-2.02219,  2.47514, 464.49902, -26.55330, 10.96991, -0.07014
-1.67050,  2.20995, 464.14819, -26.43802, 10.73650, -0.05260
-1.31882,  2.38675, 466.25317, -26.39959, 10.69760, -0.01753
-1.31882,  2.03315, 464.14819, -26.43802, 10.69760, -0.05260
-1.31882,  2.12155, 465.20068, -26.51487, 10.77540,  0.00000
-0.96713,  2.03315, 464.84985, -26.32274, 10.54200, -0.07014
-1.67050,  2.12155, 464.84985, -26.28431, 10.38640, -0.10521
-1.40674,  1.76796, 466.95483, -26.39959, 10.61980, -0.08767
-1.31882,  2.03315, 464.84985, -26.47645, 10.38640, -0.10521
-1.31882,  1.85636, 465.90234, -26.32274, 10.34750, -0.10521
-1.31882,  2.12155, 465.90234, -26.24588, 10.19190, -0.01753
-1.23090,  2.03315, 465.90234, -26.36116, 10.11410, -0.01753
-0.79129,  2.12155, 467.30566, -26.20745,  9.99740,  0.00000
-1.40674,  2.38675, 464.14819, -26.28431,  9.84179, -0.07014
-1.31882,  2.20995, 465.90234, -26.28431,  9.76399, -0.01753
-1.23090,  2.20995, 463.79736, -26.43802,  9.60839, -0.14027
-0.96713,  1.94476, 465.20068, -26.47645,  9.49169, -0.07014
-0.79129,  1.85636, 464.84985, -26.51487,  9.37499, -0.03507
-0.52753,  2.29835, 465.55151, -26.59173,  9.25829, -0.08767
-0.70337,  2.03315, 464.84985, -26.63016,  9.06379, -0.05260
-0.52753,  2.03315, 465.55151, -26.82229,  8.86929,  0.03507
-0.26376,  1.67956, 464.14819, -26.70701,  9.06379, -0.12274
-0.87921,  1.76796, 465.90234, -27.05286,  8.94709,  0.00000
-0.70337,  1.59116, 463.44653, -27.16814,  8.79148,  0.00000
-0.52753,  1.41437, 464.49902, -27.39870,  8.75258, -0.03507
-0.35168,  0.97238, 465.55151, -27.47556,  8.55808, -0.07014
-0.35168,  0.88398, 465.20068, -27.39870,  8.48028,  0.01753
-0.52753,  1.06078, 464.84985, -27.51398,  8.28578, -0.03507
 0.00000,  0.79558, 464.49902, -27.55241,  8.36358, -0.08767
-0.17584,  1.06078, 466.95483, -27.36028,  8.28578, -0.08767
-0.52753,  1.14917, 463.44653, -27.39870,  8.16908,  0.00000
-0.26376,  1.23757, 465.55151, -27.43713,  8.05238, -0.07014
 0.00000,  1.50277, 465.90234, -27.59084,  8.24688, -0.07014
 0.08792,  1.14917, 465.20068, -27.47556,  7.85788, -0.01753
-0.26376,  1.06078, 464.14819, -27.39870,  7.93568,  0.00000
-0.08792,  1.76796, 465.90234, -27.59084,  8.01348, -0.01753
 0.08792,  1.41437, 465.55151, -27.39870,  7.81898, -0.03507
-0.08792,  1.41437, 465.55151, -27.24500,  7.85788,  0.07014
 0.17584,  1.76796, 464.49902, -27.20657,  7.66337,  0.01753
 0.08792,  1.76796, 465.20068, -27.12971,  7.74117,  0.01753
 0.26376,  1.76796, 465.20068, -27.05286,  7.70227,  0.03507
 0.26376,  1.67956, 465.55151, -27.01443,  7.66337,  0.03507
 0.43961,  1.94476, 464.49902, -27.09129,  7.58557,  0.03507
-0.17584,  1.94476, 464.84985, -27.20657,  7.23547,  0.05260
 0.26376,  1.76796, 464.84985, -27.05286,  7.35217, -0.01753
 0.35168,  1.76796, 466.25317, -26.97600,  7.39107, -0.01753
 0.26376,  1.85636, 464.84985, -27.28342,  7.23547, -0.01753
 0.35168,  1.85636, 463.79736, -27.20657,  7.19657,  0.05260
 0.79129,  2.12155, 464.49902, -27.24500,  7.07987,  0.00000
 0.52753,  2.20995, 462.39404, -27.28342,  6.72976, -0.01753
 0.35168,  2.03315, 465.20068, -27.36028,  6.88537,  0.08767
 0.79129,  1.59116, 463.09570, -27.66769,  6.61306, -0.08767
 0.79129,  1.94476, 464.49902, -27.74455,  6.34076,  0.00000
 0.87921,  1.32597, 465.20068, -27.93669,  6.26296,  0.01753
 1.14297,  1.41437, 464.84985, -28.12882,  6.34076,  0.00000
 0.79129,  1.06078, 465.20068, -28.20568,  6.34076,  0.05260
 0.96713,  0.79558, 464.49902, -28.70523,  6.18516,  0.01753
 0.79129, -0.08840, 464.84985, -28.89737,  6.14626, -0.05260
 1.14297, -0.17680, 466.25317, -29.51221,  6.02956, -0.08767
 1.05505,  0.00000, 466.60400, -29.62749,  5.83506,  0.01753
 0.79129, -0.17680, 465.20068, -29.81963,  5.99066, -0.05260
 0.87921, -0.53039, 466.25317, -29.93491,  5.87396, -0.07014
 0.61545, -0.53039, 463.79736, -30.05019,  5.75726,  0.01753
 0.96713, -0.53039, 463.44653, -30.16547,  5.99066,  0.03507
 0.96713, -0.44199, 463.09570, -30.35761,  5.83506,  0.03507
 0.79129, -0.44199, 464.84985, -30.58817,  5.99066,  0.00000
 0.79129, -0.88398, 465.20068, -30.78031,  5.87396,  0.08767
 0.61545, -1.41437, 463.79736, -31.01088,  5.99066,  0.07014
 0.79129, -1.50277, 464.84985, -31.43357,  5.99066,  0.03507
 0.43961, -1.23757, 464.84985, -31.77942,  6.02956,  0.01753
 0.79129, -1.85636, 466.25317, -31.89470,  6.10736,  0.00000
 0.52753, -2.20995, 465.90234, -32.24055,  5.75726,  0.07014
 0.35168, -1.94476, 466.60400, -32.31741,  5.83506, -0.01753
 0.79129, -2.20995, 467.30566, -32.39426,  5.91286,  0.07014
 0.26376, -2.47514, 465.20068, -32.58640,  5.99066,  0.10521
 0.35168, -2.20995, 464.49902, -32.47112,  5.79616,  0.15781
 0.61545, -2.03315, 463.44653, -32.62482,  6.06846,  0.10521
 0.35168, -1.94476, 464.49902, -32.35583,  6.06846,  0.07014
 0.35168, -1.50277, 464.49902, -32.47112,  6.26296,  0.10521
 0.17584, -1.32597, 464.14819, -32.39426,  6.14626,  0.22795
 0.17584, -1.85636, 464.49902, -32.47112,  6.26296,  0.17534
 0.17584, -1.67956, 463.44653, -32.39426,  6.18516,  0.15781
 0.00000, -1.67956, 465.20068, -32.54797,  6.37966,  0.19288
-0.08792, -1.85636, 464.49902, -32.58640,  6.45746,  0.21041
-0.08792, -2.12155, 465.90234, -32.47112,  6.53526,  0.15781
-0.52753, -1.94476, 464.14819, -32.70168,  6.45746,  0.14027
 0.00000, -2.65194, 465.90234, -32.58640,  6.61306,  0.14027
-0.08792, -2.12155, 466.60400, -32.58640,  6.57416,  0.19288
 0.08792, -1.76796, 465.55151, -32.54797,  6.53526,  0.15781
-0.35168, -2.29835, 465.55151, -32.43269,  6.72976,  0.22795
-0.08792, -1.94476, 465.90234, -32.31741,  6.72976,  0.19288
 0.00000, -2.03315, 466.60400, -32.47112,  6.76867,  0.24548
-0.17584, -1.67956, 465.20068, -32.39426,  6.72976,  0.19288
-0.17584, -1.85636, 465.90234, -32.31741,  6.69086,  0.22795
 0.08792, -2.38675, 463.09570, -32.31741,  6.80757,  0.17534
-0.26376, -2.29835, 464.14819, -32.43269,  6.80757,  0.19288
-0.35168, -2.47514, 464.14819, -32.50954,  6.96317,  0.14027
-0.26376, -2.29835, 465.20068, -32.50954,  6.96317,  0.07014
-0.70337, -1.76796, 464.84985, -32.27898,  7.07987,  0.14027
-0.08792, -1.94476, 464.49902, -32.20213,  6.76867,  0.14027
-0.17584, -1.67956, 464.14819, -32.16370,  6.96317,  0.05260
-0.43961, -2.03315, 465.55151, -32.08684,  6.96317,  0.14027
-0.79129, -2.12155, 464.49902, -31.85628,  6.72976,  0.12274
-0.61545, -2.03315, 466.25317, -31.85628,  6.88537,  0.10521
-0.61545, -1.50277, 465.55151, -31.97156,  7.00207,  0.10521
-0.35168, -1.85636, 465.55151, -31.66414,  6.88537,  0.14027
-0.70337, -1.23757, 465.55151, -31.39515,  6.80757,  0.07014
-0.35168, -1.50277, 465.20068, -31.35672,  6.84647,  0.05260
 0.00000, -1.06078, 466.95483, -31.08773,  6.88537,  0.10521
-0.52753, -1.32597, 464.84985, -30.97245,  6.76867,  0.05260
-0.43961, -0.97238, 465.55151, -30.78031,  6.80757,  0.07014
-0.43961, -0.88398, 466.60400, -30.70346,  6.72976,  0.15781
-0.08792, -1.06078, 465.20068, -30.58817,  6.88537,  0.03507
 0.08792, -1.23757, 463.44653, -30.39604,  6.76867,  0.05260
-0.17584, -1.14917, 465.20068, -30.35761,  6.76867,  0.03507
-0.26376, -1.14917, 463.44653, -30.31918,  6.88537,  0.05260
-0.35168, -1.14917, 464.49902, -30.08862,  6.72976, -0.07014
-0.52753, -1.32597, 464.49902, -29.89648,  6.69086, -0.03507
-0.17584, -0.44199, 466.25317, -29.70435,  6.72976,  0.00000
-0.26376, -0.79558, 465.20068, -29.47378,  6.53526,  0.01753
-0.26376, -0.53039, 465.20068, -29.20479,  6.88537,  0.00000
-0.43961, -0.26519, 465.20068, -29.20479,  6.69086, -0.10521
-0.26376,  0.00000, 465.55151, -28.85894,  6.80757, -0.01753
-0.08792,  0.08840, 465.55151, -28.58995,  6.49636, -0.05260
-0.17584,  0.44199, 464.49902, -28.51310,  6.65196,  0.00000
-0.43961,  0.17680, 465.55151, -28.24411,  6.69086,  0.03507
-0.35168,  0.35359, 464.84985, -27.97511,  6.80757,  0.01753
-0.26376,  0.08840, 465.90234, -28.01354,  6.69086,  0.01753
-0.17584,  0.35359, 464.84985, -27.82140,  6.65196, -0.07014
-0.08792,  0.53039, 463.79736, -27.43713,  6.57416, -0.03507
-0.43961,  0.88398, 464.49902, -27.16814,  6.37966, -0.01753
-0.61545,  0.88398, 464.49902, -27.01443,  6.34076, -0.08767
-0.17584,  1.06078, 463.79736, -26.74544,  6.34076, -0.03507
 0.17584,  1.14917, 464.14819, -26.51487,  6.30186, -0.03507
 0.43961,  1.59116, 464.49902, -26.24588,  6.06846,  0.08767
 0.08792,  1.59116, 465.90234, -26.24588,  5.83506,  0.03507
 0.17584,  1.41437, 465.90234, -26.05375,  6.02956,  0.08767
 0.79129,  1.76796, 465.90234, -26.20745,  5.95176,  0.05260
 0.52753,  1.67956, 466.25317, -25.93847,  5.83506,  0.01753
 0.61545,  1.59116, 466.25317, -25.97689,  5.83506,  0.08767
 0.52753,  1.50277, 464.84985, -25.97689,  5.87396,  0.12274
 0.43961,  1.32597, 466.25317, -25.82318,  5.75726,  0.08767
 0.43961,  1.76796, 465.55151, -25.55419,  5.83506, -0.07014
 0.17584,  1.67956, 465.55151, -25.47734,  5.83506,  0.00000
 0.35168,  1.85636, 464.84985, -25.36205,  5.71836,  0.05260
 0.26376,  2.03315, 465.20068, -25.32363,  5.83506,  0.01753
 0.08792,  1.76796, 465.55151, -25.28520,  5.79616,  0.05260
 0.35168,  1.85636, 465.20068, -25.24677,  5.91286,  0.08767
 0.70337,  1.94476, 465.90234, -25.09306,  5.95176,  0.05260
 0.52753,  1.41437, 466.25317, -25.09306,  5.91286,  0.01753
 0.52753,  1.50277, 465.90234, -25.13149,  6.02956,  0.03507
 0.35168,  1.76796, 465.55151, -24.93935,  6.10736,  0.12274
 0.43961,  1.85636, 464.49902, -24.90092,  6.14626, -0.08767
 0.00000,  2.03315, 465.90234, -24.78564,  6.06846,  0.03507
 0.00000,  1.85636, 465.55151, -24.78564,  6.30186,  0.00000
 0.00000,  2.12155, 463.79736, -24.63194,  6.34076,  0.07014
-0.26376,  1.85636, 465.20068, -24.59351,  6.34076,  0.01753
 0.26376,  2.03315, 465.20068, -24.82407,  6.30186,  0.00000
 0.00000,  1.50277, 463.44653, -24.67036,  6.41856, -0.01753
-0.08792,  1.59116, 463.09570, -24.67036,  6.57416,  0.00000
 0.00000,  1.67956, 464.49902, -24.67036,  6.37966,  0.03507
 0.26376,  1.50277, 466.25317, -24.67036,  6.45746,  0.01753
 0.00000,  1.50277, 464.49902, -24.59351,  6.53526,  0.01753
-0.26376,  1.59116, 465.90234, -24.63194,  6.49636,  0.00000
-0.26376,  1.50277, 465.20068, -24.47823,  6.49636,  0.00000
 0.08792,  1.59116, 463.44653, -24.43980,  6.45746,  0.03507
-0.17584,  1.94476, 464.14819, -24.47823,  6.41856,  0.01753
 0.26376,  1.76796, 465.90234, -24.36294,  6.37966,  0.03507
 0.08792,  2.03315, 465.20068, -24.43980,  6.41856,  0.10521
 0.52753,  2.38675, 466.60400, -24.17081,  6.06846,  0.05260
 0.52753,  2.38675, 468.35815, -24.20923,  6.34076,  0.12274
 0.08792,  2.20995, 466.25317, -23.94024,  6.30186,  0.10521
 0.43961,  2.47514, 465.20068, -23.67125,  6.10736,  0.10521
 0.61545,  2.20995, 464.49902, -23.78653,  6.10736,  0.10521
 0.70337,  2.56354, 464.84985, -23.51754,  5.95176,  0.12274
 0.52753,  2.38675, 466.60400, -23.55597,  5.99066,  0.07014
 0.52753,  2.47514, 463.44653, -23.40226,  5.91286,  0.10521
 0.61545,  2.74034, 465.55151, -23.28698,  5.91286,  0.03507
 0.61545,  2.65194, 463.79736, -23.21012,  6.10736,  0.10521
 0.26376,  2.65194, 464.84985, -23.05641,  5.83506,  0.07014
 0.70337,  2.74034, 463.44653, -22.97956,  5.99066,  0.10521
 0.61545,  2.91713, 465.55151, -23.05641,  5.99066,  0.08767
 0.52753,  2.74034, 463.79736, -22.97956,  5.95176,  0.05260
 0.52753,  2.56354, 463.79736, -22.90270,  6.22406,  0.00000
 0.35168,  2.65194, 464.84985, -22.97956,  6.14626,  0.00000
 0.52753,  2.47514, 464.49902, -23.21012,  6.30186,  0.05260
 0.35168,  2.20995, 465.90234, -23.32541,  6.41856, -0.03507
 0.35168,  1.85636, 465.90234, -23.21012,  6.65196, -0.01753
 0.08792,  2.20995, 464.14819, -23.67125,  6.72976, -0.14027
-0.08792,  2.20995, 464.84985, -23.70968,  7.04097, -0.12274
-0.26376,  2.03315, 462.74487, -24.01710,  7.15767, -0.10521
-0.52753,  1.94476, 465.20068, -24.20923,  7.35217, -0.07014
-0.87921,  1.85636, 464.84985, -24.24766,  7.66337, -0.07014
-0.43961,  1.59116, 466.25317, -24.55508,  7.85788, -0.07014
-0.87921,  1.67956, 465.55151, -24.55508,  8.05238, -0.07014
-1.05505,  2.03315, 465.90234, -24.82407,  8.28578, -0.07014
-0.96713,  1.41437, 465.20068, -25.20834,  8.55808, -0.12274
-1.14297,  1.14917, 464.84985, -25.20834,  8.44138, -0.08767
-1.05505,  1.14917, 464.14819, -25.47734,  8.63588, -0.12274
-1.31882,  0.70718, 466.60400, -25.43891,  8.71368, -0.17534
-1.31882,  0.61879, 466.60400, -25.82318,  8.63588, -0.08767
-1.40674,  0.44199, 465.90234, -25.90004,  8.79148, -0.17534
-1.93427,  0.35359, 465.20068, -26.13060,  9.02489, -0.12274
-1.58258,  0.61879, 464.14819, -26.13060,  8.83039, -0.07014
-1.67050,  0.26519, 464.84985, -26.28431,  8.94709, -0.05260
-2.11011,  0.17680, 464.84985, -26.28431,  8.94709, -0.10521
-1.58258,  0.17680, 462.74487, -26.32274,  8.94709, -0.10521
-2.02219,  0.35359, 465.20068, -26.59173,  9.02489,  0.00000
-2.19803,  0.35359, 463.44653, -26.70701,  9.10269,  0.00000
-2.46179, -0.17680, 462.74487, -26.82229,  8.94709, -0.05260
-2.11011, -0.53039, 465.55151, -27.05286,  9.10269,  0.03507
-2.19803, -0.26519, 464.49902, -26.86072,  8.98599, -0.05260
-1.84634, -0.26519, 464.84985, -27.20657,  8.90819,  0.03507
-1.67050, -0.35359, 465.90234, -27.20657,  9.02489,  0.05260
-1.67050, -0.61879, 465.20068, -27.20657,  8.90819,  0.00000
-1.58258,  0.00000, 466.25317, -27.24500,  8.83039,  0.08767
-1.75842, -0.44199, 464.14819, -27.24500,  8.90819,  0.05260
-1.40674,  0.08840, 466.60400, -27.20657,  8.48028,  0.05260
-1.23090, -0.26519, 467.65649, -27.20657,  8.67478,  0.08767
-1.75842,  0.08840, 465.90234, -27.16814,  8.55808,  0.12274
-1.75842,  0.00000, 466.60400, -27.20657,  8.59698,  0.07014
-0.87921,  0.00000, 465.55151, -27.32185,  8.24688,  0.07014
-1.05505, -0.08840, 464.84985, -27.16814,  8.44138,  0.07014
-1.05505, -0.35359, 463.09570, -27.01443,  8.32468,  0.14027
-1.05505,  0.44199, 462.74487, -27.01443,  8.13018,  0.08767
-0.79129,  0.35359, 465.55151, -26.93758,  7.93568, -0.01753
-0.96713,  0.26519, 465.20068, -27.05286,  7.78008,  0.05260
-0.52753,  0.26519, 465.55151, -26.93758,  7.85788,  0.03507
-0.87921,  0.00000, 465.20068, -27.05286,  7.78008,  0.07014
-0.52753, -0.08840, 465.55151, -26.97600,  7.89678,  0.05260
-0.17584, -0.17680, 466.60400, -27.12971,  7.62447, -0.01753
-0.52753,  0.26519, 466.60400, -27.16814,  7.78008,  0.00000
-0.61545, -0.17680, 465.20068, -27.12971,  7.74117,  0.03507
-0.26376, -0.26519, 467.30566, -27.28342,  7.70227,  0.05260
-0.43961, -0.44199, 465.90234, -27.28342,  7.70227, -0.05260
-0.52753, -0.08840, 465.55151, -27.32185,  7.54667,  0.01753
-0.52753, -0.26519, 465.55151, -27.28342,  7.93568, -0.01753
-0.70337, -0.17680, 464.49902, -27.28342,  7.66337, -0.03507
-0.79129, -0.08840, 464.49902, -27.16814,  7.85788, -0.03507
-0.43961, -0.26519, 463.79736, -27.20657,  7.62447,  0.01753
-0.43961, -0.44199, 466.25317, -27.24500,  7.89678,  0.01753
-0.52753,  0.00000, 464.84985, -27.32185,  7.78008, -0.07014
-0.87921, -0.08840, 463.09570, -27.16814,  7.74117, -0.03507
-0.43961, -0.44199, 464.84985, -27.36028,  7.85788, -0.05260
-0.43961, -0.44199, 465.55151, -27.39870,  7.74117,  0.05260
-0.43961, -0.70718, 464.84985, -27.36028,  7.85788, -0.07014
-0.52753, -0.35359, 464.14819, -27.32185,  7.93568,  0.00000
-0.70337, -0.61879, 464.14819, -27.55241,  7.74117, -0.01753
-0.35168, -0.26519, 464.49902, -27.51398,  7.81898, -0.01753
-0.52753, -0.35359, 464.84985, -27.47556,  7.70227,  0.00000
-0.52753, -0.61879, 465.90234, -27.51398,  7.70227,  0.00000
-0.35168, -0.35359, 465.20068, -27.59084,  7.74117, -0.01753
-0.17584, -0.17680, 465.20068, -27.66769,  7.81898,  0.00000
 0.00000,  0.00000, 465.20068, -27.66769,  7.62447, -0.05260
-0.61545, -0.17680, 465.55151, -27.59084,  7.50777,  0.03507
-0.35168,  0.08840, 464.14819, -27.59084,  7.54667,  0.05260
-0.17584, -0.17680, 465.90234, -27.74455,  7.39107, -0.07014
-0.35168,  0.00000, 464.49902, -27.70612,  7.39107,  0.05260
-0.17584,  0.44199, 464.14819, -27.51398,  7.46887,  0.05260
-0.17584,  0.17680, 464.84985, -27.59084,  7.31327,  0.03507
-0.26376,  0.00000, 463.44653, -27.43713,  7.35217,  0.03507
-0.35168,  0.08840, 466.60400, -27.39870,  7.27437, -0.01753
-0.26376,  0.17680, 464.49902, -27.36028,  7.23547,  0.03507
 0.08792,  0.44199, 463.79736, -27.20657,  7.07987,  0.05260
 0.00000,  0.53039, 464.49902, -27.32185,  7.19657,  0.01753
-0.43961,  0.88398, 464.84985, -27.16814,  7.11877,  0.01753
-0.08792,  0.35359, 466.60400, -27.16814,  7.07987,  0.03507
-0.35168,  0.53039, 464.49902, -27.01443,  7.07987,  0.05260
-0.43961,  0.88398, 464.84985, -26.78387,  7.04097,  0.07014
-0.17584,  0.70718, 465.90234, -26.59173,  7.00207,  0.07014
-0.35168,  0.88398, 464.49902, -26.51487,  7.15767,  0.12274
-0.61545,  1.67956, 465.55151, -26.47645,  7.04097,  0.07014
-0.43961,  1.59116, 464.14819, -26.09217,  6.92427,  0.08767
-0.43961,  1.32597, 464.49902, -26.13060,  6.88537,  0.10521
-0.43961,  1.41437, 464.84985, -26.05375,  6.92427,  0.08767
-0.26376,  1.41437, 464.49902, -26.05375,  6.92427,  0.01753
-0.26376,  1.32597, 464.84985, -25.93847,  6.80757,  0.07014
-0.43961,  0.88398, 463.79736, -26.20745,  6.92427,  0.14027
-0.17584,  0.70718, 463.44653, -26.01532,  6.72976,  0.01753
-0.35168,  1.14917, 464.49902, -26.24588,  6.88537,  0.08767
-0.70337,  1.14917, 464.84985, -26.24588,  7.00207,  0.03507
-0.26376,  1.23757, 463.79736, -26.28431,  6.88537, -0.03507
-0.08792,  0.79558, 465.90234, -26.55330,  6.76867,  0.01753
 0.00000,  0.70718, 464.14819, -26.59173,  6.61306, -0.01753
-0.35168,  0.53039, 464.14819, -26.66858,  6.65196,  0.00000
-0.17584,  0.53039, 462.74487, -26.66858,  6.65196, -0.03507
 0.00000,  0.08840, 464.49902, -26.86072,  6.88537, -0.01753
-0.35168,  0.61879, 465.55151, -26.78387,  6.61306, -0.07014
-0.26376,  0.53039, 464.14819, -27.09129,  6.76867,  0.00000
-0.43961,  0.26519, 465.20068, -27.05286,  6.72976, -0.01753
-0.17584,  0.08840, 464.14819, -27.20657,  6.69086,  0.00000
-0.08792,  0.26519, 464.14819, -27.28342,  6.65196,  0.01753
-0.17584,  0.35359, 464.49902, -27.20657,  6.61306,  0.01753
-0.52753, -0.08840, 464.49902, -27.55241,  6.80757,  0.00000
 0.00000,  0.44199, 465.20068, -27.82140,  6.76867,  0.00000
-0.26376, -0.17680, 465.55151, -27.55241,  6.72976, -0.07014
-0.26376, -0.08840, 464.49902, -27.59084,  6.65196, -0.03507
-0.17584, -0.26519, 466.25317, -27.74455,  6.61306,  0.05260
-0.17584,  0.26519, 467.30566, -27.78298,  6.45746, -0.03507
-0.17584,  0.26519, 465.90234, -27.66769,  6.53526,  0.03507
 0.00000,  0.00000, 465.55151, -27.70612,  6.53526,  0.14027
-0.35168,  0.35359, 466.25317, -27.59084,  6.34076,  0.00000
 0.08792,  0.26519, 466.95483, -27.47556,  6.57416,  0.01753
 0.26376,  0.35359, 464.49902, -27.59084,  6.10736,  0.05260
 0.17584,  0.70718, 463.79736, -27.36028,  6.10736,  0.05260
 0.08792,  0.44199, 464.14819, -27.51398,  6.34076,  0.07014
 0.26376,  0.17680, 465.55151, -27.39870,  6.26296,  0.07014
 0.17584,  0.35359, 463.79736, -27.55241,  6.34076,  0.07014
 0.35168,  0.08840, 464.84985, -27.51398,  6.34076,  0.07014
 0.00000,  0.08840, 465.55151, -27.43713,  6.10736, -0.05260
 0.08792,  0.26519, 465.55151, -27.39870,  6.41856,  0.00000
 0.00000,  0.70718, 465.20068, -27.28342,  6.22406,  0.07014
 0.00000,  0.61879, 465.20068, -27.20657,  6.18516,  0.01753
-0.08792,  0.79558, 464.49902, -27.16814,  6.26296,  0.03507
-0.08792,  0.53039, 465.20068, -27.24500,  6.30186,  0.03507
 0.17584,  0.88398, 464.84985, -27.09129,  6.30186,  0.08767
 0.00000,  0.79558, 466.60400, -26.97600,  6.14626,  0.12274
 0.00000,  1.06078, 465.90234, -26.93758,  6.06846,  0.01753
 0.26376,  0.61879, 463.79736, -27.01443,  6.02956,  0.10521
 0.43961,  0.70718, 464.49902, -26.97600,  5.99066,  0.15781
 0.17584,  0.97238, 464.49902, -26.89915,  5.67945,  0.07014
 0.08792,  0.97238, 465.55151, -27.09129,  5.95176,  0.17534
 0.43961,  0.61879, 463.79736, -27.01443,  5.79616,  0.08767
 0.35168,  0.70718, 468.00732, -27.09129,  5.83506,  0.14027
 0.52753,  0.35359, 465.90234, -27.05286,  5.87396,  0.17534
-0.08792,  0.35359, 464.84985, -27.20657,  5.71836,  0.05260
 0.43961,  0.26519, 464.84985, -27.09129,  5.60165,  0.08767
 0.35168,  0.53039, 462.74487, -27.12971,  5.60165,  0.01753
 0.35168,  0.70718, 464.49902, -27.28342,  5.64055,  0.01753
 0.43961,  0.35359, 465.55151, -27.09129,  5.32935,  0.14027
 0.79129,  0.53039, 465.20068, -27.28342,  5.25155,  0.14027
 0.87921,  0.53039, 465.20068, -27.32185,  5.48495,  0.10521
 0.35168,  0.61879, 465.55151, -27.36028,  5.36825,  0.08767
 0.87921,  0.17680, 466.60400, -27.24500,  5.48495,  0.07014
 1.05505,  0.44199, 465.55151, -27.62927,  5.32935,  0.05260
 0.52753,  0.44199, 463.79736, -27.20657,  5.29045,  0.10521
 0.79129,  0.26519, 465.90234, -27.36028,  5.44605,  0.07014
 0.17584,  0.26519, 466.25317, -27.39870,  5.36825,  0.00000
 0.35168,  0.79558, 464.49902, -27.47556,  5.60165,  0.08767
 0.35168,  0.35359, 465.55151, -27.36028,  5.71836,  0.05260
 0.35168,  0.44199, 464.84985, -27.28342,  5.64055,  0.08767
 0.35168,  0.44199, 465.20068, -27.39870,  5.79616,  0.03507
 0.00000,  0.44199, 464.84985, -27.32185,  5.79616,  0.07014
 0.43961,  0.61879, 466.95483, -27.28342,  5.91286,  0.01753
 0.70337,  0.79558, 466.60400, -27.12971,  5.91286,  0.01753
 0.26376,  0.79558, 465.55151, -27.36028,  6.10736,  0.01753
 0.43961,  0.26519, 465.55151, -27.39870,  6.14626,  0.00000
 0.35168,  0.70718, 465.55151, -27.28342,  6.37966, -0.01753
-0.26376,  0.79558, 466.25317, -27.28342,  6.34076, -0.01753
-0.17584,  0.61879, 465.90234, -27.24500,  6.72976, -0.05260
-0.70337,  0.61879, 465.20068, -27.24500,  6.80757, -0.03507
-0.61545,  0.70718, 465.90234, -27.09129,  6.92427, -0.01753
-0.43961,  0.61879, 464.49902, -27.01443,  7.07987, -0.01753
-0.70337,  0.97238, 467.65649, -27.12971,  7.31327, -0.03507
-1.14297,  0.88398, 464.49902, -26.93758,  7.27437, -0.05260
-1.14297,  0.53039, 464.49902, -27.16814,  7.31327, -0.03507
-1.23090,  0.61879, 465.55151, -27.24500,  7.46887, -0.07014
-0.87921,  0.53039, 465.90234, -27.12971,  7.46887,  0.07014
-1.14297,  0.79558, 464.49902, -27.05286,  7.54667,  0.00000
-0.61545,  0.79558, 466.25317, -27.12971,  7.70227,  0.01753
-1.05505,  0.70718, 464.49902, -27.24500,  7.50777,  0.01753
-1.23090,  0.61879, 465.20068, -27.28342,  7.58557, -0.03507
-0.79129,  0.97238, 467.65649, -27.24500,  7.35217, -0.03507
-0.79129,  1.23757, 465.20068, -27.47556,  7.23547, -0.03507
-0.70337,  1.06078, 465.90234, -27.36028,  7.39107,  0.01753
-0.52753,  1.23757, 463.44653, -27.43713,  7.39107,  0.00000
-1.14297,  1.14917, 465.90234, -27.59084,  7.15767, -0.05260
-0.70337,  0.26519, 465.20068, -27.43713,  7.23547, -0.07014
-0.70337,  1.23757, 464.49902, -27.55241,  7.11877, -0.05260
-1.05505,  0.79558, 463.79736, -27.55241,  7.15767, -0.07014
-0.70337,  0.70718, 465.20068, -27.55241,  7.00207, -0.07014
-0.70337,  0.97238, 463.09570, -27.43713,  7.07987,  0.00000
-0.52753,  1.32597, 464.84985, -27.43713,  7.00207, -0.07014
-0.79129,  0.79558, 464.14819, -27.51398,  6.84647, -0.01753
-0.43961,  1.14917, 465.55151, -27.66769,  6.80757,  0.07014
-0.87921,  1.06078, 468.00732, -27.62927,  6.88537,  0.01753
-0.43961,  0.97238, 465.90234, -27.78298,  6.72976,  0.05260
-0.08792,  0.61879, 465.20068, -27.70612,  6.72976, -0.03507
-0.52753,  0.70718, 467.30566, -27.85983,  6.57416,  0.03507
-0.17584,  0.79558, 464.84985, -27.70612,  6.72976,  0.03507
-0.43961,  0.70718, 465.90234, -27.85983,  6.61306,  0.01753
-0.26376,  0.70718, 467.65649, -27.93669,  6.49636,  0.07014
-0.17584,  0.79558, 466.25317, -28.09040,  6.49636,  0.03507
 0.08792,  0.97238, 465.20068, -27.93669,  6.37966, -0.03507
-0.08792,  0.61879, 464.14819, -27.93669,  6.41856,  0.01753
 0.35168,  0.35359, 464.14819, -27.97511,  6.30186,  0.07014
-0.08792,  0.61879, 464.14819, -28.16725,  6.49636,  0.08767
 0.08792,  0.70718, 463.09570, -28.35939,  6.22406,  0.03507
 0.26376,  0.17680, 464.14819, -28.24411,  6.41856,  0.05260
 0.26376,  0.44199, 466.25317, -28.39782,  6.37966,  0.05260
 0.08792, -0.08840, 465.90234, -28.32096,  6.37966, -0.01753
 0.26376,  0.17680, 465.90234, -28.47467,  6.41856,  0.10521
 0.08792,  0.00000, 464.14819, -28.39782,  6.45746,  0.08767
 0.08792,  0.26519, 464.84985, -28.32096,  6.37966,  0.03507
 0.26376,  0.08840, 466.25317, -28.47467,  6.45746,  0.05260
-0.08792,  0.17680, 464.14819, -28.51310,  6.45746,  0.07014
 0.08792,  0.53039, 465.55151, -28.35939,  6.26296,  0.05260
 0.08792,  0.53039, 462.04321, -28.66681,  6.45746,  0.08767
 0.35168,  0.53039, 465.90234, -28.55153,  6.57416,  0.03507
 0.08792,  0.61879, 466.25317, -28.47467,  6.65196,  0.07014
 0.00000,  0.35359, 465.20068, -28.32096,  6.69086,  0.01753
 0.17584,  0.17680, 465.20068, -28.47467,  6.80757, -0.03507
-0.35168,  0.44199, 465.55151, -28.55153,  6.80757, -0.01753
-0.35168,  0.61879, 464.49902, -28.51310,  6.88537,  0.05260
-0.17584,  0.61879, 464.49902, -28.66681,  6.88537,  0.01753
-0.26376,  0.53039, 465.55151, -28.74366,  7.07987,  0.07014
-0.17584,  0.35359, 466.95483, -28.85894,  7.00207,  0.01753
-0.35168,  0.17680, 465.90234, -28.70523,  7.39107,  0.01753
-0.26376,  0.53039, 465.20068, -28.70523,  7.19657,  0.05260
-0.26376,  0.35359, 464.84985, -29.01265,  7.11877,  0.03507
-0.61545,  0.53039, 463.79736, -28.89737,  7.35217,  0.05260
-0.70337,  0.26519, 465.20068, -29.12793,  7.39107,  0.01753
-0.79129,  0.44199, 465.20068, -28.97422,  7.46887, -0.03507
-0.26376,  0.35359, 466.25317, -28.93580,  7.31327,  0.00000
-1.05505,  0.44199, 464.14819, -29.01265,  7.39107,  0.03507
-0.52753,  0.00000, 464.84985, -29.16636,  7.42997, -0.03507
-0.52753,  0.08840, 465.20068, -29.20479,  7.58557,  0.01753
-0.96713,  0.26519, 464.14819, -29.20479,  7.54667,  0.01753
-0.26376,  0.35359, 465.55151, -29.28164,  7.39107,  0.07014
-0.35168,  0.17680, 466.95483, -29.24322,  7.46887,  0.01753
-0.43961,  0.08840, 465.90234, -29.32007,  7.46887,  0.03507
-0.87921,  0.70718, 466.25317, -29.32007,  7.35217,  0.01753
-0.79129,  0.44199, 465.55151, -29.43535,  7.46887, -0.01753
-0.43961,  0.08840, 465.55151, -29.35850,  7.31327,  0.00000
 0.00000,  0.53039, 464.14819, -29.39693,  7.31327,  0.07014
-0.35168,  0.88398, 465.55151, -29.24322,  7.31327,  0.03507
-0.35168,  0.70718, 464.49902, -29.32007,  7.42997,  0.01753
-0.43961,  0.79558, 465.20068, -29.28164,  7.23547,  0.05260
-0.26376,  0.79558, 463.79736, -29.32007,  7.27437,  0.03507
-0.26376,  0.44199, 465.90234, -29.43535,  7.31327,  0.00000
-0.61545,  0.44199, 464.84985, -29.47378,  7.39107, -0.03507
-0.26376,  0.97238, 465.90234, -29.47378,  7.35217, -0.03507
-0.61545,  0.61879, 464.84985, -29.55064,  7.23547,  0.01753
-0.35168,  0.35359, 465.20068, -29.66592,  7.23547,  0.00000
-0.26376,  0.44199, 465.90234, -29.70435,  7.31327, -0.03507
-0.35168,  0.35359, 466.25317, -29.81963,  7.15767,  0.03507
-0.61545,  0.44199, 464.49902, -29.78120,  7.54667,  0.00000
-0.35168,  0.26519, 465.20068, -29.93491,  7.31327,  0.00000
 0.00000,  0.26519, 464.84985, -30.01176,  7.15767, -0.03507
-0.26376,  0.17680, 464.14819, -30.01176,  7.35217, -0.05260
-0.61545,  0.61879, 464.14819, -30.31918,  7.35217,  0.00000
-0.26376,  0.35359, 465.90234, -30.20390,  7.11877,  0.07014
-0.17584, -0.17680, 464.84985, -30.51132,  7.35217, -0.01753
-0.08792, -0.08840, 468.35815, -30.47289,  7.31327,  0.01753
-0.08792,  0.17680, 464.14819, -30.47289,  7.39107,  0.03507
-0.35168, -0.08840, 466.60400, -30.62660,  7.23547, -0.03507
-0.35168, -0.17680, 465.20068, -30.70346,  7.27437,  0.05260
-0.70337,  0.26519, 464.14819, -30.51132,  7.39107, -0.03507
-0.61545,  0.08840, 464.84985, -30.70346,  7.35217, -0.01753
-0.52753, -0.26519, 465.20068, -30.70346,  7.39107,  0.00000
-0.52753, -0.44199, 464.14819, -30.93402,  7.62447, -0.05260
-0.70337, -0.88398, 465.20068, -30.89559,  7.54667, -0.01753
-0.61545, -0.26519, 465.55151, -31.24144,  7.74117, -0.05260
-0.79129, -0.97238, 465.90234, -31.27987,  7.89678, -0.07014
-0.70337, -1.06078, 463.44653, -31.39515,  7.78008, -0.12274
-1.23090, -1.14917, 465.90234, -31.66414,  8.16908, -0.05260
-0.96713, -0.97238, 464.49902, -31.77942,  8.13018, -0.08767
-1.40674, -1.23757, 464.14819, -31.85628,  8.44138, -0.01753
-1.23090, -1.41437, 464.49902, -32.16370,  8.44138, -0.05260
-1.58258, -1.32597, 464.49902, -31.89470,  8.44138, -0.03507
-1.49466, -0.61879, 464.84985, -31.97156,  8.59698, -0.03507
-1.75842, -0.53039, 464.84985, -31.51043,  8.71368, -0.03507
-1.93427,  0.17680, 463.44653, -31.58728,  8.59698, -0.07014
-1.31882,  0.00000, 463.79736, -31.35672,  8.44138,  0.05260
-1.93427,  0.17680, 462.39404, -31.31829,  8.32468,  0.01753
-1.58258,  0.26519, 463.44653, -31.35672,  8.36358,  0.01753
-1.14297, -0.35359, 465.55151, -31.58728,  8.36358,  0.01753
-1.67050, -0.26519, 464.84985, -31.54886,  8.24688,  0.03507
-1.23090, -0.44199, 467.30566, -31.47200,  8.09128,  0.01753
-1.14297, -0.17680, 466.60400, -31.43357,  7.97458, -0.05260
-1.31882, -0.26519, 467.30566, -31.47200,  7.85788, -0.07014
-1.23090,  0.08840, 466.95483, -31.35672,  7.85788, -0.05260
-1.31882,  0.00000, 466.25317, -31.16459,  7.62447, -0.10521
-1.05505,  0.44199, 466.25317, -31.08773,  7.50777, -0.03507
-0.87921,  0.00000, 466.25317, -31.08773,  7.50777, -0.07014
-0.61545,  0.17680, 463.79736, -31.20301,  7.39107, -0.07014
-0.52753,  0.08840, 465.20068, -31.04930,  7.11877, -0.08767
-0.43961, -0.08840, 464.84985, -31.16459,  6.92427, -0.05260
-0.17584, -0.17680, 465.55151, -31.27987,  7.07987, -0.05260
-0.52753, -0.26519, 464.49902, -31.24144,  7.04097, -0.07014
-0.43961, -0.26519, 463.44653, -31.35672,  6.88537, -0.07014
 0.00000, -0.35359, 463.44653, -31.43357,  6.96317, -0.03507
 0.00000, -0.61879, 465.55151, -31.58728,  6.80757, -0.05260
-0.43961, -1.14917, 464.14819, -31.81785,  6.84647, -0.10521
-0.61545, -1.50277, 464.49902, -31.97156,  6.72976, -0.10521
-0.26376, -1.67956, 466.60400, -32.35583,  6.92427, -0.15781
-0.26376, -1.59116, 465.55151, -32.31741,  7.04097, -0.05260
-0.35168, -1.59116, 464.84985, -32.50954,  7.11877, -0.08767
-0.08792, -1.76796, 464.84985, -32.31741,  7.00207, -0.05260
-0.43961, -1.23757, 464.49902, -32.31741,  6.84647, -0.05260
 0.00000, -1.23757, 465.20068, -32.47112,  6.84647,  0.01753
-0.52753, -1.23757, 463.79736, -32.27898,  6.84647,  0.01753
-0.35168, -1.14917, 464.14819, -32.24055,  6.61306,  0.05260
-0.70337, -0.97238, 462.39404, -32.00999,  6.72976,  0.03507
-0.70337, -0.70718, 463.44653, -32.04842,  6.92427,  0.03507
-0.43961, -0.70718, 465.20068, -32.04842,  6.76867,  0.01753
-0.61545, -0.79558, 463.79736, -31.85628,  7.00207, -0.07014
-0.61545, -0.79558, 465.55151, -32.00999,  7.07987, -0.05260
-0.43961, -1.14917, 467.30566, -31.77942,  6.88537,  0.01753
-0.87921, -1.14917, 464.84985, -31.85628,  7.04097,  0.03507
-0.52753, -0.53039, 465.55151, -31.51043,  6.76867, -0.01753
-0.35168, -0.44199, 465.55151, -31.58728,  6.96317,  0.03507
-0.96713, -0.61879, 464.84985, -31.54886,  6.72976,  0.00000
-0.35168, -0.26519, 465.90234, -31.39515,  6.72976,  0.01753
-0.70337,  0.35359, 465.90234, -30.85717,  6.57416,  0.10521
-0.52753,  0.35359, 464.84985, -30.97245,  6.61306,  0.07014
-0.61545,  0.44199, 465.55151, -30.74188,  6.69086,  0.08767
-0.70337,  0.53039, 466.25317, -30.54975,  6.49636,  0.12274
-0.52753,  0.70718, 465.20068, -30.28075,  6.61306,  0.05260
-0.43961,  0.08840, 464.49902, -30.16547,  6.41856,  0.08767
-0.79129,  0.17680, 465.90234, -30.24233,  6.57416,  0.10521
-0.26376,  0.44199, 466.25317, -30.28075,  6.37966,  0.03507
-1.14297,  0.53039, 465.55151, -30.24233,  6.57416,  0.08767
-0.87921,  0.17680, 467.65649, -30.35761,  6.45746,  0.07014
-0.70337,  0.08840, 463.09570, -30.20390,  6.41856,  0.03507
-0.43961,  0.00000, 463.44653, -30.12704,  6.18516,  0.00000
-0.52753, -0.08840, 465.20068, -30.35761,  6.34076,  0.05260
-0.35168,  0.17680, 466.60400, -30.28075,  6.18516,  0.08767
-0.26376,  0.17680, 465.20068, -30.20390,  5.95176,  0.07014
-0.52753, -0.35359, 464.49902, -30.28075,  5.87396,  0.14027
 0.00000,  0.08840, 464.84985, -30.28075,  5.79616,  0.05260
-0.26376, -0.08840, 465.55151, -30.35761,  5.64055,  0.14027
-0.17584,  0.00000, 466.95483, -30.43446,  5.64055,  0.07014
 0.00000, -0.17680, 464.84985, -30.35761,  5.56275,  0.10521
 0.00000,  0.00000, 466.60400, -30.31918,  5.75726,  0.12274
-0.08792,  0.17680, 465.55151, -30.16547,  5.52385,  0.10521
-0.17584, -0.08840, 464.14819, -30.01176,  5.67945,  0.10521
-0.26376, -0.17680, 464.84985, -29.93491,  5.56275,  0.03507
 0.00000,  0.35359, 463.44653, -29.78120,  5.56275,  0.10521
-0.08792,  0.44199, 463.44653, -29.97334,  5.56275,  0.12274
 0.08792,  0.26519, 463.79736, -29.62749,  5.56275,  0.00000
-0.17584,  0.70718, 462.74487, -29.39693,  5.48495,  0.05260
 0.17584,  0.61879, 464.84985, -29.58906,  5.48495,  0.01753
-0.26376,  0.88398, 464.84985, -29.24322,  5.25155,  0.03507
 0.26376,  0.70718, 465.90234, -29.20479,  5.32935,  0.07014
-0.08792,  0.88398, 464.84985, -29.16636,  5.44605, -0.03507
 0.00000,  0.79558, 465.20068, -29.12793,  5.17375,  0.08767
 0.26376,  0.88398, 466.60400, -29.01265,  5.29045,  0.08767
 0.08792,  0.97238, 467.30566, -29.05108,  5.21265,  0.12274
-0.43961,  1.06078, 465.90234, -28.97422,  5.17375, -0.01753
-0.43961,  0.70718, 468.00732, -28.97422,  5.21265,  0.00000
 0.43961,  0.88398, 465.55151, -29.01265,  5.13485,  0.01753
-0.35168,  0.79558, 466.60400, -29.01265,  5.17375,  0.01753
 0.08792,  0.70718, 465.20068, -29.01265,  5.01815, -0.03507
 0.00000,  0.79558, 464.84985, -28.85894,  5.01815,  0.03507
 0.26376,  0.97238, 464.84985, -28.85894,  4.97925, -0.01753
 0.17584,  0.70718, 463.44653, -28.85894,  4.90145,  0.00000
 0.35168,  0.61879, 463.09570, -28.89737,  4.86255, -0.05260
 0.43961,  0.88398, 463.79736, -29.01265,  4.94035,  0.03507
 0.35168,  0.53039, 465.90234, -28.93580,  4.82365, -0.01753
 0.43961,  0.79558, 465.20068, -28.85894,  4.55134,  0.01753
 0.35168,  0.61879, 464.14819, -28.74366,  4.86255, -0.05260
 0.17584,  0.53039, 464.14819, -28.78209,  4.74585, -0.01753
 0.43961,  0.00000, 465.20068, -29.01265,  4.59024,  0.05260
 0.43961,  0.00000, 464.49902, -29.12793,  4.66805,  0.01753
 0.35168,  0.00000, 465.20068, -28.93580,  4.59024, -0.03507
 0.17584,  0.00000, 466.25317, -29.08951,  4.55134, -0.05260
 0.35168,  0.53039, 466.25317, -28.85894,  4.35684, -0.01753
 0.52753,  0.26519, 463.79736, -28.97422,  4.59024,  0.01753
 0.52753,  0.26519, 465.20068, -28.82051,  4.47354, -0.03507
 0.70337,  0.00000, 466.95483, -28.89737,  4.47354,  0.00000
 0.52753,  0.17680, 466.25317, -29.01265,  4.47354,  0.03507
 0.52753,  0.17680, 463.44653, -28.93580,  4.55134,  0.03507
 0.52753,  0.00000, 465.90234, -28.70523,  4.39574,  0.01753
 0.17584,  0.17680, 465.55151, -28.82051,  4.31794,  0.07014
 0.26376,  0.44199, 465.90234, -28.97422,  4.51244, -0.01753
 0.26376,  0.35359, 465.90234, -29.01265,  4.55134,  0.07014
 0.08792,  0.26519, 464.84985, -28.97422,  4.62914,  0.01753
 0.17584, -0.08840, 466.95483, -28.82051,  4.51244,  0.03507
-0.26376, -0.35359, 466.95483, -28.85894,  4.74585, -0.07014
 0.00000, -0.08840, 465.90234, -28.93580,  4.59024,  0.00000
 0.08792,  0.35359, 466.25317, -28.89737,  4.62914,  0.00000
-0.08792, -0.17680, 464.84985, -28.74366,  4.62914, -0.01753
-0.17584, -0.44199, 465.55151, -28.74366,  4.62914,  0.08767
 0.08792,  0.00000, 464.49902, -28.62838,  4.78475,  0.10521
-0.35168,  0.08840, 464.49902, -28.55153,  4.66805,  0.05260
-0.08792,  0.53039, 465.20068, -28.43624,  4.62914,  0.03507
-0.26376,  0.17680, 464.84985, -28.28253,  4.74585,  0.01753
-0.08792,  0.17680, 463.79736, -28.12882,  4.70695,  0.05260
 0.00000,  0.26519, 465.20068, -28.09040,  4.59024,  0.12274
-0.08792,  0.61879, 465.90234, -27.97511,  4.55134,  0.03507
-0.17584,  0.88398, 465.20068, -27.78298,  4.70695,  0.10521
 0.17584,  1.32597, 465.20068, -27.36028,  4.66805,  0.14027
 0.08792,  1.06078, 465.90234, -27.24500,  4.59024,  0.08767
 0.43961,  1.14917, 464.49902, -27.20657,  4.55134,  0.12274
-0.08792,  1.32597, 465.90234, -27.05286,  4.51244,  0.07014
 0.08792,  1.76796, 465.90234, -26.89915,  4.43464,  0.08767
 0.08792,  1.94476, 464.14819, -26.78387,  4.39574,  0.14027
-0.17584,  2.03315, 464.84985, -26.63016,  4.27904,  0.14027
 0.17584,  1.59116, 464.14819, -26.47645,  4.43464,  0.08767
 0.43961,  1.85636, 465.90234, -26.36116,  4.35684,  0.12274
 0.08792,  1.50277, 465.20068, -26.32274,  4.31794,  0.14027
 0.43961,  1.59116, 463.44653, -26.28431,  4.27904,  0.14027
 0.52753,  1.41437, 466.25317, -26.36116,  4.24014,  0.03507
-0.08792,  1.59116, 465.90234, -26.43802,  4.12344,  0.10521
 0.17584,  1.85636, 467.65649, -26.20745,  4.47354,  0.03507
-0.17584,  1.76796, 465.90234, -26.47645,  4.39574,  0.03507
 0.35168,  1.76796, 464.84985, -26.51487,  4.27904,  0.10521
-0.08792,  2.03315, 465.55151, -26.32274,  4.35684,  0.07014
 0.08792,  1.59116, 464.84985, -26.74544,  4.35684,  0.05260
 0.17584,  1.50277, 465.55151, -26.63016,  4.39574,  0.03507
 0.08792,  1.23757, 465.20068, -26.78387,  4.31794,  0.03507
-0.08792,  1.32597, 466.25317, -26.89915,  4.27904, -0.01753
 0.26376,  1.06078, 466.60400, -26.93758,  4.35684,  0.05260
 0.35168,  1.06078, 466.60400, -26.93758,  4.55134,  0.03507
 0.08792,  1.06078, 465.55151, -26.93758,  4.27904,  0.03507
 0.35168,  0.97238, 465.20068, -27.05286,  4.51244,  0.01753
 0.35168,  1.50277, 464.84985, -27.01443,  4.43464,  0.05260
 0.35168,  0.61879, 464.49902, -27.16814,  4.51244,  0.10521
-0.17584,  0.61879, 463.44653, -27.16814,  4.51244,  0.01753
 0.26376,  0.88398, 463.79736, -27.12971,  4.47354,  0.01753
 0.00000,  1.06078, 463.09570, -27.12971,  4.78475,  0.05260
 0.35168,  0.88398, 463.09570, -27.24500,  4.74585,  0.01753
 0.00000,  0.53039, 464.49902, -27.20657,  4.86255,  0.01753
-0.17584,  0.26519, 463.79736, -27.28342,  4.82365,  0.01753
-0.17584,  0.08840, 464.14819, -27.43713,  4.90145, -0.03507
-0.17584,  0.44199, 464.49902, -27.24500,  5.01815,  0.07014
-0.08792,  0.79558, 465.90234, -27.47556,  5.01815,  0.01753
-0.61545,  0.61879, 465.55151, -27.43713,  5.13485, -0.07014
-0.26376,  0.79558, 464.84985, -27.55241,  5.01815,  0.00000
-0.17584,  0.35359, 465.55151, -27.51398,  5.17375, -0.03507
-0.35168,  0.61879, 466.25317, -27.36028,  5.32935, -0.05260
-0.52753,  0.61879, 464.84985, -27.55241,  5.29045, -0.05260
-0.70337,  0.70718, 465.55151, -27.47556,  5.36825, -0.03507
-1.05505,  0.53039, 465.20068, -27.55241,  5.32935,  0.00000
-0.79129,  0.79558, 466.25317, -27.51398,  5.52385, -0.03507
-0.79129,  0.79558, 465.55151, -27.39870,  5.36825,  0.00000
-0.87921,  1.41437, 465.55151, -27.51398,  5.40715, -0.01753
-0.35168,  1.14917, 462.39404, -27.39870,  5.52385, -0.10521
-0.52753,  1.06078, 465.55151, -27.70612,  5.44605, -0.01753
-0.79129,  0.79558, 466.95483, -27.59084,  5.48495, -0.01753
-0.61545,  1.06078, 466.95483, -27.70612,  5.48495,  0.00000
-0.79129,  0.70718, 466.95483, -27.66769,  5.52385,  0.03507
-0.52753,  0.44199, 465.90234, -27.85983,  5.25155, -0.08767
-0.52753,  0.26519, 465.90234, -27.82140,  5.29045, -0.14027
-0.70337,  0.44199, 466.25317, -27.74455,  5.36825,  0.01753
-0.79129,  0.44199, 465.55151, -27.85983,  5.09595, -0.07014
-0.35168,  0.35359, 465.90234, -27.74455,  5.29045, -0.05260
-0.43961,  0.26519, 465.90234, -27.93669,  5.21265,  0.00000
-0.70337,  0.17680, 464.14819, -27.82140,  5.17375, -0.03507
-0.52753,  0.44199, 463.79736, -27.82140,  5.36825,  0.01753
-0.35168,  0.35359, 462.04321, -27.93669,  5.32935,  0.00000
-0.35168,  0.26519, 464.49902, -27.89826,  5.17375, -0.08767
-0.35168,  0.35359, 465.20068, -27.97511,  5.17375,  0.00000
-0.35168, -0.26519, 464.49902, -27.97511,  5.21265, -0.05260
-0.26376,  0.08840, 464.84985, -28.05197,  5.09595,  0.01753
-0.26376,  0.08840, 464.14819, -27.97511,  5.21265,  0.03507
-0.61545,  0.00000, 464.84985, -28.12882,  5.05705, -0.03507
 0.00000,  0.17680, 464.84985, -28.12882,  5.05705, -0.03507
-0.70337, -0.17680, 466.60400, -28.28253,  5.09595, -0.01753
-0.43961,  0.26519, 465.90234, -28.32096,  5.17375,  0.00000
-0.35168,  0.08840, 466.60400, -28.51310,  4.97925,  0.10521
-0.43961, -0.35359, 466.25317, -28.43624,  4.90145,  0.08767
 0.26376, -0.26519, 465.20068, -28.66681,  5.13485,  0.05260
 0.08792,  0.08840, 465.55151, -28.74366,  4.82365,  0.03507
 0.35168,  0.00000, 466.25317, -28.74366,  4.86255,  0.03507
 0.52753, -0.26519, 466.25317, -28.58995,  4.82365,  0.01753
 0.52753, -0.17680, 464.84985, -28.82051,  5.01815,  0.01753
 0.43961, -0.17680, 464.49902, -28.70523,  4.82365,  0.05260
 0.08792, -0.08840, 463.79736, -28.58995,  4.74585,  0.07014
 0.08792, -0.08840, 464.49902, -28.62838,  4.78475,  0.05260
-0.08792, -0.35359, 464.84985, -28.70523,  4.86255,  0.08767
 0.26376, -0.61879, 464.84985, -28.62838,  4.74585,  0.01753
 0.08792, -0.44199, 464.14819, -28.74366,  4.90145,  0.08767
 0.08792, -0.26519, 465.20068, -28.58995,  4.78475,  0.00000
 0.08792,  0.08840, 464.84985, -28.66681,  4.82365,  0.07014
 0.26376,  0.00000, 466.95483, -28.43624,  5.01815,  0.01753
 0.08792, -0.08840, 465.55151, -28.55153,  4.90145,  0.03507
-0.08792, -0.35359, 466.60400, -28.47467,  5.09595,  0.05260
-0.08792, -0.35359, 466.95483, -28.47467,  5.21265,  0.08767
 0.17584, -0.08840, 466.25317, -28.47467,  5.21265,  0.10521
-0.17584, -0.53039, 465.90234, -28.47467,  5.13485,  0.03507
-0.43961, -0.17680, 465.90234, -28.43624,  5.05705,  0.08767
-0.61545, -0.26519, 464.49902, -28.43624,  5.17375,  0.07014
-0.26376, -0.35359, 465.20068, -28.47467,  5.36825,  0.05260
-0.35168,  0.08840, 466.25317, -28.32096,  5.21265,  0.05260
-0.87921, -0.35359, 466.25317, -28.43624,  5.29045,  0.00000
-0.61545,  0.08840, 465.90234, -28.39782,  5.21265,  0.07014
-0.61545, -0.08840, 464.49902, -28.20568,  5.36825,  0.03507
-0.70337, -0.17680, 466.25317, -28.35939,  5.36825,  0.01753
-0.35168, -0.08840, 463.79736, -28.28253,  5.40715,  0.03507
-0.35168,  0.00000, 466.25317, -28.35939,  5.44605,  0.03507
-0.43961, -0.35359, 465.20068, -28.28253,  5.36825,  0.01753
-0.43961, -0.17680, 466.25317, -28.35939,  5.40715,  0.01753
-0.61545, -0.44199, 466.60400, -28.28253,  5.44605,  0.00000
-0.52753, -0.17680, 464.49902, -28.32096,  5.44605,  0.01753
-0.70337, -0.53039, 465.90234, -28.24411,  5.44605,  0.07014
-0.52753,  0.26519, 465.55151, -28.12882,  5.29045,  0.05260
-0.61545, -0.08840, 463.44653, -28.01354,  5.40715,  0.03507
-0.43961,  0.26519, 464.14819, -28.01354,  5.36825,  0.03507
-0.61545, -0.17680, 464.14819, -27.97511,  5.25155,  0.00000
-0.43961,  0.35359, 463.44653, -27.89826,  5.44605, -0.03507
-0.61545,  0.53039, 463.09570, -27.70612,  5.44605,  0.03507
-0.87921,  0.44199, 464.84985, -27.89826,  5.32935, -0.01753
-0.87921,  0.70718, 464.14819, -27.82140,  5.32935, -0.07014
-0.17584,  0.35359, 465.20068, -27.85983,  5.32935, -0.03507
-0.79129,  0.26519, 463.79736, -27.78298,  5.40715,  0.03507
-0.52753,  0.53039, 462.39404, -27.82140,  5.52385, -0.01753
-0.61545,  0.44199, 465.90234, -27.89826,  5.32935,  0.00000
-0.26376,  0.70718, 465.20068, -27.74455,  5.32935, -0.01753
-0.43961,  0.79558, 466.60400, -27.66769,  5.09595,  0.12274
 0.00000,  0.26519, 464.84985, -27.62927,  5.29045,  0.12274
-0.26376,  0.61879, 465.55151, -27.62927,  5.09595,  0.05260
-0.26376,  0.97238, 466.25317, -27.59084,  5.25155,  0.01753
-0.26376,  0.44199, 463.79736, -27.47556,  5.40715,  0.05260
-0.43961,  0.70718, 465.90234, -27.28342,  5.05705, -0.03507
-0.17584,  0.97238, 464.49902, -27.39870,  5.25155,  0.00000
-0.26376,  1.06078, 465.20068, -27.28342,  5.21265,  0.10521
-0.35168,  0.97238, 465.20068, -27.24500,  5.09595,  0.03507
-0.35168,  1.06078, 464.14819, -27.36028,  5.25155,  0.03507
-0.26376,  0.61879, 464.14819, -27.16814,  5.21265,  0.05260
-0.08792,  0.88398, 464.84985, -27.28342,  5.01815,  0.03507
 0.08792,  0.88398, 464.14819, -27.28342,  5.05705,  0.03507
 0.61545,  0.97238, 465.20068, -27.36028,  5.09595,  0.08767
 0.35168,  1.14917, 464.49902, -27.12971,  5.09595, -0.01753
 0.00000,  0.97238, 465.55151, -27.12971,  5.32935, -0.01753
-0.17584,  0.79558, 464.84985, -27.28342,  5.21265,  0.01753
-0.08792,  0.70718, 466.60400, -27.28342,  5.09595,  0.00000
-0.17584,  0.88398, 465.55151, -27.32185,  5.09595, -0.03507
-0.43961,  0.88398, 465.55151, -27.20657,  5.09595, -0.03507
-0.26376,  0.61879, 464.49902, -27.39870,  5.01815,  0.00000
-0.08792,  0.79558, 464.84985, -27.28342,  5.05705, -0.03507
-0.08792,  0.79558, 464.14819, -27.32185,  5.09595,  0.01753
-0.17584,  0.35359, 465.90234, -27.39870,  5.09595,  0.01753
 0.00000,  0.53039, 463.79736, -27.62927,  5.13485,  0.01753
 0.08792,  0.35359, 465.90234, -27.36028,  5.01815,  0.00000
-0.35168,  0.00000, 463.79736, -27.62927,  4.94035,  0.00000
 0.17584,  0.08840, 463.09570, -27.78298,  5.05705,  0.00000
 0.00000, -0.08840, 465.55151, -27.85983,  4.90145,  0.05260
 0.00000, -0.17680, 465.20068, -27.70612,  4.94035,  0.01753
-0.52753,  0.08840, 465.90234, -27.74455,  4.94035, -0.03507
-0.08792,  0.00000, 465.20068, -27.97511,  5.09595,  0.08767
 0.17584, -0.17680, 465.20068, -27.78298,  4.97925,  0.00000
 0.26376,  0.00000, 465.20068, -27.82140,  5.01815,  0.00000
 0.26376, -0.44199, 465.20068, -27.93669,  4.86255,  0.08767
 0.26376, -0.26519, 465.20068, -28.05197,  4.94035, -0.03507
-0.43961, -0.35359, 464.84985, -27.97511,  5.01815,  0.00000
 0.00000,  0.00000, 464.84985, -28.01354,  4.90145, -0.01753
 0.26376, -0.08840, 465.55151, -28.09040,  4.94035,  0.08767
-0.17584,  0.00000, 465.90234, -27.93669,  4.78475, -0.01753
-0.17584, -0.35359, 465.90234, -28.16725,  4.94035,  0.08767
 0.17584, -0.35359, 465.55151, -28.12882,  4.90145, -0.01753
 0.43961, -0.70718, 464.14819, -28.24411,  5.05705,  0.01753
 0.17584, -0.17680, 464.14819, -28.01354,  4.86255,  0.05260
-0.08792, -0.44199, 465.20068, -28.09040,  4.90145, -0.01753
-0.08792,  0.17680, 466.95483, -27.93669,  4.78475, -0.01753
-0.17584,  0.00000, 466.60400, -27.89826,  4.74585,  0.00000
-0.08792,  0.26519, 464.84985, -27.74455,  4.90145,  0.03507
-0.26376,  0.08840, 465.20068, -27.93669,  4.74585,  0.07014
-0.26376,  0.08840, 466.95483, -27.82140,  4.82365,  0.08767
-0.26376,  0.70718, 468.35815, -27.82140,  4.90145,  0.08767
-0.43961,  0.61879, 466.60400, -27.28342,  4.94035,  0.08767
 0.00000,  0.44199, 463.79736, -27.59084,  5.01815,  0.05260
 0.00000,  0.44199, 463.79736, -27.24500,  4.90145,  0.08767
-0.26376,  0.53039, 464.14819, -27.32185,  4.86255,  0.01753
-0.08792,  0.44199, 465.55151, -27.05286,  5.17375,  0.05260
-0.35168,  0.17680, 464.84985, -27.16814,  5.05705,  0.08767
-0.17584,  0.61879, 464.14819, -27.20657,  4.86255,  0.00000
-0.08792,  0.70718, 464.84985, -27.20657,  5.13485,  0.05260
-0.26376,  0.70718, 465.55151, -27.36028,  5.29045,  0.07014
-0.43961,  0.44199, 465.90234, -27.01443,  5.09595,  0.07014
-0.61545,  0.00000, 465.55151, -26.97600,  5.25155,  0.07014
-0.43961,  0.61879, 463.79736, -27.20657,  5.25155,  0.05260
-0.26376,  0.88398, 466.60400, -27.05286,  5.32935,  0.08767
-0.70337,  0.35359, 464.49902, -27.12971,  5.29045,  0.07014
-0.52753,  0.61879, 466.60400, -27.09129,  5.40715,  0.08767
-0.43961,  0.53039, 464.84985, -27.05286,  5.36825,  0.08767
-0.61545,  0.70718, 465.20068, -26.86072,  5.32935,  0.01753
 0.00000,  0.08840, 463.44653, -26.89915,  5.25155,  0.03507
-0.17584,  0.26519, 464.84985, -26.86072,  5.32935,  0.01753
-0.43961,  0.00000, 464.14819, -26.93758,  5.21265,  0.05260
-0.43961,  0.35359, 464.14819, -26.86072,  5.48495,  0.03507
-0.43961,  0.53039, 464.84985, -26.86072,  5.25155,  0.08767
-0.43961,  0.70718, 464.49902, -26.74544,  5.17375,  0.03507
-0.35168,  1.32597, 465.20068, -26.78387,  5.21265,  0.00000
-0.52753,  0.79558, 463.79736, -26.66858,  5.13485, -0.03507
-0.35168,  0.26519, 465.55151, -26.89915,  5.21265,  0.01753
-0.35168,  0.79558, 466.60400, -26.97600,  5.09595, -0.01753
-0.43961,  0.70718, 465.20068, -26.89915,  5.17375,  0.08767
-0.17584,  0.70718, 464.49902, -27.05286,  5.21265,  0.10521
-0.35168,  0.88398, 464.49902, -26.89915,  5.32935,  0.10521
-0.17584,  0.00000, 465.55151, -26.78387,  5.09595,  0.05260
-0.17584,  0.26519, 463.79736, -26.97600,  5.09595,  0.07014
-0.08792,  0.44199, 464.84985, -27.16814,  5.09595, -0.03507
 0.08792,  0.44199, 466.25317, -26.97600,  5.21265,  0.03507
-0.17584,  0.53039, 465.90234, -26.97600,  5.29045, -0.03507
-0.17584,  0.35359, 465.90234, -26.89915,  5.05705, -0.03507
-0.43961,  0.53039, 465.20068, -26.93758,  5.17375, -0.05260
-0.26376,  0.44199, 465.55151, -26.89915,  5.09595, -0.07014
-0.17584,  0.70718, 466.60400, -27.01443,  5.29045, -0.07014
 0.00000,  0.88398, 465.20068, -26.86072,  5.25155, -0.01753
-0.26376,  0.35359, 465.90234, -27.05286,  5.09595, -0.03507
-0.08792,  0.70718, 467.30566, -26.78387,  5.09595,  0.03507
 0.00000,  0.61879, 467.30566, -26.86072,  5.05705,  0.00000
 0.00000,  0.26519, 464.84985, -26.74544,  5.21265,  0.03507
 0.17584,  0.35359, 466.25317, -26.66858,  4.97925,  0.03507
 0.35168,  0.97238, 464.49902, -26.55330,  4.97925,  0.07014
 0.35168,  0.61879, 464.84985, -26.63016,  4.97925,  0.03507
 0.52753,  1.23757, 463.79736, -26.59173,  4.82365,  0.03507
 0.08792,  0.70718, 463.79736, -26.36116,  5.09595,  0.08767
 0.26376,  0.70718, 463.09570, -26.47645,  4.94035,  0.01753
 0.26376,  0.53039, 464.84985, -26.36116,  4.90145,  0.05260
 0.17584,  0.61879, 463.79736, -26.36116,  5.05705,  0.03507
 0.61545,  0.08840, 464.14819, -26.47645,  4.97925,  0.08767
 0.35168,  0.08840, 465.90234, -26.63016,  4.90145,  0.05260
 0.61545,  0.08840, 465.55151, -26.74544,  4.94035,  0.03507
 0.43961,  0.08840, 464.49902, -26.63016,  4.90145,  0.08767
 0.43961,  0.00000, 465.55151, -26.59173,  4.82365,  0.00000
 0.52753,  0.35359, 465.55151, -26.70701,  4.97925,  0.05260
 0.08792, -0.26519, 465.20068, -26.82229,  4.97925, -0.01753
 0.00000,  0.08840, 465.90234, -26.93758,  5.13485,  0.00000
 0.08792,  0.44199, 466.60400, -26.86072,  4.97925,  0.07014
 0.52753,  0.17680, 466.60400, -26.97600,  5.13485,  0.07014
 0.08792,  0.00000, 466.60400, -26.93758,  5.17375,  0.12274
 0.26376,  0.79558, 464.14819, -27.12971,  5.13485,  0.05260
-0.17584, -0.17680, 465.55151, -27.12971,  5.36825,  0.01753
 0.00000,  0.44199, 465.20068, -27.12971,  5.32935,  0.00000
-0.08792, -0.17680, 465.55151, -27.09129,  5.36825,  0.01753
 0.26376,  0.08840, 464.49902, -27.01443,  5.56275,  0.05260
 0.08792,  0.08840, 464.14819, -27.09129,  5.44605,  0.01753
-0.26376,  0.08840, 463.79736, -27.12971,  5.36825,  0.07014
-0.08792,  0.35359, 465.55151, -27.16814,  5.52385,  0.05260
 0.08792,  0.17680, 464.84985, -27.05286,  5.60165,  0.00000
-0.17584,  0.35359, 465.55151, -27.32185,  5.64055,  0.01753
-0.52753, -0.08840, 464.84985, -27.12971,  5.64055,  0.10521
-0.08792,  0.26519, 465.20068, -27.16814,  5.67945,  0.05260
-0.26376,  0.35359, 468.00732, -27.20657,  5.71836,  0.03507
-0.08792,  0.35359, 465.90234, -27.09129,  5.71836,  0.08767
-0.35168,  0.44199, 465.90234, -27.09129,  5.67945, -0.03507
-0.17584,  0.17680, 465.55151, -27.01443,  5.71836,  0.05260
 0.08792,  0.17680, 465.20068, -26.82229,  5.67945,  0.00000
-0.35168,  0.35359, 465.90234, -26.86072,  5.60165,  0.08767
-0.70337,  0.79558, 465.55151, -26.66858,  5.75726,  0.05260
-0.26376,  0.53039, 464.84985, -26.74544,  5.79616,  0.01753
-0.26376,  0.88398, 465.20068, -26.59173,  5.71836, -0.01753
-0.52753,  0.97238, 463.79736, -26.74544,  5.87396,  0.12274
-0.08792,  0.70718, 465.20068, -26.66858,  5.83506,  0.03507
-0.35168,  0.53039, 464.49902, -26.59173,  5.79616,  0.10521
-0.35168,  0.61879, 466.25317, -26.59173,  5.79616,  0.08767
-0.43961,  0.44199, 465.55151, -26.63016,  6.10736,  0.08767
-0.70337,  0.97238, 466.60400, -26.55330,  6.06846,  0.01753
-0.26376,  0.70718, 466.25317, -26.55330,  6.02956,  0.03507
-0.70337,  0.79558, 465.90234, -26.59173,  5.71836,  0.05260
-0.17584,  1.06078, 465.55151, -26.59173,  5.79616,  0.00000
 0.08792,  0.97238, 466.60400, -26.55330,  5.71836,  0.03507
 0.08792,  0.97238, 465.55151, -26.47645,  5.79616,  0.05260
-0.70337,  0.79558, 465.90234, -26.51487,  5.60165, -0.03507
-0.52753,  1.06078, 466.25317, -26.39959,  5.79616,  0.03507
 0.00000,  0.97238, 464.84985, -26.36116,  5.79616, -0.03507
-0.26376,  0.53039, 464.84985, -26.43802,  5.79616,  0.05260
 0.08792,  0.53039, 466.25317, -26.55330,  5.67945,  0.00000
-0.70337,  0.97238, 463.09570, -26.66858,  5.83506, -0.01753
 0.00000,  0.53039, 465.20068, -26.47645,  5.75726, -0.05260
-0.17584,  0.53039, 464.14819, -26.70701,  5.83506,  0.00000
-0.26376,  0.17680, 464.84985, -26.66858,  5.79616,  0.05260
 0.00000,  0.26519, 465.55151, -26.97600,  5.83506, -0.01753
 0.00000,  0.08840, 464.49902, -26.93758,  5.75726,  0.08767
 0.17584,  0.17680, 465.55151, -27.09129,  5.87396,  0.03507
-0.08792, -0.35359, 466.60400, -26.93758,  5.95176,  0.01753
 0.00000,  0.08840, 466.25317, -27.16814,  5.83506,  0.00000
 0.26376, -0.08840, 467.30566, -27.20657,  6.18516,  0.10521
 0.35168, -0.35359, 465.55151, -27.20657,  5.99066,  0.07014
 0.43961,  0.08840, 466.60400, -26.93758,  6.06846, -0.10521
 0.26376,  0.08840, 465.55151, -27.01443,  6.10736,  0.08767
 0.26376, -0.17680, 465.90234, -27.36028,  6.10736,  0.12274
 0.17584,  0.00000, 465.90234, -27.28342,  6.18516, -0.05260
-0.17584, -0.08840, 463.79736, -27.32185,  6.34076,  0.03507
 0.08792,  0.35359, 464.49902, -27.09129,  6.37966, -0.01753
-0.43961,  0.00000, 465.90234, -27.28342,  6.34076,  0.05260
-0.26376,  0.00000, 463.79736, -27.05286,  6.37966, -0.03507
-0.26376,  0.35359, 465.90234, -27.16814,  6.37966, -0.01753
 0.00000,  0.00000, 465.55151, -27.36028,  6.37966,  0.00000
 0.17584,  0.17680, 465.20068, -27.20657,  6.65196, -0.05260
-0.35168, -0.26519, 466.60400, -27.16814,  6.49636,  0.00000
-0.43961,  0.17680, 465.55151, -27.20657,  6.61306,  0.01753
-0.08792,  0.08840, 465.20068, -27.28342,  6.72976, -0.03507
-0.52753,  0.08840, 464.84985, -27.05286,  6.72976,  0.01753
-0.61545, -0.08840, 464.49902, -27.24500,  6.72976,  0.01753
-0.52753,  0.08840, 464.14819, -27.24500,  7.11877, -0.05260
-0.87921, -0.08840, 464.49902, -27.09129,  7.15767, -0.01753
-0.61545,  0.17680, 465.55151, -27.05286,  7.07987, -0.03507
-0.70337,  0.00000, 463.79736, -27.01443,  6.92427,  0.01753
-0.70337,  0.35359, 466.25317, -27.05286,  7.19657,  0.01753
-0.43961,  0.44199, 465.90234, -27.16814,  7.19657,  0.05260
-0.35168,  0.00000, 463.44653, -27.09129,  7.19657, -0.03507
-0.52753, -0.08840, 466.60400, -27.01443,  7.04097,  0.03507
-0.61545,  0.35359, 465.55151, -26.97600,  7.35217,  0.08767
-0.70337,  0.00000, 466.25317, -27.20657,  7.23547,  0.01753
-0.96713, -0.17680, 463.44653, -27.24500,  7.31327,  0.01753
-0.79129,  0.17680, 466.60400, -27.16814,  7.23547, -0.03507
-0.79129,  0.00000, 466.25317, -27.24500,  7.31327, -0.10521
-0.61545,  0.00000, 464.84985, -27.05286,  7.35217, -0.07014
-1.14297,  0.26519, 464.84985, -27.24500,  7.11877,  0.00000
-0.96713,  0.17680, 466.60400, -27.32185,  7.19657,  0.07014
-0.79129,  0.17680, 465.20068, -27.09129,  7.07987,  0.05260
-0.43961,  0.26519, 463.09570, -27.36028,  7.00207,  0.03507
-0.70337,  0.61879, 465.90234, -27.39870,  7.04097, -0.01753
-0.52753,  0.00000, 464.49902, -27.47556,  7.04097,  0.03507
-1.05505,  0.17680, 464.84985, -27.55241,  7.11877, -0.03507
-0.61545,  0.26519, 465.55151, -27.43713,  6.92427,  0.01753
-0.26376, -0.17680, 465.55151, -27.39870,  7.15767,  0.01753
-0.70337, -0.08840, 464.84985, -27.51398,  6.96317,  0.00000
-0.79129, -0.08840, 464.84985, -27.47556,  6.96317,  0.00000
-0.61545,  0.17680, 465.90234, -27.39870,  7.00207,  0.05260
-0.61545,  0.35359, 465.90234, -27.43713,  7.00207,  0.01753
-0.52753,  0.53039, 465.55151, -27.28342,  6.80757,  0.03507
-0.35168,  0.17680, 464.84985, -27.28342,  6.69086,  0.00000
-0.43961,  0.26519, 466.60400, -27.24500,  7.00207,  0.03507
-0.08792,  0.70718, 466.95483, -27.12971,  6.72976,  0.10521
-0.35168,  0.35359, 465.20068, -26.97600,  6.76867,  0.08767
-0.35168,  1.06078, 465.90234, -26.74544,  6.80757,  0.14027
-0.61545,  0.88398, 465.90234, -26.66858,  6.88537,  0.03507
-0.35168,  1.14917, 465.55151, -26.78387,  6.80757,  0.05260
-0.17584,  1.23757, 465.55151, -26.51487,  6.76867,  0.07014
-0.52753,  1.23757, 465.20068, -26.59173,  6.76867,  0.05260
-0.35168,  0.97238, 465.90234, -26.43802,  6.80757,  0.07014
-0.26376,  0.88398, 465.90234, -26.32274,  6.69086,  0.00000
-0.08792,  1.50277, 464.49902, -26.20745,  6.69086,  0.05260
-0.43961,  1.50277, 467.30566, -26.09217,  6.80757,  0.12274
 0.08792,  1.32597, 465.20068, -26.05375,  6.61306,  0.07014
-0.08792,  1.06078, 464.49902, -26.01532,  6.92427,  0.07014
-0.52753,  1.32597, 466.25317, -26.09217,  6.53526,  0.05260
-0.08792,  1.50277, 465.90234, -25.90004,  6.88537,  0.05260
-0.08792,  1.59116, 466.25317, -26.05375,  6.72976, -0.01753
-0.17584,  1.41437, 466.25317, -26.20745,  6.69086,  0.05260
 0.00000,  1.50277, 466.60400, -26.13060,  6.69086, -0.05260
-0.17584,  1.06078, 467.30566, -26.20745,  6.65196,  0.05260
-0.17584,  1.14917, 465.20068, -26.36116,  6.69086, -0.01753
 0.08792,  0.97238, 466.60400, -26.32274,  6.57416,  0.03507
-0.52753,  1.32597, 465.20068, -26.36116,  6.92427,  0.10521
 0.26376,  0.79558, 463.79736, -26.32274,  6.45746,  0.01753
 0.00000,  1.14917, 464.84985, -26.28431,  6.69086, -0.01753
 0.08792,  0.97238, 463.79736, -26.43802,  6.61306,  0.05260
 0.00000,  1.06078, 464.14819, -26.51487,  6.65196,  0.00000
-0.08792,  0.61879, 463.79736, -26.70701,  6.65196, -0.03507
 0.08792,  0.61879, 463.79736, -26.74544,  6.69086,  0.00000
 0.08792,  0.35359, 464.49902, -26.93758,  6.53526,  0.01753
-0.08792,  0.53039, 465.90234, -27.12971,  6.69086,  0.00000
 0.26376, -0.08840, 465.55151, -27.16814,  6.69086,  0.01753
 0.00000, -0.17680, 465.90234, -27.16814,  6.69086,  0.05260
-0.08792,  0.26519, 465.90234, -27.24500,  6.88537,  0.05260
-0.08792,  0.35359, 467.30566, -27.32185,  6.72976,  0.01753
 0.00000,  0.35359, 465.90234, -27.39870,  6.92427, -0.01753
-0.17584,  0.44199, 465.90234, -27.43713,  6.88537, -0.03507
-0.17584,  0.08840, 463.44653, -27.24500,  6.84647,  0.05260
-0.08792,  0.53039, 464.84985, -27.36028,  7.23547,  0.08767
-0.52753,  0.17680, 463.44653, -27.43713,  7.07987, -0.05260
-0.26376,  0.44199, 464.84985, -27.51398,  7.11877,  0.01753
 0.00000,  0.44199, 463.44653, -27.55241,  7.39107,  0.00000
-0.70337,  0.35359, 464.49902, -27.47556,  7.31327,  0.00000
-0.52753,  0.35359, 465.90234, -27.66769,  7.42997, -0.01753
-0.70337,  0.00000, 464.84985, -27.62927,  7.54667, -0.08767
-0.61545,  0.00000, 464.14819, -27.85983,  7.62447,  0.03507
-0.61545, -0.61879, 466.25317, -27.85983,  7.58557,  0.08767
-0.87921, -0.17680, 464.49902, -27.85983,  7.74117, -0.01753
-1.05505,  0.17680, 464.84985, -27.78298,  7.70227, -0.07014
-0.79129,  0.00000, 464.14819, -27.89826,  7.70227, -0.05260
-0.79129,  0.17680, 465.55151, -27.70612,  7.66337, -0.05260
-0.96713,  0.26519, 466.25317, -27.85983,  7.66337,  0.00000
-1.14297,  0.26519, 465.20068, -27.89826,  7.89678,  0.01753
-0.96713,  0.26519, 465.90234, -27.93669,  7.66337, -0.01753
-1.40674, -0.26519, 465.55151, -27.85983,  7.78008, -0.03507
-0.96713,  0.08840, 465.55151, -27.89826,  7.97458, -0.05260
-0.70337,  0.00000, 464.84985, -27.89826,  8.16908,  0.03507
-0.87921,  0.17680, 466.60400, -27.82140,  7.85788, -0.03507
-0.70337, -0.26519, 466.25317, -27.97511,  7.89678,  0.00000
-1.05505,  0.08840, 464.49902, -27.89826,  7.85788,  0.00000
-1.05505, -0.08840, 465.20068, -27.97511,  8.01348,  0.00000
-1.14297,  0.08840, 465.90234, -28.01354,  7.93568, -0.05260
-1.05505,  0.08840, 465.90234, -28.01354,  7.74117,  0.00000
-0.87921,  0.35359, 465.20068, -27.89826,  7.70227,  0.03507
-0.96713,  0.00000, 465.90234, -27.89826,  7.89678,  0.00000
-1.23090,  0.17680, 466.25317, -28.09040,  7.97458, -0.05260
-1.14297,  0.17680, 464.14819, -28.16725,  7.81898,  0.05260
-0.79129, -0.08840, 464.49902, -28.12882,  7.66337, -0.07014
-0.79129,  0.08840, 465.55151, -28.09040,  7.58557,  0.07014
-0.70337,  0.44199, 465.55151, -28.01354,  7.46887,  0.03507
-0.61545,  0.08840, 465.55151, -28.01354,  7.58557, -0.03507
-0.87921,  0.35359, 465.20068, -27.97511,  7.39107, -0.03507
-0.87921,  0.53039, 463.79736, -28.16725,  7.66337,  0.00000
-0.87921,  0.08840, 465.90234, -28.09040,  7.42997, -0.05260
-0.61545,  0.26519, 464.49902, -28.01354,  7.42997,  0.00000
-0.87921,  0.35359, 465.90234, -28.12882,  7.58557, -0.05260
-0.96713,  0.26519, 463.44653, -28.01354,  7.50777, -0.07014
-0.87921,  0.26519, 466.60400, -27.97511,  7.54667, -0.03507
-0.79129,  0.26519, 465.90234, -28.28253,  7.50777, -0.03507
-0.52753,  0.53039, 465.55151, -28.39782,  7.58557, -0.05260
-0.43961,  0.17680, 463.79736, -28.32096,  7.62447, -0.03507
-0.79129,  0.26519, 466.25317, -28.32096,  7.35217, -0.03507
-0.87921,  0.44199, 464.84985, -28.35939,  7.46887,  0.01753
-0.61545,  0.17680, 466.60400, -28.24411,  7.15767, -0.05260
-0.61545,  0.35359, 465.55151, -28.24411,  7.39107, -0.05260
-0.70337,  0.26519, 464.49902, -28.24411,  7.42997, -0.03507
-0.87921,  0.17680, 465.90234, -28.39782,  7.39107, -0.01753
-0.61545,  0.26519, 465.20068, -28.12882,  7.11877, -0.01753
-0.70337,  0.44199, 464.84985, -28.32096,  7.27437, -0.03507
-0.79129,  0.70718, 464.49902, -28.47467,  7.27437,  0.00000
-0.70337, -0.08840, 465.90234, -28.43624,  7.23547, -0.05260
-0.79129,  0.17680, 465.20068, -28.47467,  7.35217, -0.01753
-0.87921,  0.35359, 465.90234, -28.39782,  7.31327, -0.03507
-0.87921,  0.08840, 463.44653, -28.43624,  7.11877,  0.00000
-0.79129,  0.26519, 465.55151, -28.58995,  7.27437,  0.03507
-0.61545,  0.35359, 464.14819, -28.58995,  7.04097, -0.08767
-0.43961,  0.00000, 464.14819, -28.51310,  7.07987, -0.07014
-0.87921,  0.08840, 465.20068, -28.55153,  6.96317,  0.03507
-0.52753,  0.35359, 465.90234, -28.66681,  6.88537, -0.01753
-0.08792, -0.35359, 464.84985, -28.70523,  6.84647, -0.03507
-0.52753, -0.17680, 465.20068, -28.70523,  6.88537,  0.00000
-0.26376, -0.26519, 463.79736, -28.82051,  6.57416,  0.05260
-0.26376, -0.35359, 462.74487, -28.78209,  6.61306,  0.01753
-0.70337, -0.26519, 463.44653, -28.55153,  6.53526,  0.00000
 0.00000, -0.61879, 463.09570, -28.62838,  6.37966,  0.05260
-0.26376, -0.44199, 461.69238, -28.85894,  6.53526,  0.00000
-0.26376, -0.35359, 464.84985, -28.78209,  6.22406, -0.05260
-0.08792,  0.08840, 464.14819, -28.74366,  6.22406,  0.10521
-0.08792, -0.17680, 464.14819, -28.70523,  6.22406, -0.01753
 0.00000, -0.08840, 464.49902, -28.85894,  6.14626, -0.05260
-0.08792, -0.26519, 465.55151, -28.93580,  6.18516,  0.01753
 0.00000, -0.61879, 465.55151, -29.05108,  5.99066,  0.01753
-0.17584, -0.08840, 465.90234, -29.05108,  6.02956,  0.08767
 0.17584, -0.35359, 466.60400, -28.89737,  6.06846,  0.00000
 0.17584, -0.26519, 465.90234, -28.97422,  6.06846, -0.01753
-0.08792, -0.35359, 465.55151, -29.05108,  6.10736,  0.01753
-0.17584,  0.08840, 468.00732, -28.93580,  6.02956,  0.08767
-0.08792, -0.17680, 465.55151, -28.89737,  5.91286,  0.07014
-0.08792,  0.26519, 464.49902, -28.89737,  6.06846,  0.00000
 0.17584,  0.26519, 465.20068, -28.78209,  6.06846,  0.01753
-0.08792,  0.08840, 463.79736, -28.58995,  5.83506,  0.01753
-0.17584,  0.53039, 468.00732, -28.70523,  5.99066,  0.07014
 0.00000,  0.35359, 464.84985, -28.66681,  6.10736,  0.03507
-0.17584,  0.44199, 466.25317, -28.62838,  6.14626,  0.00000
-0.08792,  0.26519, 464.14819, -28.66681,  5.99066, -0.01753
-0.08792,  0.00000, 464.84985, -28.78209,  5.99066,  0.08767
 0.00000,  0.26519, 464.84985, -28.58995,  5.95176,  0.07014
-0.43961,  0.17680, 464.14819, -28.58995,  6.18516,  0.03507
-0.79129,  0.61879, 466.25317, -28.51310,  6.14626,  0.03507
 0.00000,  0.44199, 465.55151, -28.66681,  6.02956, -0.01753
-0.61545,  0.08840, 465.90234, -28.62838,  6.10736,  0.01753
-0.52753,  0.35359, 466.60400, -28.55153,  6.06846,  0.01753
-0.26376,  0.26519, 465.90234, -28.47467,  6.10736,  0.05260
-0.61545,  0.44199, 465.55151, -28.47467,  6.18516,  0.03507
-0.43961,  0.26519, 465.55151, -28.43624,  6.37966,  0.03507
-0.61545,  0.00000, 464.84985, -28.47467,  6.26296, -0.01753
-0.96713, -0.26519, 466.25317, -28.51310,  6.45746, -0.03507
-0.61545, -0.26519, 465.20068, -28.55153,  6.26296, -0.01753
-0.87921, -0.26519, 465.20068, -28.58995,  6.30186,  0.01753
-0.61545,  0.08840, 463.44653, -28.43624,  6.30186, -0.01753
-1.14297,  0.08840, 464.84985, -28.51310,  6.26296,  0.07014
-0.43961,  0.17680, 464.49902, -28.43624,  6.26296, -0.01753
-0.52753,  0.00000, 466.25317, -28.47467,  6.14626, -0.01753
-0.79129,  0.35359, 465.55151, -28.35939,  5.95176,  0.05260
-0.87921,  0.17680, 464.49902, -28.43624,  6.14626,  0.00000
-0.52753,  0.17680, 465.55151, -28.24411,  6.10736,  0.03507
-0.52753,  0.26519, 465.90234, -28.24411,  5.99066, -0.05260
-0.52753,  0.61879, 464.84985, -28.35939,  5.95176,  0.00000
-0.79129,  0.44199, 466.25317, -28.35939,  5.95176,  0.08767
-0.52753,  0.08840, 466.25317, -28.35939,  5.83506,  0.01753
-0.52753,  0.35359, 464.14819, -28.55153,  5.64055,  0.08767
-0.61545,  0.26519, 466.60400, -28.58995,  5.60165,  0.01753
-0.61545,  0.26519, 465.55151, -28.39782,  5.67945,  0.01753
-0.35168, -0.08840, 466.60400, -28.43624,  5.60165,  0.00000
-0.26376,  0.17680, 463.79736, -28.51310,  5.44605,  0.03507
-0.43961,  0.53039, 464.84985, -28.39782,  5.44605,  0.07014
 0.00000,  0.44199, 465.55151, -28.51310,  5.32935,  0.07014
 0.17584,  0.44199, 466.25317, -28.47467,  5.25155,  0.01753
 0.35168,  0.08840, 465.55151, -28.51310,  5.13485, -0.05260
 0.26376,  0.35359, 466.25317, -28.51310,  5.25155,  0.12274
 0.43961,  0.35359, 465.55151, -28.55153,  5.09595,  0.01753
 0.08792,  0.26519, 466.60400, -28.43624,  5.05705,  0.07014
 0.08792, -0.08840, 463.79736, -28.55153,  4.94035,  0.07014
 0.52753,  0.17680, 463.79736, -28.47467,  4.90145,  0.07014
 0.26376,  0.61879, 465.90234, -28.55153,  4.94035,  0.08767
 0.26376,  0.53039, 463.79736, -28.55153,  4.78475,  0.17534
 0.17584,  0.44199, 464.84985, -28.47467,  4.97925,  0.05260
 0.61545,  0.44199, 465.90234, -28.32096,  4.86255,  0.00000
 0.26376,  0.35359, 464.49902, -28.24411,  4.82365,  0.08767
 0.35168,  0.08840, 463.79736, -28.24411,  4.94035,  0.07014
 0.43961,  0.44199, 466.60400, -28.24411,  4.94035,  0.08767
 0.08792,  0.44199, 464.84985, -28.32096,  4.66805, -0.03507
 0.26376,  0.35359, 464.84985, -28.43624,  4.82365,  0.05260
 0.26376,  0.44199, 464.84985, -28.47467,  4.90145,  0.01753
 0.35168, -0.08840, 464.49902, -28.47467,  4.78475,  0.07014
 0.17584,  0.17680, 464.14819, -28.47467,  4.90145,  0.12274
 0.35168, -0.17680, 465.20068, -28.55153,  4.90145,  0.08767
-0.08792, -0.08840, 465.90234, -28.70523,  5.05705,  0.10521
 0.35168,  0.00000, 466.60400, -28.70523,  4.97925,  0.01753
 0.00000,  0.08840, 464.14819, -28.51310,  4.94035,  0.07014
 0.08792,  0.26519, 464.84985, -28.70523,  5.05705,  0.00000
-0.43961,  0.35359, 464.14819, -28.47467,  4.94035, -0.03507
 0.17584,  0.08840, 464.49902, -28.47467,  4.94035, -0.01753
-0.08792,  0.00000, 464.49902, -28.55153,  5.09595,  0.00000
 0.00000,  0.61879, 464.84985, -28.32096,  5.09595,  0.03507
-0.26376,  0.26519, 463.09570, -28.43624,  4.86255,  0.01753
-0.35168,  0.26519, 465.20068, -28.39782,  4.90145,  0.03507
 0.17584,  0.70718, 464.14819, -28.43624,  4.70695,  0.07014
 0.17584,  0.61879, 464.14819, -28.35939,  4.78475,  0.08767
 0.08792,  0.35359, 466.60400, -28.35939,  4.74585,  0.05260
-0.26376,  0.08840, 465.55151, -28.32096,  4.74585,  0.17534
 0.17584,  0.97238, 466.95483, -28.28253,  4.62914,  0.10521
 0.26376,  0.53039, 465.55151, -28.43624,  4.70695,  0.03507
 0.26376,  0.97238, 465.90234, -28.35939,  4.70695,  0.08767
 0.35168,  0.44199, 465.20068, -28.24411,  4.47354,  0.01753
 0.43961,  0.61879, 464.14819, -28.09040,  4.31794,  0.08767
 0.52753,  0.70718, 465.55151, -28.35939,  4.27904,  0.05260
 0.35168,  0.79558, 465.90234, -28.28253,  4.20124,  0.03507
 0.79129,  0.61879, 464.14819, -28.28253,  4.31794,  0.07014
 0.61545,  0.88398, 464.49902, -28.01354,  4.35684,  0.07014
-0.08792,  0.44199, 464.14819, -28.16725,  4.24014,  0.12274
 0.52753,  0.61879, 464.49902, -28.09040,  4.16234,  0.05260
 0.43961,  0.61879, 465.20068, -28.05197,  4.24014,  0.01753
 0.35168,  0.61879, 465.55151, -28.20568,  4.27904,  0.08767
 0.61545,  1.14917, 464.84985, -28.20568,  4.20124,  0.01753
 0.08792,  1.14917, 464.84985, -28.24411,  4.31794,  0.10521
 0.61545,  0.88398, 465.55151, -28.20568,  4.43464,  0.14027
 0.08792,  0.70718, 464.49902, -28.20568,  4.39574,  0.05260
 0.43961,  0.70718, 466.60400, -28.16725,  4.51244,  0.05260
-0.17584,  0.53039, 465.55151, -28.35939,  4.55134,  0.08767
-0.08792,  0.53039, 465.90234, -28.16725,  4.59024,  0.00000
 0.00000,  0.70718, 466.25317, -28.28253,  4.70695,  0.00000
-0.17584,  0.53039, 464.49902, -28.16725,  4.55134,  0.07014
 0.26376,  1.23757, 464.49902, -28.20568,  4.74585,  0.03507
 0.00000,  0.88398, 464.49902, -28.05197,  4.74585,  0.00000
 0.08792,  0.70718, 464.84985, -28.16725,  4.97925,  0.05260
-0.08792,  0.79558, 464.84985, -28.24411,  4.82365,  0.05260
-0.17584,  0.79558, 465.55151, -28.16725,  4.94035, -0.03507
 0.00000,  0.53039, 463.79736, -28.12882,  5.25155,  0.07014
-0.26376,  0.79558, 465.90234, -28.28253,  5.17375,  0.07014
-0.08792,  0.61879, 465.90234, -28.39782,  5.32935,  0.03507
-0.70337,  0.61879, 466.25317, -28.39782,  5.36825,  0.00000
-0.52753,  0.61879, 465.55151, -28.62838,  5.32935, -0.01753
-0.61545,  1.14917, 464.84985, -28.32096,  5.52385,  0.00000
-0.35168,  0.26519, 465.90234, -28.51310,  5.56275,  0.01753
-0.61545,  0.53039, 464.84985, -28.47467,  5.52385,  0.05260
-1.14297,  0.70718, 466.25317, -28.47467,  5.52385,  0.03507
-0.35168,  0.70718, 463.79736, -28.47467,  5.67945, -0.01753
-0.70337,  0.70718, 464.84985, -28.62838,  5.64055, -0.05260
-0.61545,  0.44199, 465.90234, -28.66681,  5.67945, -0.03507
-0.79129,  0.35359, 464.84985, -28.74366,  5.83506, -0.01753
-1.05505,  0.35359, 464.84985, -28.93580,  5.64055, -0.10521
-0.35168,  0.17680, 464.49902, -29.01265,  5.71836, -0.03507
-0.70337,  0.53039, 465.20068, -29.01265,  5.52385, -0.03507
-0.52753,  0.26519, 465.20068, -29.16636,  5.75726, -0.07014
-0.87921,  0.44199, 463.79736, -29.12793,  5.67945, -0.12274
-0.61545,  0.17680, 463.79736, -29.24322,  5.64055,  0.01753
-0.43961,  0.53039, 464.84985, -29.08951,  5.44605, -0.01753
-0.35168,  0.44199, 466.25317, -29.35850,  5.48495,  0.03507
-0.35168,  0.17680, 466.25317, -29.32007,  5.36825,  0.00000
-0.17584,  0.17680, 466.25317, -29.20479,  5.40715, -0.10521
-0.52753, -0.17680, 465.20068, -29.43535,  5.36825, -0.01753
-0.52753,  0.35359, 465.20068, -29.55064,  5.40715, -0.05260
-0.26376,  0.17680, 466.95483, -29.24322,  5.36825, -0.07014
-0.26376,  0.17680, 465.55151, -29.35850,  5.29045,  0.01753
-0.08792,  0.00000, 465.20068, -29.39693,  5.21265, -0.01753
-0.26376,  0.00000, 465.20068, -29.51221,  5.13485,  0.05260
-0.17584,  0.17680, 465.20068, -29.58906,  5.09595, -0.01753
-0.26376, -0.26519, 465.90234, -29.66592,  5.32935,  0.00000
-0.35168, -0.26519, 464.49902, -29.70435,  5.13485, -0.05260
-0.17584,  0.17680, 465.90234, -29.58906,  5.09595,  0.00000
-0.17584, -0.35359, 464.84985, -29.62749,  5.09595, -0.01753
 0.00000,  0.08840, 464.49902, -29.78120,  5.13485,  0.00000
 0.00000,  0.17680, 465.20068, -29.74277,  5.05705,  0.05260
 0.35168, -0.17680, 464.84985, -29.81963,  5.01815,  0.00000
 0.43961, -0.08840, 465.55151, -29.93491,  4.94035,  0.01753
 0.00000, -0.08840, 464.49902, -30.05019,  5.05705,  0.00000
 0.43961, -0.35359, 468.00732, -30.05019,  5.05705,  0.01753
-0.08792, -0.26519, 466.25317, -29.89648,  5.01815,  0.03507
-0.17584, -0.35359, 464.14819, -29.93491,  4.94035,  0.10521
 0.17584, -0.35359, 465.55151, -29.93491,  5.01815,  0.10521
-0.08792,  0.08840, 465.20068, -29.85806,  4.90145,  0.01753
 0.26376, -0.35359, 463.79736, -29.74277,  5.05705, -0.03507
-0.35168, -0.35359, 465.90234, -29.89648,  4.94035,  0.00000
-0.17584, -0.08840, 464.14819, -29.66592,  4.97925,  0.08767
 0.17584, -0.08840, 464.84985, -29.55064,  4.78475,  0.03507
 0.17584, -0.26519, 465.20068, -29.62749,  4.86255,  0.12274
-0.17584, -0.08840, 463.09570, -29.81963,  4.86255,  0.00000
 0.08792, -0.26519, 466.95483, -29.93491,  4.97925,  0.05260
 0.08792, -0.08840, 464.49902, -29.85806,  4.97925,  0.08767
 0.17584, -0.17680, 465.90234, -29.78120,  5.09595,  0.03507
 0.35168, -0.17680, 467.30566, -29.70435,  5.01815,  0.07014
-0.08792, -0.26519, 465.20068, -29.81963,  4.94035,  0.03507
-0.26376, -0.17680, 464.84985, -29.78120,  5.09595,  0.05260
 0.00000,  0.26519, 465.20068, -29.81963,  4.94035,  0.12274
-0.17584,  0.17680, 466.25317, -29.74277,  4.97925,  0.08767
-0.17584,  0.53039, 466.95483, -29.78120,  5.09595,  0.15781
 0.00000, -0.08840, 465.20068, -29.66592,  5.09595,  0.03507
-0.08792,  0.00000, 465.20068, -29.78120,  5.01815,  0.03507
 0.35168,  0.08840, 465.90234, -29.78120,  5.01815,  0.10521
-0.08792, -0.08840, 465.55151, -29.70435,  5.17375,  0.05260
-0.08792, -0.44199, 465.20068, -29.70435,  5.25155,  0.08767
-0.26376, -0.08840, 465.55151, -29.85806,  5.13485,  0.07014
-0.08792, -0.08840, 464.49902, -29.74277,  5.25155,  0.12274
 0.08792,  0.00000, 466.25317, -29.78120,  5.01815,  0.08767
-0.08792,  0.44199, 465.20068, -29.85806,  5.05705,  0.07014
-0.26376,  0.08840, 465.55151, -29.70435,  5.17375,  0.05260
-0.35168, -0.44199, 465.90234, -29.74277,  5.17375,  0.00000
 0.00000,  0.17680, 466.60400, -29.81963,  5.21265,  0.10521
 0.17584, -0.08840, 465.20068, -29.55064,  5.17375,  0.05260
-0.17584,  0.00000, 464.14819, -29.62749,  5.09595,  0.07014
 0.43961,  0.08840, 466.25317, -29.51221,  5.05705,  0.10521
-0.08792, -0.08840, 465.20068, -29.62749,  5.17375,  0.08767
 0.17584,  0.44199, 463.79736, -29.62749,  5.17375,  0.12274
 0.00000,  0.26519, 465.55151, -29.66592,  5.05705,  0.15781
 0.17584,  0.08840, 464.84985, -29.81963,  5.17375,  0.05260
 0.00000,  0.17680, 466.95483, -29.66592,  5.32935,  0.03507
 0.26376,  0.35359, 465.55151, -29.43535,  5.25155,  0.08767
-0.08792,  0.17680, 464.49902, -29.62749,  5.21265,  0.01753
-0.17584,  0.08840, 464.84985, -29.66592,  5.44605,  0.03507
-0.08792,  0.08840, 466.25317, -29.70435,  5.44605,  0.00000
 0.08792,  0.17680, 466.25317, -29.47378,  5.40715,  0.05260
 0.08792,  0.08840, 464.84985, -29.51221,  5.32935,  0.03507
 0.17584,  0.35359, 465.55151, -29.43535,  5.25155,  0.07014
-0.26376,  0.44199, 465.55151, -29.51221,  5.40715,  0.00000
-0.08792,  0.53039, 466.60400, -29.47378,  5.44605, -0.01753
-0.17584,  0.53039, 464.49902, -29.35850,  5.60165,  0.01753
-0.26376,  0.53039, 465.20068, -29.32007,  5.44605,  0.01753
-0.52753,  0.88398, 465.20068, -29.55064,  5.52385,  0.01753
-0.17584,  0.70718, 464.14819, -29.55064,  5.40715,  0.00000
-0.26376,  0.26519, 465.20068, -29.51221,  5.60165, -0.03507
-0.35168,  0.35359, 463.79736, -29.62749,  5.52385, -0.03507
 0.08792,  0.35359, 466.60400, -29.85806,  5.60165, -0.05260
-0.26376,  0.08840, 466.60400, -29.74277,  5.67945, -0.03507
-0.43961,  0.17680, 465.90234, -29.89648,  5.75726,  0.00000
-0.43961, -0.44199, 465.55151, -30.01176,  5.52385, -0.08767
-0.43961, -0.26519, 464.49902, -30.16547,  5.75726, -0.05260
-0.52753, -0.44199, 464.49902, -30.01176,  5.79616, -0.07014
-0.08792, -0.26519, 464.49902, -29.93491,  5.91286, -0.03507
-0.35168,  0.35359, 465.55151, -30.08862,  5.99066, -0.01753
-0.52753,  0.00000, 466.60400, -30.16547,  5.99066, -0.05260
-0.43961,  0.08840, 466.25317, -30.28075,  5.91286,  0.00000
-0.52753, -0.08840, 465.55151, -30.05019,  5.99066, -0.03507
 0.08792, -0.08840, 465.55151, -30.20390,  5.95176, -0.07014
-0.61545, -0.17680, 465.20068, -30.24233,  6.22406,  0.00000
-0.43961,  0.00000, 464.49902, -30.43446,  6.18516, -0.01753
-0.52753, -0.61879, 465.55151, -30.31918,  6.06846, -0.05260
-0.87921, -0.53039, 465.20068, -30.47289,  6.30186, -0.07014
-1.05505, -0.79558, 463.79736, -30.35761,  6.26296, -0.12274
-0.87921, -0.79558, 465.55151, -30.47289,  6.26296, -0.03507
-0.70337, -0.53039, 466.95483, -30.35761,  6.37966,  0.03507
-0.52753, -0.08840, 465.20068, -30.39604,  6.34076,  0.03507
-1.05505, -0.17680, 464.49902, -30.28075,  6.34076,  0.05260
-0.87921,  0.00000, 463.79736, -30.24233,  6.57416,  0.00000
-1.05505, -0.08840, 466.60400, -30.12704,  6.49636, -0.07014
-0.79129, -0.35359, 465.55151, -30.08862,  6.49636,  0.01753
-0.70337, -0.08840, 466.25317, -30.24233,  6.61306,  0.05260
-0.79129,  0.08840, 467.30566, -30.08862,  6.45746,  0.03507
-0.79129,  0.08840, 464.84985, -29.89648,  6.30186,  0.01753
-0.79129, -0.17680, 464.84985, -29.85806,  6.45746,  0.05260
-0.87921,  0.08840, 464.49902, -29.89648,  6.37966,  0.03507
-1.05505,  0.00000, 464.49902, -29.78120,  6.41856, -0.01753
-0.96713,  0.08840, 465.55151, -29.74277,  6.37966,  0.03507
-1.14297,  0.26519, 464.49902, -29.70435,  6.41856, -0.01753
-0.79129, -0.08840, 464.84985, -29.66592,  6.41856,  0.03507
-0.70337,  0.53039, 464.49902, -29.55064,  6.45746,  0.07014
-0.79129,  0.35359, 467.30566, -29.39693,  6.22406,  0.07014
-0.61545,  0.88398, 466.25317, -29.28164,  6.26296,  0.12274
-0.79129,  0.61879, 464.49902, -29.35850,  6.41856,  0.07014
-0.87921,  0.70718, 464.84985, -29.28164,  6.34076,  0.07014
-0.43961,  0.61879, 465.90234, -29.35850,  6.22406,  0.05260
-0.52753,  0.08840, 466.95483, -29.16636,  6.26296,  0.07014
-0.52753,  0.70718, 463.79736, -29.35850,  6.18516,  0.03507
-0.70337,  0.70718, 465.55151, -29.28164,  6.30186,  0.00000
-0.43961,  0.17680, 465.20068, -29.05108,  5.91286,  0.07014
-0.35168,  0.35359, 466.25317, -29.24322,  6.02956,  0.05260
-0.52753,  0.61879, 465.20068, -29.01265,  6.06846,  0.05260
-0.17584,  0.61879, 465.55151, -29.12793,  6.02956, -0.05260
-0.35168,  0.61879, 464.84985, -28.97422,  5.91286,  0.03507
-0.26376,  0.79558, 463.44653, -29.05108,  5.99066,  0.07014
-0.17584,  0.70718, 464.14819, -28.93580,  5.99066, -0.01753
-0.17584,  0.53039, 465.20068, -28.93580,  5.75726,  0.01753
-0.17584,  0.44199, 464.84985, -28.82051,  5.75726,  0.07014
 0.17584,  0.44199, 466.95483, -28.89737,  5.75726,  0.01753
 0.08792,  0.35359, 465.55151, -28.85894,  5.60165,  0.08767
-0.17584,  0.61879, 465.55151, -28.89737,  5.60165, -0.01753
 0.08792,  0.70718, 466.25317, -28.97422,  5.71836,  0.03507
 0.17584,  0.79558, 465.90234, -28.78209,  5.56275,  0.00000
-0.08792,  0.97238, 465.55151, -28.85894,  5.52385, -0.03507
 0.17584,  0.44199, 464.49902, -28.66681,  5.71836,  0.03507
 0.08792,  1.14917, 465.55151, -28.62838,  5.52385,  0.07014
 0.17584,  1.14917, 465.20068, -28.62838,  5.67945,  0.03507
-0.26376,  0.79558, 463.79736, -28.58995,  5.52385,  0.10521
 0.17584,  0.70718, 463.79736, -28.47467,  5.36825,  0.03507
 0.35168,  0.97238, 465.55151, -28.70523,  5.40715,  0.10521
 0.26376,  0.97238, 465.20068, -28.62838,  5.48495, -0.01753
 0.08792,  1.23757, 464.84985, -28.70523,  5.36825,  0.03507
 0.08792,  1.06078, 465.20068, -28.70523,  5.32935,  0.00000
 0.08792,  0.61879, 465.90234, -28.62838,  5.25155,  0.05260
 0.35168,  0.70718, 465.90234, -28.62838,  5.29045, -0.01753
 0.26376,  0.70718, 465.20068, -28.66681,  5.36825,  0.00000
 0.35168,  0.61879, 464.84985, -28.85894,  5.36825,  0.03507
 0.35168,  0.79558, 466.60400, -28.82051,  5.13485, -0.07014
 0.61545,  1.23757, 464.49902, -28.82051,  5.32935, -0.05260
 0.17584,  0.35359, 466.95483, -28.78209,  5.21265,  0.01753
 0.61545,  0.53039, 463.79736, -28.89737,  5.40715, -0.01753
 0.35168,  0.44199, 464.49902, -28.85894,  5.36825,  0.03507
 0.52753,  0.70718, 464.84985, -28.97422,  5.25155,  0.01753
 0.26376,  0.53039, 463.44653, -28.82051,  5.40715,  0.03507
-0.08792,  0.61879, 465.55151, -28.82051,  5.52385,  0.01753
 0.17584,  0.61879, 465.90234, -28.89737,  5.56275, -0.05260
 0.17584,  0.88398, 463.79736, -29.12793,  5.52385, -0.03507
-0.17584,  0.61879, 465.20068, -28.93580,  5.40715, -0.05260
 0.17584,  0.79558, 464.49902, -29.08951,  5.48495, -0.10521
 0.17584,  0.61879, 464.84985, -29.05108,  5.64055,  0.05260
 0.17584,  0.35359, 466.25317, -29.20479,  5.60165,  0.01753
 0.17584,  0.26519, 465.55151, -29.08951,  5.71836,  0.01753
 0.17584,  0.44199, 464.84985, -29.12793,  5.67945, -0.08767
 0.00000,  0.61879, 465.55151, -29.24322,  5.56275,  0.01753
-0.08792,  0.35359, 466.95483, -29.16636,  5.67945,  0.05260
 0.17584,  1.06078, 465.20068, -29.08951,  5.83506,  0.10521
-0.26376,  0.88398, 466.25317, -29.08951,  5.83506,  0.01753
 0.00000,  0.70718, 466.25317, -28.93580,  5.87396, -0.01753
-0.08792,  0.79558, 465.20068, -29.20479,  5.91286,  0.05260
-0.17584,  0.53039, 465.90234, -29.32007,  5.95176, -0.01753
-0.52753,  0.97238, 465.90234, -29.35850,  5.95176, -0.01753
 0.08792,  0.61879, 465.20068, -29.39693,  6.06846,  0.12274
-0.35168,  0.26519, 466.95483, -29.47378,  6.26296,  0.01753
-0.35168,  0.88398, 465.55151, -29.51221,  6.10736,  0.05260
-0.35168,  0.35359, 465.55151, -29.43535,  6.10736,  0.03507
-0.79129,  0.08840, 465.55151, -29.32007,  6.22406,  0.07014
-0.52753, -0.08840, 464.84985, -29.66592,  6.14626,  0.05260
-0.52753,  0.44199, 468.00732, -29.47378,  6.37966,  0.07014
-0.52753,  0.17680, 464.84985, -29.85806,  6.49636,  0.03507
-0.61545,  0.17680, 465.55151, -29.78120,  6.49636,  0.07014
-0.70337,  0.53039, 465.20068, -29.89648,  6.49636,  0.03507
-0.70337,  0.17680, 465.20068, -30.08862,  6.53526,  0.00000
-0.96713, -0.26519, 466.95483, -30.01176,  6.61306,  0.01753
-0.87921,  0.35359, 465.55151, -30.08862,  6.65196, -0.05260
-1.23090, -0.26519, 465.20068, -29.93491,  6.65196,  0.01753
-0.61545, -0.17680, 463.79736, -30.01176,  6.84647,  0.03507
-1.05505, -0.17680, 465.55151, -30.08862,  6.80757,  0.00000
-0.87921, -0.17680, 465.20068, -30.16547,  6.65196,  0.03507
-0.52753, -0.26519, 464.84985, -29.89648,  6.72976, -0.01753
-0.70337, -0.61879, 463.09570, -29.85806,  6.57416, -0.03507
-1.05505, -0.08840, 464.84985, -29.81963,  6.80757, -0.01753
-0.61545,  0.00000, 464.14819, -30.05019,  6.72976,  0.01753
-0.70337,  0.17680, 464.84985, -29.93491,  6.49636, -0.01753
-0.43961, -0.17680, 464.84985, -30.08862,  6.57416,  0.01753
-0.79129,  0.35359, 465.55151, -29.78120,  6.37966,  0.01753
-0.26376,  0.00000, 465.90234, -29.97334,  6.49636,  0.08767
-0.52753, -0.26519, 466.60400, -30.08862,  6.69086, -0.01753
-0.52753, -0.17680, 465.20068, -29.97334,  6.41856,  0.01753
-0.61545,  0.26519, 464.84985, -29.85806,  6.49636,  0.05260
-0.26376,  0.88398, 464.49902, -29.89648,  6.57416,  0.00000
-0.35168,  0.35359, 464.84985, -29.97334,  6.57416,  0.07014
-0.35168,  0.53039, 465.55151, -29.70435,  6.22406,  0.01753
-0.26376,  0.53039, 464.84985, -29.85806,  6.18516,  0.01753
-0.52753,  0.61879, 465.55151, -29.85806,  6.22406,  0.01753
-0.26376,  0.17680, 464.14819, -29.89648,  6.22406,  0.00000
-0.17584,  0.08840, 465.20068, -29.97334,  6.06846, -0.07014
-0.35168,  0.26519, 465.55151, -30.01176,  6.02956, -0.01753
-0.08792,  0.35359, 466.25317, -29.81963,  6.14626, -0.07014
 0.17584,  0.00000, 465.90234, -29.97334,  6.10736,  0.03507
-0.17584,  0.17680, 465.90234, -29.93491,  6.02956,  0.05260
 0.08792,  0.08840, 465.55151, -29.97334,  6.14626,  0.00000
-0.17584,  0.44199, 464.49902, -29.93491,  6.26296, -0.07014
-0.26376,  0.00000, 465.55151, -30.08862,  6.02956, -0.05260
 0.00000,  0.17680, 463.79736, -30.08862,  6.26296, -0.05260
-0.35168, -0.44199, 464.49902, -30.16547,  6.18516, -0.10521
-0.52753, -0.44199, 465.55151, -30.16547,  6.02956, -0.08767
 0.43961, -0.70718, 463.79736, -30.20390,  5.99066, -0.03507
-0.43961, -0.53039, 464.14819, -30.35761,  6.10736,  0.03507
-0.17584,  0.00000, 465.20068, -30.47289,  6.02956,  0.03507
 0.00000, -0.26519, 466.25317, -30.24233,  6.10736,  0.03507
 0.00000, -0.08840, 463.79736, -30.39604,  5.83506,  0.01753
-0.43961, -0.17680, 465.20068, -30.35761,  5.91286, -0.03507
-0.17584, -0.26519, 464.49902, -30.31918,  6.18516,  0.03507
-0.35168, -0.17680, 468.00732, -30.24233,  6.30186,  0.03507
-0.08792,  0.08840, 467.30566, -30.24233,  5.99066, -0.10521
 0.00000,  0.17680, 465.90234, -30.35761,  6.02956,  0.05260
 0.08792,  0.08840, 465.90234, -30.20390,  6.30186,  0.03507
-0.17584,  0.00000, 465.55151, -30.20390,  6.06846,  0.10521
 0.26376,  0.00000, 466.95483, -30.31918,  6.06846, -0.01753
 0.08792,  0.08840, 464.84985, -30.39604,  5.91286, -0.01753
-0.52753, -0.08840, 465.55151, -30.20390,  6.14626,  0.03507
 0.17584, -0.17680, 465.20068, -30.24233,  6.18516, -0.03507
-0.35168,  0.00000, 464.84985, -30.43446,  6.14626, -0.01753
-0.35168,  0.17680, 465.20068, -30.39604,  6.06846,  0.05260
-0.08792, -0.61879, 464.14819, -30.31918,  6.10736,  0.00000
-0.26376, -0.26519, 464.84985, -30.43446,  6.14626,  0.01753
 0.00000, -0.17680, 465.90234, -30.62660,  6.10736,  0.00000
-0.52753, -0.61879, 465.55151, -30.35761,  6.18516,  0.03507
 0.08792, -0.17680, 465.55151, -30.51132,  6.02956, -0.03507
 0.00000,  0.00000, 465.55151, -30.31918,  5.95176,  0.03507
-0.17584, -0.17680, 464.14819, -30.31918,  5.91286,  0.01753
 0.00000,  0.26519, 467.30566, -30.47289,  5.91286, -0.01753
-0.26376,  0.17680, 465.20068, -30.35761,  5.91286,  0.07014
 0.17584,  0.08840, 465.90234, -30.31918,  5.79616,  0.07014
 0.08792,  0.08840, 465.55151, -30.39604,  5.95176,  0.03507
 0.08792, -0.17680, 465.90234, -30.28075,  5.91286,  0.03507
-0.08792, -0.44199, 465.90234, -30.35761,  5.83506,  0.01753
 0.00000, -0.26519, 464.84985, -30.35761,  5.91286,  0.07014
-0.17584, -0.70718, 464.14819, -30.47289,  5.83506,  0.01753
 0.00000, -0.35359, 464.84985, -30.39604,  5.75726,  0.01753
-0.26376, -0.08840, 464.14819, -30.43446,  5.79616,  0.05260
 0.17584, -0.35359, 466.25317, -30.35761,  5.71836,  0.08767
 0.35168,  0.08840, 464.84985, -30.43446,  5.83506,  0.07014
 0.17584, -0.17680, 465.20068, -30.24233,  5.87396,  0.12274
 0.43961,  0.08840, 464.84985, -30.51132,  5.95176,  0.07014
 0.26376, -0.53039, 466.25317, -30.28075,  5.79616,  0.10521
 0.35168, -0.17680, 466.25317, -30.39604,  5.99066,  0.01753
-0.08792, -0.53039, 466.95483, -30.66503,  5.95176,  0.05260
 0.43961, -0.53039, 465.20068, -30.51132,  6.06846,  0.03507
-0.17584, -0.44199, 467.65649, -30.62660,  5.99066,  0.00000
-0.17584, -0.61879, 466.60400, -30.47289,  6.10736,  0.14027
 0.08792, -0.26519, 467.65649, -30.47289,  6.14626,  0.05260
 0.00000, -0.26519, 467.30566, -30.58817,  6.18516,  0.05260
-0.17584, -0.53039, 465.90234, -30.47289,  6.30186,  0.08767
 0.00000, -0.53039, 465.55151, -30.51132,  6.18516,  0.01753
-0.08792, -0.17680, 465.55151, -30.08862,  6.37966,  0.07014
-0.26376,  0.08840, 464.49902, -30.20390,  6.30186, -0.05260
-0.61545, -0.35359, 464.84985, -29.97334,  6.57416, -0.01753
-0.43961, -0.17680, 464.84985, -30.08862,  6.53526, -0.01753
-0.35168, -0.53039, 464.84985, -29.97334,  6.45746,  0.05260
-0.61545, -0.70718, 464.84985, -30.01176,  6.53526,  0.03507
-0.52753, -0.35359, 465.55151, -29.97334,  6.69086,  0.00000
-0.43961, -0.61879, 464.84985, -30.20390,  6.37966,  0.12274
-0.35168, -0.08840, 465.20068, -29.93491,  6.88537,  0.05260
-0.08792, -0.53039, 465.90234, -29.97334,  6.72976,  0.14027
-0.87921, -0.26519, 465.90234, -29.81963,  6.53526,  0.00000
-0.52753, -0.08840, 467.65649, -29.81963,  6.72976,  0.07014
-0.52753, -0.35359, 465.20068, -29.74277,  6.72976,  0.05260
-0.17584, -0.17680, 465.90234, -29.55064,  6.80757,  0.03507
-0.43961, -0.08840, 465.55151, -29.62749,  6.57416,  0.00000
-0.79129, -0.08840, 465.20068, -29.55064,  6.49636,  0.08767
-0.43961,  0.00000, 464.84985, -29.24322,  6.57416,  0.08767
-0.35168,  0.08840, 464.84985, -29.32007,  6.53526, -0.05260
-0.35168,  0.00000, 464.49902, -29.20479,  6.37966,  0.03507
-0.08792,  0.08840, 466.60400, -29.05108,  6.49636,  0.14027
-0.35168,  0.00000, 464.84985, -29.01265,  6.53526,  0.05260
-0.70337,  0.00000, 465.90234, -29.01265,  6.26296,  0.01753
-0.35168,  0.00000, 464.49902, -29.01265,  6.30186,  0.03507
 0.00000,  0.00000, 465.90234, -28.82051,  6.34076,  0.01753
-0.17584,  0.26519, 466.25317, -28.66681,  6.37966,  0.01753
 0.08792,  0.44199, 465.90234, -28.58995,  6.22406,  0.03507
 0.00000,  0.44199, 466.95483, -28.39782,  6.26296,  0.01753
 0.08792,  0.17680, 465.20068, -28.39782,  6.22406,  0.05260
 0.08792,  0.79558, 465.90234, -28.12882,  6.22406,  0.08767
 0.08792,  0.97238, 463.44653, -28.24411,  6.41856,  0.07014
-0.17584,  1.23757, 465.55151, -27.82140,  6.34076,  0.07014
 0.26376,  0.79558, 463.44653, -28.01354,  6.34076,  0.01753
-0.17584,  0.88398, 464.49902, -27.89826,  6.49636,  0.07014
 0.08792,  0.88398, 464.14819, -27.82140,  6.22406,  0.00000
-0.17584,  0.79558, 465.90234, -27.97511,  6.65196,  0.00000
-0.43961,  0.70718, 464.14819, -27.93669,  6.53526,  0.03507
 0.17584,  0.35359, 463.79736, -28.01354,  6.45746,  0.00000
-0.17584,  0.26519, 464.84985, -28.01354,  6.45746,  0.01753
 0.00000,  0.70718, 465.55151, -27.82140,  6.57416,  0.01753
-0.17584,  0.26519, 464.49902, -28.09040,  6.61306,  0.01753
 0.17584,  0.79558, 465.90234, -28.01354,  6.65196,  0.01753
 0.08792,  0.70718, 464.49902, -27.85983,  6.65196, -0.05260
-0.08792,  0.97238, 465.20068, -27.85983,  6.69086,  0.03507
 0.17584,  0.79558, 465.20068, -27.89826,  6.76867,  0.01753
 0.00000,  0.97238, 466.95483, -27.70612,  6.80757,  0.03507
 0.00000,  0.61879, 465.20068, -27.70612,  6.84647,  0.01753
 0.26376,  0.70718, 464.49902, -27.70612,  6.96317,  0.01753
-0.26376,  0.61879, 465.20068, -27.66769,  6.76867,  0.01753
-0.26376,  0.88398, 465.90234, -27.74455,  6.96317,  0.01753
-0.08792,  0.44199, 463.79736, -27.82140,  6.84647,  0.05260
-0.43961,  0.44199, 463.09570, -27.70612,  6.96317,  0.01753
-0.35168,  1.06078, 464.49902, -27.59084,  6.92427,  0.05260
-0.35168,  0.79558, 466.60400, -27.62927,  7.15767,  0.01753
-0.17584,  1.06078, 464.14819, -27.55241,  7.00207,  0.03507
-0.35168,  0.97238, 465.20068, -27.43713,  6.92427,  0.03507
-0.35168,  0.79558, 466.25317, -27.55241,  7.00207,  0.00000
-0.17584,  0.97238, 465.90234, -27.47556,  7.00207,  0.00000
-0.43961,  1.14917, 465.90234, -27.55241,  7.19657,  0.03507
-0.26376,  0.79558, 464.84985, -27.59084,  7.04097,  0.03507
-0.43961,  0.53039, 464.84985, -27.51398,  6.92427,  0.01753
-0.52753,  0.44199, 466.25317, -27.66769,  7.04097,  0.01753
-0.35168,  0.35359, 465.55151, -27.70612,  7.11877, -0.01753
-0.26376,  0.08840, 466.25317, -27.62927,  7.11877,  0.00000
-0.26376,  0.26519, 463.09570, -27.66769,  7.23547,  0.03507
-0.43961,  0.61879, 464.49902, -27.55241,  7.19657,  0.03507
-0.26376,  0.35359, 464.49902, -27.62927,  6.96317,  0.05260
-0.26376,  0.61879, 464.84985, -27.70612,  7.15767,  0.03507
-0.43961,  0.26519, 464.49902, -27.89826,  7.15767,  0.12274
 0.17584,  0.00000, 463.09570, -28.01354,  7.27437,  0.00000
-0.52753, -0.08840, 466.25317, -27.89826,  7.11877,  0.05260
-0.35168, -0.17680, 465.20068, -27.97511,  7.31327,  0.01753
-0.43961,  0.26519, 463.79736, -27.97511,  7.31327,  0.05260
-0.26376, -0.17680, 465.90234, -28.24411,  7.35217,  0.03507
-0.08792,  0.00000, 464.84985, -28.01354,  7.31327,  0.03507
-0.17584,  0.00000, 464.49902, -28.01354,  7.46887,  0.01753
-0.17584,  0.08840, 464.84985, -28.01354,  7.39107,  0.03507
-0.26376,  0.08840, 466.25317, -27.93669,  7.58557, -0.03507
-0.26376,  0.08840, 465.90234, -27.85983,  7.31327, -0.01753
-0.08792,  0.26519, 466.60400, -27.93669,  7.35217, -0.01753
-0.35168, -0.08840, 465.90234, -27.97511,  7.66337,  0.01753
-0.43961,  0.17680, 465.55151, -27.82140,  7.62447,  0.01753
-0.17584,  0.35359, 465.20068, -27.74455,  7.58557, -0.05260
-0.43961,  0.44199, 463.79736, -27.74455,  7.70227, -0.03507
-1.05505, -0.08840, 464.49902, -27.74455,  7.74117, -0.05260
-0.70337,  0.35359, 463.44653, -27.66769,  7.62447, -0.10521
-1.14297,  0.44199, 465.20068, -27.66769,  7.81898, -0.07014
-0.87921,  0.08840, 463.79736, -27.66769,  7.89678, -0.12274
-1.05505,  0.17680, 463.79736, -27.62927,  7.78008, -0.12274
-1.31882,  0.08840, 463.09570, -27.55241,  8.05238, -0.05260
-0.96713,  0.08840, 464.84985, -27.36028,  8.05238, -0.10521
-0.96713,  0.61879, 465.55151, -27.47556,  8.44138, -0.01753
-0.79129,  0.17680, 466.60400, -27.32185,  8.28578, -0.14027
-1.05505,  0.53039, 465.90234, -27.20657,  8.13018, -0.08767
-1.23090,  0.97238, 465.90234, -27.12971,  8.24688, -0.14027
-1.49466,  0.97238, 465.90234, -26.93758,  8.20798, -0.05260
-1.23090,  1.50277, 467.30566, -26.78387,  8.28578, -0.10521
-1.31882,  1.32597, 465.55151, -26.74544,  8.36358, -0.03507
-1.23090,  1.41437, 466.25317, -26.59173,  8.40248, -0.08767
-1.49466,  1.23757, 465.20068, -26.86072,  8.55808, -0.07014
-1.49466,  1.14917, 464.49902, -26.63016,  8.24688, -0.14027
-1.23090,  1.06078, 465.55151, -26.63016,  8.40248, -0.08767
-1.14297,  0.79558, 465.55151, -26.59173,  8.40248, -0.07014
-1.14297,  0.97238, 466.25317, -26.66858,  8.24688, -0.14027
-1.31882,  1.41437, 465.90234, -26.66858,  8.13018, -0.10521
-1.40674,  0.97238, 467.65649, -26.70701,  8.13018, -0.08767
-0.79129,  1.50277, 466.25317, -26.47645,  8.24688, -0.05260
-0.70337,  1.50277, 465.90234, -26.47645,  8.09128,  0.01753
-0.96713,  1.59116, 465.90234, -26.43802,  7.93568, -0.08767
-0.79129,  1.50277, 465.55151, -26.47645,  7.89678,  0.00000
-1.14297,  1.59116, 465.55151, -26.55330,  8.01348, -0.05260
-0.79129,  1.67956, 466.60400, -26.55330,  7.85788, -0.03507
-0.87921,  1.41437, 465.90234, -26.66858,  7.85788, -0.01753
-0.61545,  1.41437, 465.20068, -26.82229,  7.97458, -0.05260
-0.79129,  1.32597, 465.20068, -26.59173,  7.58557,  0.00000
-0.79129,  1.32597, 465.20068, -26.63016,  7.54667, -0.01753
-0.43961,  0.70718, 463.79736, -26.59173,  7.74117, -0.03507
 0.00000,  0.97238, 465.55151, -26.86072,  7.62447, -0.01753
-0.61545,  0.53039, 464.49902, -26.86072,  7.54667, -0.01753
-0.43961,  0.61879, 465.55151, -27.01443,  7.35217,  0.08767
-0.17584,  0.79558, 466.25317, -27.09129,  7.27437,  0.08767
-0.08792,  0.61879, 465.55151, -27.16814,  7.42997,  0.12274
 0.17584,  0.44199, 465.20068, -27.28342,  7.27437,  0.03507
-0.17584,  0.35359, 465.20068, -27.20657,  7.50777,  0.03507
-0.61545,  0.53039, 464.84985, -27.24500,  7.39107,  0.05260
-0.26376,  0.35359, 465.20068, -27.12971,  7.31327,  0.03507
-0.43961,  0.53039, 465.90234, -27.24500,  7.23547,  0.07014
-0.43961,  0.97238, 464.84985, -27.32185,  7.15767, -0.01753
-0.08792,  0.79558, 463.79736, -27.39870,  7.50777,  0.08767
-0.17584,  0.35359, 464.84985, -27.32185,  7.04097,  0.10521
-0.26376,  0.44199, 464.84985, -27.43713,  7.15767,  0.07014
-0.08792,  0.44199, 464.84985, -27.43713,  7.15767,  0.05260
-0.35168,  0.35359, 462.39404, -27.36028,  7.04097,  0.03507
-0.35168,  0.08840, 464.84985, -27.55241,  7.11877,  0.05260
-0.26376,  0.70718, 464.84985, -27.51398,  7.11877,  0.01753
-0.26376,  0.35359, 466.60400, -27.59084,  7.00207,  0.01753
-0.35168,  0.97238, 464.84985, -27.62927,  7.11877, -0.01753
-0.17584,  0.88398, 466.25317, -27.59084,  7.04097,  0.00000
-0.35168,  0.70718, 465.55151, -27.55241,  6.84647,  0.01753
 0.00000,  1.14917, 464.49902, -27.62927,  6.88537,  0.07014
-0.08792,  1.32597, 466.25317, -27.55241,  6.76867,  0.07014
 0.00000,  0.61879, 466.60400, -27.62927,  6.84647, -0.03507
-0.26376,  0.61879, 466.60400, -27.70612,  6.65196,  0.10521
-0.08792,  0.88398, 465.55151, -27.82140,  6.65196, -0.01753
-0.17584,  0.61879, 464.84985, -27.93669,  6.61306,  0.08767
 0.17584,  0.53039, 464.84985, -27.78298,  6.49636, -0.01753
-0.35168,  0.17680, 466.60400, -27.93669,  6.37966,  0.01753
-0.17584,  0.61879, 465.20068, -27.97511,  6.45746,  0.10521
-0.35168,  0.00000, 465.20068, -27.97511,  6.41856, -0.05260
-0.26376,  0.70718, 465.90234, -28.05197,  6.37966,  0.01753
-0.43961,  0.35359, 465.90234, -28.12882,  6.10736,  0.10521
-0.35168,  0.35359, 464.14819, -28.09040,  6.49636,  0.07014
 0.08792,  0.70718, 466.25317, -27.93669,  6.26296,  0.08767
-0.08792,  0.35359, 465.90234, -28.09040,  6.10736,  0.03507
-0.26376,  0.17680, 465.55151, -28.20568,  5.83506,  0.03507
-0.08792,  0.00000, 466.95483, -28.28253,  5.91286,  0.05260
-0.08792,  0.17680, 465.55151, -28.24411,  6.06846, -0.01753
 0.08792,  0.26519, 466.25317, -28.20568,  5.99066,  0.01753
 0.08792,  0.61879, 467.30566, -27.97511,  5.91286,  0.00000
 0.26376,  0.26519, 464.84985, -28.32096,  6.06846,  0.05260
 0.52753,  0.35359, 465.20068, -28.09040,  5.99066,  0.03507
-0.08792,  0.70718, 465.20068, -28.32096,  5.64055,  0.05260
 0.26376,  0.35359, 464.14819, -28.16725,  5.75726,  0.00000
 0.17584,  0.00000, 464.49902, -28.35939,  5.64055,  0.01753
 0.43961,  0.08840, 464.84985, -28.35939,  5.87396, -0.01753
 0.17584,  0.08840, 465.20068, -28.28253,  5.75726,  0.07014
 0.26376,  0.17680, 464.84985, -28.55153,  5.71836,  0.00000
 0.17584,  0.17680, 463.79736, -28.47467,  5.75726,  0.00000
 0.17584,  0.17680, 464.49902, -28.47467,  5.75726,  0.00000
 0.17584,  0.00000, 466.95483, -28.70523,  5.71836,  0.05260
 0.08792,  0.35359, 464.49902, -28.66681,  5.67945,  0.03507
 0.35168,  0.17680, 466.95483, -28.58995,  5.71836, -0.01753
 0.52753,  0.00000, 466.25317, -28.66681,  5.67945,  0.07014
 0.79129,  0.17680, 465.55151, -28.70523,  5.75726,  0.00000
 0.35168,  0.53039, 466.95483, -28.66681,  5.67945,  0.12274
 0.70337,  0.35359, 465.20068, -28.74366,  5.52385,  0.00000
 0.70337,  0.53039, 464.49902, -28.74366,  5.79616,  0.07014
 0.43961,  0.35359, 464.14819, -28.78209,  5.48495, -0.07014
 0.26376,  0.53039, 465.20068, -28.55153,  5.56275,  0.03507
 0.17584,  0.44199, 464.49902, -28.70523,  5.83506,  0.03507
 0.08792,  0.61879, 464.84985, -28.66681,  5.64055,  0.00000
 0.35168,  0.35359, 465.55151, -28.55153,  5.71836, -0.07014
 0.26376,  0.44199, 466.25317, -28.82051,  5.60165,  0.00000
-0.17584,  0.17680, 465.90234, -28.93580,  5.56275,  0.03507
 0.35168,  0.79558, 464.49902, -28.85894,  5.60165,  0.03507
-0.17584,  0.44199, 464.14819, -29.05108,  5.52385,  0.10521
 0.00000,  0.26519, 465.55151, -29.05108,  5.52385,  0.08767
 0.17584,  0.35359, 466.25317, -29.20479,  5.56275,  0.10521
 0.00000, -0.08840, 465.20068, -29.16636,  5.56275,  0.03507
 0.08792,  0.17680, 465.55151, -29.16636,  5.67945,  0.05260
 0.17584,  0.44199, 464.49902, -29.32007,  5.67945,  0.07014
-0.08792,  0.00000, 466.25317, -29.24322,  5.56275,  0.12274
 0.26376,  0.08840, 464.14819, -29.24322,  5.60165,  0.05260
 0.26376,  0.35359, 464.49902, -29.35850,  5.67945,  0.03507
 0.17584,  0.08840, 464.14819, -29.43535,  5.67945,  0.03507
 0.00000, -0.26519, 465.20068, -29.43535,  5.64055,  0.07014
 0.17584, -0.26519, 465.90234, -29.43535,  5.71836,  0.07014
-0.35168, -0.08840, 466.25317, -29.70435,  5.48495,  0.08767
 0.35168, -0.08840, 465.55151, -29.78120,  5.71836,  0.08767
 0.17584, -0.08840, 465.55151, -29.70435,  5.64055,  0.01753
 0.17584, -0.08840, 464.14819, -29.78120,  5.67945,  0.07014
 0.26376, -0.44199, 465.55151, -29.89648,  5.67945,  0.05260
 0.00000, -0.53039, 464.84985, -30.01176,  5.75726,  0.07014
 0.17584, -0.53039, 466.60400, -30.24233,  5.71836,  0.07014
 0.00000, -0.61879, 465.20068, -30.08862,  5.75726,  0.03507
-0.17584, -0.53039, 464.84985, -30.24233,  5.83506,  0.05260
-0.26376,  0.00000, 466.60400, -30.05019,  5.83506,  0.01753
-0.17584, -0.61879, 464.84985, -30.35761,  5.83506,  0.01753
 0.00000, -0.17680, 464.49902, -30.16547,  5.91286,  0.05260
 0.17584, -0.44199, 465.90234, -30.47289,  5.95176,  0.10521
-0.61545, -0.70718, 463.79736, -30.62660,  5.95176,  0.03507
 0.08792, -0.70718, 465.55151, -30.70346,  6.14626,  0.01753
-0.26376, -0.88398, 463.44653, -30.66503,  6.02956,  0.00000
 0.00000, -0.79558, 464.84985, -30.62660,  5.91286,  0.01753
 0.17584, -0.79558, 465.55151, -30.74188,  5.91286,  0.03507
-0.26376, -0.79558, 466.25317, -30.66503,  6.14626,  0.01753
-0.43961, -0.70718, 465.20068, -30.78031,  5.95176,  0.01753
 0.26376, -0.97238, 464.84985, -30.81874,  5.95176, -0.01753
-0.43961, -0.53039, 463.44653, -30.81874,  6.22406,  0.01753
 0.00000, -1.06078, 465.55151, -30.78031,  5.99066,  0.01753
-0.17584, -0.79558, 464.84985, -30.66503,  6.02956,  0.03507
-0.52753, -0.88398, 467.65649, -30.66503,  6.22406,  0.10521
-0.08792, -0.79558, 468.00732, -30.74188,  6.10736,  0.01753
-0.26376, -0.61879, 465.90234, -30.78031,  6.34076,  0.00000
-0.17584, -0.70718, 464.84985, -30.58817,  6.14626,  0.01753
-0.17584, -0.79558, 464.84985, -30.58817,  6.14626,  0.01753
-0.26376, -0.17680, 464.49902, -30.51132,  6.02956,  0.00000
 0.08792, -0.61879, 465.90234, -30.62660,  6.14626,  0.07014
-0.26376, -0.53039, 464.14819, -30.43446,  6.18516,  0.00000
 0.17584, -0.53039, 465.20068, -30.43446,  6.34076,  0.07014
-0.52753, -0.44199, 464.84985, -30.39604,  6.06846,  0.01753
 0.08792,  0.08840, 465.55151, -30.35761,  6.06846,  0.07014
 0.08792, -0.17680, 466.25317, -30.05019,  6.10736,  0.08767
 0.08792,  0.17680, 466.95483, -30.20390,  6.22406,  0.03507
-0.26376, -0.35359, 466.95483, -30.12704,  6.06846,  0.05260
-0.61545, -0.35359, 466.60400, -30.16547,  6.37966,  0.10521
-0.35168,  0.00000, 466.60400, -30.05019,  6.18516,  0.05260
 0.17584, -0.44199, 463.44653, -30.08862,  6.22406,  0.08767
 0.00000, -0.35359, 465.90234, -29.97334,  6.18516,  0.12274
-0.26376,  0.00000, 465.90234, -29.81963,  6.18516,  0.07014
-0.43961, -0.26519, 466.25317, -29.78120,  6.10736,  0.05260
 0.26376, -0.08840, 465.55151, -29.89648,  6.26296,  0.01753
-0.35168, -0.08840, 463.44653, -29.66592,  6.02956,  0.00000
-0.35168,  0.08840, 464.14819, -29.62749,  6.02956,  0.05260
-0.43961, -0.08840, 464.84985, -29.66592,  6.14626,  0.05260
-0.61545,  0.00000, 465.20068, -29.58906,  6.10736,  0.03507
-0.35168, -0.17680, 465.20068, -29.89648,  6.26296,  0.07014
-0.08792,  0.00000, 464.49902, -29.66592,  6.30186,  0.00000
-0.08792, -0.26519, 465.20068, -29.70435,  5.99066,  0.05260
 0.00000, -0.44199, 465.90234, -29.74277,  6.10736,  0.03507
-0.17584, -0.44199, 467.30566, -29.74277,  6.02956,  0.08767
-0.35168, -0.35359, 466.25317, -29.81963,  6.06846,  0.15781
 0.00000, -0.17680, 464.49902, -29.81963,  6.10736,  0.07014
-0.35168, -0.17680, 465.20068, -29.62749,  6.18516,  0.00000
-0.61545, -0.17680, 466.95483, -29.62749,  6.41856,  0.14027
-0.17584, -0.08840, 466.60400, -29.58906,  6.18516,  0.12274
-0.26376,  0.44199, 464.84985, -29.43535,  6.34076,  0.01753
 0.08792,  0.17680, 465.20068, -29.39693,  6.45746,  0.05260
-0.35168,  0.35359, 466.60400, -29.35850,  6.41856,  0.03507
-0.08792,  0.26519, 466.60400, -29.08951,  6.49636,  0.07014
-0.08792,  0.35359, 463.44653, -28.93580,  6.30186,  0.07014
-0.35168,  0.35359, 465.90234, -28.89737,  6.37966, -0.01753
-0.08792,  0.17680, 464.14819, -28.85894,  6.37966, -0.05260
-0.52753,  0.79558, 466.25317, -28.89737,  6.37966,  0.08767
-0.35168,  0.97238, 465.55151, -28.93580,  6.53526,  0.01753
-0.17584,  0.70718, 466.25317, -28.78209,  6.30186,  0.03507
-0.08792,  0.70718, 467.30566, -28.89737,  6.53526, -0.03507
 0.17584,  0.88398, 465.55151, -28.82051,  6.34076,  0.03507
-0.17584,  0.53039, 465.20068, -28.74366,  6.49636,  0.03507
-0.26376,  0.79558, 466.25317, -28.82051,  6.45746, -0.01753
 0.00000,  0.88398, 466.60400, -28.47467,  6.45746,  0.05260
 0.17584,  0.70718, 465.20068, -28.66681,  6.30186, -0.03507
 0.00000,  0.70718, 464.14819, -28.74366,  6.53526,  0.01753
 0.17584,  0.53039, 463.79736, -28.62838,  6.37966,  0.03507
-0.26376,  0.53039, 466.60400, -28.51310,  6.37966,  0.03507
-0.17584,  0.26519, 464.14819, -28.78209,  6.34076,  0.01753
 0.00000,  0.61879, 465.90234, -28.66681,  6.45746, -0.01753
 0.08792,  0.35359, 466.25317, -28.85894,  6.65196,  0.03507
-0.26376,  0.00000, 464.49902, -28.89737,  6.53526, -0.01753
-0.08792,  0.53039, 463.79736, -28.78209,  6.45746, -0.03507
-0.35168, -0.53039, 464.84985, -28.93580,  6.69086,  0.03507
-0.26376,  0.17680, 465.55151, -28.93580,  6.45746, -0.03507
-0.08792,  0.08840, 464.84985, -28.85894,  6.57416, -0.01753
 0.00000, -0.08840, 465.55151, -28.93580,  6.69086,  0.01753
 0.00000,  0.00000, 467.30566, -28.93580,  6.57416, -0.07014
-0.08792,  0.00000, 465.20068, -28.97422,  6.69086, -0.03507
-0.35168,  0.00000, 468.00732, -29.08951,  6.65196, -0.01753
-0.08792,  0.08840, 466.60400, -29.01265,  6.69086, -0.03507
-0.08792,  0.17680, 465.55151, -29.01265,  6.72976, -0.03507
-0.52753, -0.17680, 465.90234, -28.89737,  6.69086, -0.05260
-0.52753,  0.08840, 465.90234, -29.01265,  6.61306, -0.03507
-0.35168,  0.44199, 465.90234, -28.74366,  6.84647, -0.03507
-0.26376, -0.26519, 465.20068, -28.85894,  6.80757, -0.01753
-0.43961,  0.44199, 467.30566, -28.78209,  6.88537,  0.05260
-0.35168,  0.00000, 465.20068, -28.66681,  7.00207, -0.01753
-0.08792,  0.35359, 465.55151, -28.66681,  6.88537, -0.01753
-0.61545,  0.17680, 466.95483, -28.58995,  6.92427,  0.00000
-0.87921,  0.53039, 464.49902, -28.55153,  6.88537,  0.07014
-0.08792,  0.35359, 465.55151, -28.58995,  6.84647,  0.01753
-0.61545,  0.17680, 465.55151, -28.47467,  7.04097, -0.01753
-0.61545,  0.53039, 463.79736, -28.51310,  6.88537,  0.01753
-0.70337,  0.35359, 465.20068, -28.58995,  7.04097,  0.00000
-0.35168,  0.53039, 464.84985, -28.51310,  7.07987,  0.00000
-0.52753,  0.70718, 464.84985, -28.43624,  7.15767,  0.00000
-0.52753,  0.61879, 465.90234, -28.35939,  7.11877, -0.12274
-0.61545,  1.14917, 465.55151, -28.24411,  7.07987,  0.01753
-0.61545,  0.61879, 465.90234, -28.20568,  7.11877, -0.03507
-0.52753,  0.35359, 465.20068, -28.09040,  7.15767,  0.01753
-0.61545,  0.44199, 465.20068, -28.24411,  7.11877, -0.03507
-0.70337,  0.70718, 465.55151, -28.28253,  7.15767, -0.01753
-0.52753,  0.44199, 465.20068, -28.32096,  7.15767,  0.03507
-0.70337,  0.44199, 465.90234, -28.32096,  7.27437, -0.07014
-0.79129,  0.61879, 465.20068, -28.35939,  7.31327,  0.01753
-0.96713,  0.35359, 463.79736, -28.39782,  7.42997, -0.01753
-0.79129,  0.44199, 465.55151, -28.20568,  7.50777,  0.03507
-0.61545,  0.08840, 465.55151, -28.39782,  7.11877,  0.03507
-0.61545,  0.08840, 466.25317, -28.47467,  7.35217,  0.03507
-0.52753,  0.26519, 466.60400, -28.35939,  7.31327,  0.00000
-0.43961,  0.26519, 468.00732, -28.47467,  7.50777,  0.00000
-0.61545,  0.08840, 464.84985, -28.35939,  7.46887,  0.07014
-0.43961,  0.35359, 464.49902, -28.43624,  7.35217,  0.05260
-0.52753,  0.35359, 464.14819, -28.43624,  7.35217,  0.05260
-0.52753,  0.08840, 463.44653, -28.39782,  7.23547, -0.07014
-0.35168,  0.17680, 464.84985, -28.43624,  7.15767,  0.01753
-0.87921,  0.26519, 464.84985, -28.35939,  7.31327, -0.01753
-0.70337,  0.26519, 464.14819, -28.39782,  7.27437,  0.05260
-0.87921,  0.00000, 465.55151, -28.35939,  7.19657, -0.03507
-0.79129,  0.53039, 464.49902, -28.39782,  7.23547, -0.03507
-0.52753,  0.26519, 464.84985, -28.55153,  7.19657,  0.00000
-0.79129,  0.00000, 465.20068, -28.32096,  7.31327,  0.05260
-0.17584,  0.00000, 465.90234, -28.43624,  7.27437, -0.01753
-0.52753,  0.44199, 466.95483, -28.47467,  7.19657,  0.00000
-0.26376,  0.17680, 466.60400, -28.12882,  7.11877,  0.03507
-0.61545,  0.44199, 466.95483, -28.32096,  7.35217,  0.05260
-0.17584,  0.26519, 464.49902, -28.39782,  7.27437,  0.08767
-0.79129,  0.53039, 464.49902, -28.32096,  7.31327,  0.07014
-0.17584,  0.61879, 465.55151, -28.16725,  7.23547,  0.05260
-0.43961,  0.79558, 465.55151, -28.09040,  7.19657,  0.03507
-0.52753,  0.61879, 465.20068, -28.05197,  7.23547,  0.03507
-0.52753,  0.53039, 465.90234, -27.97511,  7.11877,  0.08767
-0.26376,  0.35359, 466.60400, -28.09040,  6.92427, -0.07014
-0.43961,  0.17680, 465.20068, -28.01354,  6.92427,  0.00000
-0.35168,  0.26519, 464.49902, -28.09040,  7.07987, -0.01753
-0.08792, -0.44199, 465.20068, -28.05197,  7.07987,  0.08767
-0.26376,  0.35359, 467.30566, -28.24411,  7.04097,  0.05260
-0.70337, -0.17680, 465.90234, -28.35939,  7.15767,  0.01753
 0.17584, -0.26519, 465.55151, -28.39782,  7.00207,  0.03507
-0.17584, -0.17680, 465.90234, -28.24411,  7.07987,  0.01753
 0.00000, -0.17680, 464.84985, -28.28253,  7.04097,  0.00000
 0.00000, -0.53039, 466.60400, -28.47467,  7.04097,  0.03507
-0.08792, -0.35359, 465.55151, -28.47467,  6.96317,  0.08767
-0.35168, -0.26519, 464.84985, -28.43624,  6.84647,  0.01753
-0.26376, -0.08840, 463.44653, -28.51310,  7.00207,  0.03507
 0.00000, -0.35359, 463.44653, -28.47467,  7.07987,  0.03507
-0.26376, -0.26519, 465.20068, -28.35939,  7.19657,  0.01753
-0.17584, -0.61879, 464.49902, -28.47467,  7.07987,  0.03507
 0.08792, -0.26519, 464.49902, -28.47467,  7.15767, -0.01753
 0.08792, -0.53039, 465.90234, -28.39782,  7.11877,  0.03507
-0.17584, -0.26519, 465.20068, -28.39782,  7.19657,  0.07014
 0.08792, -0.17680, 465.90234, -28.16725,  7.27437,  0.07014
-0.61545, -0.08840, 465.55151, -28.32096,  7.00207, -0.03507
-0.17584, -0.44199, 466.95483, -28.16725,  7.07987,  0.00000
-0.70337, -0.08840, 465.90234, -28.24411,  7.19657,  0.03507
-0.35168,  0.35359, 466.25317, -28.16725,  7.15767, -0.01753
-0.43961,  0.35359, 465.20068, -28.09040,  7.04097,  0.03507
-0.08792,  0.00000, 465.20068, -28.05197,  7.19657,  0.01753
-0.52753, -0.08840, 466.25317, -28.09040,  7.19657,  0.01753
-0.35168,  0.26519, 466.25317, -27.97511,  7.23547, -0.05260
-0.43961,  0.00000, 465.55151, -28.01354,  7.23547, -0.05260
-0.61545,  0.00000, 465.90234, -27.93669,  7.11877, -0.07014
-0.70337,  0.35359, 464.84985, -27.93669,  7.11877, -0.01753
-0.17584,  0.44199, 466.60400, -27.85983,  7.15767,  0.07014
-0.26376,  0.79558, 465.55151, -27.66769,  7.07987, -0.03507
-0.79129,  0.17680, 465.55151, -27.74455,  7.15767, -0.03507
-0.35168,  0.26519, 465.90234, -27.62927,  7.07987, -0.03507
-0.35168,  0.61879, 466.60400, -27.89826,  7.23547,  0.00000
-0.26376,  0.35359, 464.84985, -27.93669,  7.07987, -0.05260
-0.43961,  0.35359, 467.65649, -27.85983,  7.11877,  0.03507
-0.17584,  0.08840, 465.55151, -27.85983,  7.19657,  0.05260
-0.08792, -0.08840, 465.20068, -27.74455,  7.27437,  0.03507
-0.35168,  0.00000, 466.25317, -27.70612,  6.96317, -0.01753
-0.35168,  0.17680, 465.20068, -27.74455,  7.04097,  0.01753
-0.08792, -0.08840, 464.49902, -27.78298,  7.00207,  0.01753
-0.35168,  0.08840, 464.49902, -27.82140,  6.92427,  0.01753
-0.61545, -0.26519, 462.74487, -27.62927,  7.23547,  0.03507
-0.17584,  0.17680, 464.49902, -27.82140,  7.07987,  0.01753
-0.52753,  0.08840, 465.55151, -27.70612,  7.27437,  0.07014
-0.17584,  0.00000, 464.84985, -27.82140,  7.07987,  0.00000
 0.08792, -0.26519, 465.55151, -27.89826,  7.15767,  0.03507
-0.35168,  0.00000, 464.84985, -27.82140,  7.07987,  0.08767
-0.43961, -0.26519, 466.60400, -27.89826,  7.07987,  0.01753
-0.35168, -0.26519, 467.30566, -27.85983,  7.23547,  0.08767
 0.08792, -0.17680, 465.55151, -27.66769,  7.27437,  0.00000
-0.26376, -0.17680, 465.55151, -27.74455,  7.15767,  0.05260
 0.08792,  0.00000, 465.55151, -27.70612,  7.00207,  0.08767
-0.26376, -0.26519, 465.20068, -27.62927,  6.96317,  0.03507
 0.00000, -0.26519, 466.25317, -27.66769,  7.11877,  0.03507
-0.35168, -0.26519, 466.60400, -27.78298,  7.00207,  0.08767
 0.00000, -0.08840, 464.84985, -27.66769,  7.07987,  0.08767
 0.26376, -0.35359, 466.95483, -27.70612,  7.11877,  0.03507
-0.08792, -0.35359, 464.84985, -27.47556,  7.15767,  0.07014
-0.26376, -0.35359, 463.44653, -27.55241,  7.19657,  0.00000
-0.26376,  0.00000, 463.79736, -27.39870,  7.15767,  0.03507
 0.00000, -0.08840, 463.79736, -27.28342,  7.15767, -0.01753
-0.43961,  0.79558, 464.49902, -27.05286,  7.27437,  0.03507
-0.26376, -0.17680, 465.20068, -27.09129,  7.11877,  0.01753
-0.17584, -0.08840, 464.14819, -27.09129,  7.23547,  0.03507
-0.43961,  0.08840, 465.20068, -27.09129,  7.39107,  0.03507
-0.43961, -0.17680, 465.20068, -26.82229,  7.15767,  0.00000
 0.17584,  0.26519, 466.25317, -27.05286,  7.27437,  0.01753
 0.00000,  0.35359, 467.65649, -26.82229,  7.27437,  0.12274
-0.08792,  0.44199, 466.95483, -26.86072,  7.07987,  0.03507
-0.43961,  0.17680, 466.60400, -26.74544,  6.92427,  0.07014
 0.00000,  0.53039, 465.20068, -26.63016,  7.00207,  0.05260
-0.17584,  0.44199, 465.20068, -26.55330,  7.15767,  0.01753
-0.17584,  0.70718, 466.25317, -26.51487,  7.00207,  0.01753
-0.26376,  0.97238, 466.25317, -26.32274,  6.96317,  0.07014
 0.00000,  0.61879, 465.90234, -26.16903,  7.07987,  0.01753
-0.17584,  0.44199, 465.20068, -26.28431,  7.00207, -0.01753
-0.43961,  0.97238, 464.84985, -26.09217,  7.23547,  0.10521
-0.17584,  0.88398, 464.84985, -26.09217,  7.07987,  0.03507
 0.00000,  0.61879, 465.20068, -26.05375,  7.07987,  0.07014
-0.26376,  0.53039, 464.84985, -25.90004,  7.04097,  0.07014
-0.08792,  0.61879, 465.55151, -25.97689,  6.96317,  0.14027
-0.08792,  0.88398, 466.60400, -25.93847,  7.00207,  0.03507
 0.08792,  0.70718, 465.20068, -25.86161,  7.19657,  0.05260
-0.08792,  1.14917, 466.60400, -25.70790,  7.11877,  0.05260
-0.17584,  0.70718, 466.60400, -25.63105,  7.11877,  0.05260
-0.17584,  0.61879, 465.55151, -25.70790,  6.96317,  0.05260
-0.26376,  0.97238, 465.55151, -25.47734,  7.11877, -0.03507
-0.26376,  0.88398, 463.44653, -25.36205,  7.04097,  0.08767
 0.08792,  1.59116, 466.25317, -25.36205,  7.19657,  0.03507
-0.17584,  1.41437, 463.79736, -25.40048,  7.07987,  0.08767
-0.17584,  0.88398, 464.14819, -25.40048,  7.11877,  0.08767
-0.08792,  1.14917, 464.84985, -25.36205,  7.19657,  0.05260
 0.08792,  0.61879, 464.14819, -25.32363,  7.15767,  0.08767
 0.00000,  0.70718, 466.25317, -25.43891,  7.19657,  0.07014
-0.08792,  0.97238, 466.60400, -25.51576,  7.11877,  0.14027
-0.17584,  0.88398, 466.60400, -25.43891,  7.15767,  0.05260
 0.08792,  0.97238, 465.20068, -25.28520,  7.19657,  0.07014
-0.35168,  0.70718, 465.20068, -25.40048,  7.15767,  0.08767
-0.17584,  1.06078, 464.49902, -25.47734,  7.19657,  0.00000
-0.17584,  0.97238, 465.55151, -25.09306,  7.15767,  0.10521
-0.17584,  0.97238, 465.55151, -25.24677,  7.15767, -0.01753
-0.43961,  1.23757, 465.20068, -25.36205,  7.15767, -0.03507
-0.17584,  0.88398, 466.60400, -25.16992,  7.31327,  0.05260
-0.35168,  0.79558, 464.84985, -25.24677,  7.31327,  0.07014
-0.08792,  0.97238, 464.14819, -25.28520,  7.27437,  0.05260
-0.08792,  0.88398, 465.90234, -25.16992,  7.27437,  0.03507
-0.08792,  1.06078, 465.55151, -25.32363,  7.42997,  0.01753
-0.43961,  0.79558, 464.14819, -25.36205,  7.46887,  0.01753
 0.00000,  0.79558, 465.90234, -25.16992,  7.46887, -0.01753
-0.08792,  0.97238, 463.44653, -25.24677,  7.31327,  0.03507
-0.17584,  0.61879, 466.25317, -25.40048,  7.31327,  0.00000
-0.08792,  1.23757, 465.55151, -25.40048,  7.46887,  0.01753
-0.08792,  0.70718, 464.49902, -25.40048,  7.39107,  0.01753
-0.17584,  0.70718, 465.55151, -25.55419,  7.46887,  0.00000
-0.08792,  0.35359, 464.49902, -25.36205,  7.50777, -0.05260
-0.17584,  0.53039, 464.84985, -25.43891,  7.42997,  0.01753
 0.00000,  0.08840, 466.25317, -25.51576,  7.39107, -0.01753
-0.26376,  0.88398, 465.55151, -25.51576,  7.46887,  0.00000
-0.26376,  0.53039, 465.55151, -25.40048,  7.42997,  0.07014
-0.43961,  0.61879, 465.20068, -25.51576,  7.58557,  0.00000
-0.26376,  0.44199, 465.20068, -25.55419,  7.50777, -0.01753
-0.17584,  0.53039, 465.20068, -25.63105,  7.50777, -0.05260
-0.08792,  0.35359, 463.79736, -25.74633,  7.66337,  0.00000
-0.52753,  0.17680, 464.84985, -25.78476,  7.66337,  0.05260
-0.35168,  0.08840, 465.90234, -25.78476,  7.54667, -0.07014
-0.35168, -0.26519, 464.84985, -25.74633,  7.70227,  0.01753
-0.26376,  0.00000, 465.20068, -25.63105,  7.66337,  0.00000
-0.26376, -0.08840, 467.30566, -25.90004,  7.62447,  0.01753
-0.61545,  0.08840, 465.90234, -25.86161,  7.62447, -0.08767
-0.17584, -0.17680, 466.60400, -26.05375,  7.50777, -0.05260
-0.35168,  0.00000, 464.84985, -25.97689,  7.66337,  0.01753
-0.43961, -0.17680, 466.60400, -25.74633,  7.78008,  0.00000
-0.26376, -0.26519, 466.60400, -25.86161,  7.58557, -0.03507
-0.08792,  0.17680, 466.60400, -25.90004,  7.74117, -0.01753
 0.00000,  0.26519, 466.25317, -25.93847,  7.70227,  0.01753
-0.17584,  0.17680, 465.90234, -25.70790,  7.70227, -0.01753
-0.61545,  0.44199, 466.95483, -25.59262,  7.74117,  0.03507
-0.52753,  0.61879, 464.49902, -25.47734,  7.74117,  0.01753
-0.52753,  0.97238, 465.90234, -25.47734,  7.58557,  0.05260
-0.35168,  0.70718, 464.84985, -25.40048,  7.66337,  0.00000
-0.43961,  0.53039, 465.20068, -25.36205,  7.74117, -0.01753
-0.35168,  0.79558, 464.49902, -25.28520,  7.85788,  0.05260
-0.61545,  0.53039, 463.79736, -25.24677,  7.66337,  0.01753
-0.52753,  0.97238, 465.20068, -25.20834,  7.93568,  0.03507
-0.17584,  0.79558, 464.49902, -25.32363,  7.81898,  0.03507
-0.70337,  0.97238, 464.49902, -25.05463,  7.70227,  0.00000
-0.35168,  0.70718, 464.14819, -25.32363,  7.85788,  0.01753
-0.17584,  0.88398, 465.20068, -25.28520,  7.66337,  0.00000
 0.00000,  0.44199, 465.55151, -25.36205,  7.85788,  0.07014
 0.00000,  0.70718, 466.95483, -25.36205,  7.70227,  0.08767
-0.17584,  0.26519, 466.60400, -25.36205,  7.85788,  0.00000
-0.35168,  0.61879, 464.84985, -25.66947,  7.85788,  0.05260
-0.26376,  0.00000, 465.90234, -25.40048,  7.89678,  0.07014
-0.52753,  0.35359, 465.90234, -25.59262,  7.78008,  0.07014
-0.08792,  0.26519, 465.55151, -25.55419,  7.85788,  0.05260
-0.61545,  0.35359, 465.55151, -25.36205,  7.85788,  0.03507
-0.43961,  0.70718, 464.49902, -25.51576,  7.85788,  0.07014
-0.17584,  0.17680, 465.55151, -25.36205,  7.85788,  0.08767
-0.17584,  0.88398, 466.60400, -25.55419,  7.93568,  0.10521
-0.61545,  0.17680, 465.20068, -25.59262,  8.20798,  0.07014
-0.61545,  0.35359, 466.25317, -25.40048,  8.09128,  0.05260
-0.52753,  0.70718, 467.65649, -25.51576,  8.05238,  0.08767
-0.35168,  0.61879, 465.90234, -25.59262,  8.05238,  0.08767
-0.35168,  0.53039, 465.90234, -25.40048,  8.20798,  0.05260
-0.70337,  0.70718, 464.49902, -25.47734,  8.13018,  0.05260
-0.26376,  0.70718, 465.20068, -25.51576,  8.20798,  0.05260
-0.26376,  0.35359, 465.20068, -25.43891,  8.24688,  0.05260
-0.79129,  0.79558, 466.25317, -25.36205,  8.48028,  0.07014
-0.52753,  0.53039, 465.55151, -25.40048,  8.40248,  0.01753
-0.87921,  0.61879, 466.60400, -25.32363,  8.55808,  0.05260
-0.43961,  0.88398, 466.60400, -25.24677,  8.55808,  0.08767
-0.87921,  0.61879, 463.09570, -25.01621,  8.59698,  0.01753
-0.79129,  0.70718, 463.44653, -24.86250,  8.48028,  0.00000
-0.87921,  0.97238, 465.55151, -24.78564,  8.63588, -0.01753
-0.17584,  0.53039, 463.79736, -24.97778,  8.71368,  0.07014
-0.96713,  0.79558, 463.79736, -24.93935,  8.71368,  0.01753
-0.79129,  0.97238, 464.84985, -24.93935,  8.71368,  0.10521
-0.96713,  0.88398, 464.84985, -24.90092,  8.79148,  0.00000
-0.79129,  0.70718, 463.79736, -24.97778,  8.71368, -0.05260
-1.05505,  0.97238, 463.44653, -24.74722,  8.75258, -0.08767
-0.70337,  0.88398, 464.14819, -25.09306,  8.79148, -0.03507
-1.31882,  0.70718, 464.84985, -25.05463,  8.83039,  0.03507
-1.23090,  0.97238, 465.20068, -24.90092,  8.86929, -0.08767
-0.96713,  0.97238, 463.44653, -25.16992,  8.79148, -0.05260
-0.70337,  1.06078, 466.25317, -25.16992,  8.94709, -0.01753
-1.14297,  0.97238, 466.25317, -25.13149,  8.86929, -0.05260
-1.23090,  0.88398, 466.95483, -25.28520,  8.67478, -0.05260
-1.05505,  1.41437, 466.60400, -25.24677,  8.75258, -0.07014
-1.05505,  1.14917, 463.09570, -25.09306,  8.67478, -0.07014
-0.52753,  1.06078, 465.90234, -25.20834,  8.75258,  0.00000
-0.79129,  1.06078, 464.14819, -25.51576,  8.63588, -0.07014
-0.87921,  0.97238, 465.55151, -25.47734,  8.59698, -0.08767
-1.14297,  1.41437, 466.60400, -25.43891,  8.44138, -0.03507
-0.61545,  0.97238, 464.84985, -25.59262,  8.44138, -0.07014
-0.96713,  1.32597, 466.60400, -25.51576,  8.63588, -0.05260
-0.87921,  0.79558, 465.55151, -25.47734,  8.55808,  0.01753
-0.87921,  1.14917, 466.60400, -25.63105,  8.40248, -0.01753
-0.79129,  1.14917, 466.60400, -25.82318,  8.55808, -0.08767
-0.79129,  0.88398, 465.90234, -25.51576,  8.36358, -0.01753
-1.31882,  1.23757, 465.90234, -25.66947,  8.32468, -0.12274
-0.87921,  0.97238, 465.55151, -25.70790,  8.40248,  0.01753
-0.61545,  0.79558, 466.95483, -25.86161,  8.44138, -0.07014
-0.52753,  1.14917, 466.25317, -26.16903,  8.24688, -0.14027
-0.96713,  0.70718, 465.55151, -26.05375,  8.20798, -0.01753
-0.87921,  0.97238, 465.90234, -26.13060,  8.32468, -0.07014
-0.79129,  0.35359, 465.55151, -26.32274,  8.09128, -0.07014
-1.23090,  0.17680, 465.20068, -26.36116,  8.05238, -0.01753
-0.79129,  0.53039, 466.60400, -26.32274,  8.09128, -0.03507
-0.43961,  0.17680, 465.20068, -26.59173,  7.97458, -0.01753
-0.52753,  0.17680, 465.90234, -26.51487,  8.09128, -0.03507
-0.52753,  0.08840, 464.84985, -26.70701,  7.93568, -0.03507
-0.26376,  0.53039, 465.55151, -26.70701,  8.09128, -0.01753
-0.61545,  0.17680, 465.20068, -26.78387,  8.01348,  0.07014
-0.35168,  0.61879, 465.90234, -26.82229,  7.81898, -0.07014
-0.43961, -0.17680, 465.90234, -26.86072,  7.81898,  0.01753
-0.17584,  0.08840, 464.14819, -26.86072,  7.74117, -0.07014
-0.35168, -0.26519, 464.14819, -26.93758,  7.74117, -0.03507
-0.08792,  0.26519, 465.90234, -27.12971,  7.70227, -0.03507
-0.35168,  0.08840, 465.90234, -27.12971,  7.70227, -0.01753
-0.43961,  0.00000, 463.44653, -27.20657,  7.58557,  0.03507
-0.70337, -0.17680, 464.84985, -27.24500,  7.66337,  0.01753
-0.43961,  0.00000, 463.44653, -27.28342,  7.58557,  0.05260
-0.35168,  0.08840, 463.79736, -27.16814,  7.46887,  0.00000
-0.52753,  0.35359, 463.79736, -27.20657,  7.54667,  0.01753
-0.17584, -0.26519, 465.20068, -27.32185,  7.58557,  0.08767
 0.00000,  0.00000, 465.55151, -27.32185,  7.50777, -0.01753
-0.26376,  0.17680, 466.25317, -27.55241,  7.50777,  0.10521
-0.17584, -0.26519, 468.00732, -27.78298,  7.66337,  0.03507
-0.26376,  0.08840, 465.90234, -27.66769,  7.46887,  0.00000
-0.61545, -0.26519, 465.90234, -27.85983,  7.54667,  0.01753
-0.26376, -0.35359, 465.55151, -27.85983,  7.54667,  0.10521
-0.26376, -0.08840, 466.95483, -27.78298,  7.31327, -0.01753
-0.08792,  0.17680, 465.90234, -27.97511,  7.27437,  0.05260
-0.26376, -0.26519, 465.55151, -28.01354,  7.31327,  0.07014
-0.35168,  0.08840, 465.55151, -27.89826,  7.39107, -0.01753
-0.35168,  0.17680, 464.84985, -28.05197,  7.54667, -0.03507
-0.26376, -0.08840, 464.49902, -27.78298,  7.46887,  0.05260
-0.43961, -0.26519, 463.44653, -27.85983,  7.31327,  0.00000
-0.43961,  0.00000, 464.49902, -28.01354,  7.23547,  0.07014
-0.17584,  0.08840, 464.14819, -28.01354,  6.92427,  0.08767
-0.52753, -0.08840, 465.20068, -28.16725,  7.27437,  0.05260
-0.35168,  0.26519, 467.30566, -27.97511,  7.19657,  0.07014
-0.52753,  0.00000, 467.30566, -27.93669,  7.00207,  0.10521
 0.17584,  0.17680, 466.95483, -27.97511,  7.23547,  0.08767
-0.35168,  0.17680, 465.90234, -27.93669,  7.31327,  0.08767
-0.35168,  0.17680, 466.25317, -27.74455,  7.15767,  0.05260
-0.43961,  0.61879, 467.65649, -27.85983,  7.23547,  0.01753
-0.17584,  0.70718, 464.84985, -27.74455,  7.15767,  0.00000
-0.61545,  0.35359, 465.90234, -27.70612,  7.23547, -0.07014
-0.43961,  0.70718, 465.55151, -27.43713,  7.19657,  0.07014
-0.87921,  0.70718, 464.49902, -27.62927,  7.04097,  0.05260
-0.35168,  0.61879, 464.84985, -27.47556,  6.88537,  0.01753
-0.35168,  0.44199, 466.60400, -27.47556,  7.31327, -0.01753
-0.52753,  0.44199, 465.20068, -27.36028,  7.00207,  0.05260
-0.26376,  0.97238, 464.84985, -27.43713,  7.04097,  0.03507
-0.79129,  1.14917, 465.55151, -27.20657,  7.11877,  0.01753
-0.52753,  1.32597, 464.84985, -27.20657,  7.15767,  0.07014
-0.43961,  1.32597, 466.95483, -27.28342,  7.11877,  0.01753
-0.61545,  1.06078, 465.20068, -27.43713,  7.00207,  0.00000
-0.17584,  1.14917, 463.79736, -27.28342,  6.92427, -0.01753
-0.70337,  1.23757, 465.20068, -27.36028,  7.00207, -0.03507
-0.70337,  1.23757, 464.84985, -27.47556,  6.84647, -0.01753
-0.17584,  1.14917, 465.20068, -27.62927,  6.84647, -0.03507
-0.08792,  0.79558, 463.44653, -27.47556,  6.92427,  0.00000
-0.61545,  1.14917, 464.84985, -27.66769,  6.88537, -0.07014
-0.08792,  1.06078, 464.14819, -27.59084,  6.69086, -0.08767
-0.17584,  0.26519, 466.25317, -27.62927,  6.80757, -0.01753
-0.35168,  1.06078, 465.90234, -27.74455,  6.61306,  0.01753
-0.08792,  1.32597, 465.90234, -27.85983,  6.53526, -0.01753
-0.17584,  0.97238, 464.84985, -27.89826,  6.41856, -0.01753
-0.26376,  0.97238, 465.20068, -27.93669,  6.57416,  0.00000
 0.17584,  1.14917, 466.25317, -28.12882,  6.37966,  0.10521
 0.00000,  0.97238, 464.14819, -28.05197,  6.34076, -0.01753
-0.26376,  0.79558, 465.90234, -28.24411,  6.34076, -0.07014
-0.26376,  0.97238, 465.20068, -28.28253,  6.34076,  0.00000
 0.26376,  1.32597, 465.90234, -28.05197,  6.14626,  0.03507
-0.08792,  0.88398, 465.90234, -28.35939,  6.18516,  0.01753
-0.26376,  1.23757, 465.55151, -28.28253,  6.30186, -0.07014
 0.08792,  0.97238, 465.20068, -28.24411,  6.06846,  0.01753
-0.08792,  1.14917, 465.55151, -28.32096,  6.10736,  0.08767
 0.08792,  1.14917, 464.84985, -28.35939,  6.06846,  0.05260
 0.26376,  1.14917, 465.90234, -28.55153,  6.02956, -0.03507
-0.35168,  0.97238, 464.84985, -28.47467,  5.99066,  0.01753
 0.43961,  0.61879, 464.14819, -28.55153,  5.91286,  0.00000
 0.26376,  0.97238, 464.84985, -28.70523,  5.87396,  0.01753
 0.00000,  1.32597, 465.90234, -28.74366,  5.83506,  0.03507
 0.43961,  0.97238, 466.60400, -28.93580,  5.64055,  0.00000
 0.17584,  0.79558, 465.90234, -29.01265,  5.79616,  0.00000
 0.26376,  0.88398, 465.90234, -29.28164,  5.67945,  0.05260
 0.26376,  0.97238, 466.60400, -29.24322,  5.67945, -0.01753
 0.35168,  0.70718, 465.55151, -29.35850,  5.64055,  0.12274
 0.17584,  0.70718, 468.00732, -29.51221,  5.67945,  0.01753
 0.00000,  0.70718, 465.90234, -29.58906,  5.60165,  0.10521
 0.26376,  0.35359, 467.65649, -29.81963,  5.60165,  0.00000
-0.26376,  0.35359, 466.25317, -30.05019,  5.56275,  0.03507
 0.26376,  0.08840, 465.55151, -30.24233,  5.60165, -0.03507
 0.52753,  0.17680, 466.25317, -30.20390,  5.56275, -0.01753
 0.35168,  0.17680, 464.84985, -30.35761,  5.60165,  0.00000
 0.00000,  0.08840, 463.44653, -30.31918,  5.60165, -0.07014
 0.26376,  0.26519, 463.79736, -30.58817,  5.48495,  0.00000
 0.17584,  0.08840, 463.44653, -30.47289,  5.52385,  0.00000
 0.26376,  0.17680, 463.44653, -30.78031,  5.67945, -0.07014
 0.08792, -0.08840, 465.20068, -30.81874,  5.71836,  0.01753
 0.17584, -0.61879, 464.14819, -30.97245,  5.60165,  0.10521
 0.00000, -0.61879, 463.79736, -31.27987,  5.52385,  0.05260
-0.08792, -0.35359, 464.14819, -31.39515,  5.67945,  0.03507
 0.17584, -0.61879, 464.14819, -31.51043,  5.71836, -0.01753
-0.17584, -1.23757, 465.55151, -31.81785,  5.48495,  0.03507
-0.17584, -1.06078, 465.20068, -31.85628,  5.67945,  0.03507
 0.26376, -1.41437, 464.14819, -31.89470,  5.79616,  0.05260
 0.00000, -1.06078, 466.95483, -32.04842,  5.71836,  0.05260
-0.26376, -0.88398, 464.49902, -32.08684,  5.91286,  0.05260
 0.08792, -0.79558, 463.09570, -32.24055,  5.71836,  0.08767
 0.26376, -1.06078, 464.49902, -32.43269,  5.71836,  0.03507
 0.26376, -1.32597, 465.55151, -32.47112,  5.67945,  0.03507
-0.17584, -1.32597, 464.84985, -32.70168,  5.71836,  0.05260
 0.17584, -1.59116, 465.55151, -32.81696,  5.75726,  0.01753
-0.35168, -1.50277, 465.20068, -32.77853,  5.91286,  0.07014
-0.70337, -1.32597, 465.20068, -32.97067,  5.91286,  0.00000
-0.17584, -1.67956, 464.84985, -33.00909,  5.99066,  0.05260
-0.17584, -1.85636, 465.55151, -33.12438,  5.75726,  0.03507
-0.61545, -1.94476, 465.90234, -33.04752,  5.99066,  0.05260
-0.52753, -1.41437, 465.55151, -33.12438,  6.06846,  0.05260
-0.43961, -1.32597, 464.84985, -33.27809,  5.99066,  0.03507
-0.52753, -1.50277, 465.20068, -33.12438,  6.06846,  0.05260
-0.35168, -0.88398, 464.49902, -32.97067,  6.06846,  0.08767
-0.35168, -1.67956, 464.84985, -33.12438,  5.95176,  0.05260
-0.79129, -1.50277, 465.20068, -33.16280,  6.06846,  0.01753
-0.61545, -1.23757, 464.84985, -33.23966,  6.22406,  0.10521
-0.70337, -1.41437, 464.49902, -33.16280,  5.91286,  0.00000
-0.52753, -1.32597, 463.79736, -33.20123,  5.95176, -0.01753
-0.52753, -1.32597, 464.14819, -33.04752,  5.99066,  0.03507
-0.35168, -1.23757, 464.84985, -32.81696,  6.02956,  0.08767
-0.08792, -0.79558, 465.20068, -32.93224,  6.02956,  0.05260
-0.87921, -0.70718, 464.84985, -32.81696,  6.06846,  0.05260
-0.79129, -0.97238, 464.49902, -32.85538,  5.83506,  0.10521
-0.61545, -0.88398, 465.20068, -32.77853,  5.87396,  0.07014
-0.52753, -0.97238, 465.55151, -32.93224,  5.83506,  0.08767
-0.17584, -0.79558, 465.20068, -32.85538,  5.56275,  0.08767
-0.35168, -0.70718, 467.30566, -33.00909,  5.64055,  0.17534
-0.52753, -1.14917, 466.25317, -32.93224,  5.71836,  0.10521
-0.52753, -0.61879, 464.84985, -32.85538,  5.56275,  0.01753
-0.26376, -0.44199, 466.95483, -32.97067,  5.60165,  0.10521
-0.61545, -0.61879, 465.20068, -32.97067,  5.32935,  0.07014
-0.52753, -0.53039, 465.55151, -32.89381,  5.29045,  0.01753
 0.00000, -0.61879, 466.95483, -33.20123,  5.44605, -0.01753
-0.35168, -0.70718, 464.84985, -32.93224,  5.29045,  0.03507
-0.70337, -1.32597, 465.20068, -33.35494,  5.17375, -0.03507
 0.00000, -1.50277, 465.55151, -33.54708,  5.17375, -0.05260
 0.17584, -1.50277, 465.90234, -33.58551,  5.09595, -0.01753
 0.52753, -1.67956, 464.49902, -33.54708,  5.17375,  0.00000
 0.43961, -1.85636, 464.84985, -33.66236,  5.09595,  0.00000
 0.61545, -1.41437, 465.90234, -33.62393,  4.97925,  0.01753
 0.52753, -1.67956, 463.09570, -33.73922,  4.97925,  0.03507
 0.52753, -1.76796, 465.90234, -33.43180,  5.17375,  0.08767
 0.17584, -1.23757, 465.20068, -33.23966,  4.94035,  0.07014
 0.00000, -0.79558, 466.60400, -33.27809,  4.94035,  0.07014
 0.35168, -0.79558, 465.20068, -33.31651,  4.97925,  0.05260
 0.08792, -1.06078, 467.30566, -33.08595,  5.01815,  0.08767
-0.35168, -1.06078, 464.84985, -33.20123,  5.09595,  0.07014
 0.26376, -0.53039, 466.25317, -32.97067,  4.90145,  0.01753
-0.17584, -1.06078, 466.25317, -32.70168,  5.25155,  0.03507
 0.08792, -0.44199, 464.84985, -32.62482,  5.13485,  0.07014
 0.17584, -0.44199, 465.20068, -32.54797,  4.94035,  0.03507
-0.08792, -0.35359, 464.84985, -32.24055,  5.01815,  0.03507
-0.08792, -0.35359, 465.55151, -32.00999,  4.97925,  0.01753
 0.35168,  0.08840, 466.25317, -32.04842,  4.97925,  0.03507
-0.08792,  0.08840, 466.25317, -31.70257,  4.86255, -0.03507
-0.08792,  0.35359, 465.90234, -31.43357,  4.90145,  0.10521
 0.08792,  0.79558, 465.55151, -31.35672,  5.17375,  0.08767
 0.87921,  0.61879, 465.55151, -31.27987,  4.90145,  0.10521
 0.70337,  0.88398, 466.25317, -31.16459,  4.90145,  0.14027
 0.52753,  0.70718, 465.55151, -30.93402,  4.86255,  0.08767
 0.52753,  1.23757, 466.25317, -30.74188,  5.09595,  0.14027
 0.00000,  1.23757, 467.65649, -30.62660,  5.09595,  0.07014
 0.43961,  1.32597, 464.49902, -30.54975,  5.01815,  0.08767
 0.35168,  0.79558, 465.55151, -30.31918,  4.97925,  0.03507
 0.43961,  0.88398, 466.25317, -30.39604,  4.78475,  0.05260
 0.17584,  0.70718, 463.79736, -30.31918,  5.01815, -0.01753
 0.35168,  1.06078, 462.39404, -30.16547,  5.21265, -0.03507
 0.08792,  1.32597, 463.44653, -30.05019,  4.97925,  0.03507
 0.00000,  0.88398, 463.79736, -30.08862,  5.01815, -0.01753
-0.08792,  1.41437, 463.79736, -30.16547,  5.13485,  0.07014
 0.00000,  1.23757, 466.25317, -30.08862,  4.97925,  0.00000
 0.26376,  0.97238, 464.49902, -30.08862,  5.13485,  0.00000
 0.17584,  1.59116, 463.09570, -29.97334,  5.05705,  0.03507
 0.00000,  0.88398, 465.90234, -30.08862,  5.09595,  0.00000
-0.17584,  1.14917, 466.95483, -29.97334,  5.29045,  0.03507
-0.17584,  1.59116, 466.60400, -29.97334,  5.13485,  0.01753
-0.08792,  1.41437, 465.90234, -29.93491,  5.25155,  0.00000
-0.26376,  1.41437, 465.90234, -30.01176,  5.13485,  0.00000
-0.08792,  1.32597, 466.25317, -29.89648,  5.21265, -0.07014
-0.17584,  0.97238, 464.84985, -29.93491,  5.17375,  0.00000
 0.08792,  1.59116, 465.55151, -30.01176,  5.09595,  0.01753
 0.35168,  1.67956, 466.95483, -30.05019,  5.25155,  0.08767
 0.08792,  1.76796, 466.60400, -30.05019,  5.09595,  0.01753
-0.17584,  1.50277, 466.60400, -30.05019,  4.97925,  0.00000
 0.17584,  1.59116, 465.55151, -30.08862,  5.25155, -0.01753
 0.08792,  1.32597, 465.20068, -30.20390,  5.01815,  0.01753
 0.52753,  1.23757, 466.60400, -30.05019,  5.01815,  0.07014
 0.17584,  1.32597, 464.84985, -30.08862,  4.94035,  0.01753
 0.26376,  1.32597, 466.95483, -30.24233,  4.90145,  0.01753
 0.26376,  1.41437, 466.60400, -30.20390,  4.78475,  0.08767
 0.26376,  1.23757, 464.84985, -30.20390,  4.82365,  0.08767
 0.08792,  1.23757, 465.20068, -30.24233,  4.78475,  0.05260
 0.17584,  0.97238, 465.55151, -30.24233,  4.78475,  0.05260
 0.35168,  1.06078, 465.90234, -30.43446,  4.70695,  0.07014
 0.08792,  1.32597, 464.49902, -30.43446,  4.94035,  0.05260
 0.17584,  0.97238, 465.90234, -30.51132,  5.13485,  0.07014
 0.17584,  0.70718, 463.79736, -30.62660,  4.94035,  0.05260
 0.00000,  0.53039, 464.84985, -30.66503,  4.90145,  0.10521
 0.61545,  0.44199, 465.90234, -30.97245,  4.97925,  0.05260
 0.26376,  0.08840, 465.20068, -31.08773,  4.97925,  0.01753
 0.26376,  0.53039, 465.55151, -31.08773,  4.97925,  0.05260
-0.08792,  0.17680, 464.84985, -31.08773,  4.82365,  0.05260
 0.26376,  0.44199, 465.55151, -31.27987,  4.97925,  0.10521
 0.35168,  0.08840, 464.84985, -31.51043,  5.05705,  0.07014
-0.17584,  0.08840, 466.25317, -31.27987,  5.25155,  0.07014
-0.08792,  0.17680, 464.84985, -31.16459,  5.13485,  0.05260
 0.17584,  0.08840, 464.49902, -31.31829,  5.25155,  0.01753
-0.17584,  0.17680, 464.49902, -31.47200,  5.09595, -0.03507
-0.08792,  0.44199, 466.95483, -31.51043,  5.25155,  0.03507
 0.17584,  0.17680, 466.25317, -31.35672,  5.25155, -0.07014
-0.17584,  0.26519, 465.55151, -31.51043,  5.40715,  0.01753
-0.35168,  0.08840, 465.55151, -31.62571,  5.32935,  0.03507
-0.17584,  0.00000, 465.55151, -31.70257,  5.40715,  0.03507
 0.26376,  0.08840, 465.20068, -31.62571,  5.48495,  0.00000
 0.17584,  0.26519, 466.95483, -31.93313,  5.67945,  0.01753
 0.17584, -0.08840, 466.60400, -32.12527,  5.56275, -0.05260
-0.52753, -0.17680, 466.25317, -32.08684,  5.71836, -0.05260
-0.26376, -0.08840, 464.49902, -32.24055,  5.67945, -0.05260
-0.08792, -0.53039, 466.25317, -32.31741,  5.71836, -0.10521
 0.00000, -0.70718, 464.14819, -32.35583,  5.75726, -0.03507
-0.08792, -0.44199, 465.55151, -32.31741,  5.95176,  0.01753
-0.17584, -0.35359, 464.49902, -32.47112,  6.02956, -0.07014
-0.26376, -0.53039, 464.49902, -32.54797,  5.83506, -0.08767
-0.52753, -0.35359, 463.79736, -32.47112,  6.14626,  0.01753
-0.43961, -0.61879, 466.60400, -32.58640,  6.02956, -0.01753
-0.87921,  0.26519, 465.90234, -32.62482,  6.06846, -0.01753
-0.17584, -0.70718, 463.79736, -32.39426,  6.02956, -0.05260
-0.43961,  0.08840, 465.55151, -32.70168,  6.06846, -0.01753
-0.61545, -0.79558, 465.20068, -32.77853,  6.14626, -0.01753
-0.61545, -0.70718, 465.90234, -32.66325,  6.06846, -0.01753
-0.43961, -0.35359, 467.30566, -32.58640,  6.10736,  0.03507
-0.61545, -0.08840, 465.55151, -32.58640,  6.30186, -0.08767
-0.61545, -0.17680, 466.60400, -32.47112,  6.22406,  0.01753
-0.52753, -0.08840, 465.90234, -32.50954,  6.18516,  0.03507
-0.43961, -0.26519, 466.60400, -32.77853,  6.26296,  0.00000
-0.70337, -0.35359, 466.25317, -32.54797,  6.14626,  0.00000
-0.43961, -0.44199, 466.25317, -32.62482,  6.06846,  0.01753
-0.61545, -0.17680, 466.95483, -32.77853,  6.22406,  0.05260
-0.26376, -0.17680, 466.95483, -32.70168,  6.14626,  0.05260
-0.08792, -0.17680, 467.30566, -32.70168,  6.18516,  0.08767
-0.35168, -0.35359, 465.20068, -32.77853,  6.30186,  0.10521
-0.52753, -0.35359, 465.20068, -32.74010,  6.10736,  0.08767
-0.35168, -0.35359, 465.90234, -32.74010,  6.10736,  0.08767
-0.43961, -0.70718, 464.14819, -32.77853,  5.99066,  0.05260
-0.35168, -0.79558, 463.44653, -32.89381,  6.14626,  0.05260
-0.17584, -0.97238, 464.49902, -32.97067,  6.10736,  0.05260
-0.17584, -0.79558, 465.20068, -32.89381,  5.99066, -0.03507
-0.08792, -1.06078, 464.49902, -33.00909,  6.34076,  0.00000
-0.26376, -1.06078, 465.20068, -33.04752,  6.34076,  0.07014
-0.17584, -0.97238, 464.14819, -33.04752,  6.10736,  0.08767
 0.00000, -0.88398, 465.55151, -33.04752,  6.22406,  0.03507
 0.08792, -1.06078, 465.20068, -33.16280,  6.26296,  0.07014
 0.08792, -0.70718, 466.25317, -33.23966,  6.34076,  0.15781
-0.26376, -1.41437, 466.60400, -33.23966,  6.45746,  0.15781
-0.08792, -1.32597, 466.95483, -33.39337,  6.49636, -0.01753
 0.00000, -1.41437, 465.90234, -33.31651,  6.41856,  0.03507
-0.35168, -1.23757, 466.60400, -33.47022,  6.57416,  0.01753
-0.35168, -1.50277, 466.25317, -33.31651,  6.61306,  0.03507
-0.52753, -1.50277, 464.49902, -33.27809,  6.49636,  0.08767
-0.17584, -0.97238, 464.84985, -33.04752,  6.57416,  0.12274
-0.17584, -1.14917, 464.49902, -33.12438,  6.57416, -0.01753
-0.08792, -0.88398, 465.55151, -33.00909,  6.80757,  0.01753
-0.35168, -1.32597, 466.60400, -33.08595,  6.61306,  0.05260
-0.70337, -1.14917, 464.84985, -33.00909,  6.65196,  0.01753
-0.17584, -0.97238, 465.90234, -32.89381,  6.72976, -0.05260
-0.35168, -0.53039, 466.60400, -32.70168,  7.04097,  0.07014
-0.43961, -0.97238, 464.84985, -32.85538,  6.80757,  0.07014
-0.26376, -0.53039, 465.55151, -32.62482,  6.76867, -0.01753
-0.08792, -0.88398, 465.20068, -32.70168,  6.69086,  0.03507
-0.35168, -0.35359, 467.65649, -32.54797,  6.84647, -0.03507
-0.35168, -0.79558, 466.60400, -32.47112,  6.84647,  0.03507
 0.00000, -0.26519, 466.25317, -32.43269,  6.84647,  0.00000
-0.17584, -0.70718, 465.55151, -32.16370,  6.69086,  0.01753
-0.52753, -0.44199, 464.49902, -32.16370,  6.92427, -0.01753
-0.17584, -0.53039, 465.90234, -31.97156,  7.00207,  0.05260
-0.26376, -0.44199, 465.55151, -32.08684,  6.96317, -0.01753
-0.70337, -0.35359, 467.30566, -31.93313,  6.84647,  0.00000
-0.61545, -0.70718, 465.55151, -32.04842,  6.84647, -0.07014
-0.35168, -0.35359, 465.90234, -31.85628,  6.92427,  0.03507
-0.26376, -0.26519, 464.84985, -31.97156,  6.84647,  0.05260
-0.08792,  0.08840, 465.55151, -31.74099,  7.00207,  0.03507
-0.43961,  0.17680, 465.55151, -31.39515,  6.72976,  0.05260
-0.43961, -0.35359, 466.60400, -31.62571,  6.76867,  0.03507
-0.35168,  0.08840, 466.25317, -31.39515,  6.76867,  0.05260
-0.52753, -0.26519, 465.55151, -31.39515,  6.96317,  0.03507
-0.61545,  0.00000, 465.55151, -31.31829,  6.88537,  0.01753
-0.17584, -0.08840, 464.84985, -31.31829,  6.96317, -0.05260
-0.52753, -0.17680, 465.20068, -31.20301,  6.96317, -0.05260
-0.43961, -0.26519, 465.55151, -31.39515,  6.88537,  0.00000
-0.61545, -0.53039, 465.20068, -31.39515,  7.07987, -0.07014
-0.61545, -0.35359, 465.90234, -31.20301,  7.00207,  0.03507
-0.08792, -0.44199, 464.84985, -31.31829,  6.92427,  0.05260
-0.43961, -0.26519, 463.79736, -31.20301,  6.92427, -0.03507
-0.35168, -0.35359, 464.49902, -31.24144,  6.88537, -0.01753
-0.17584, -0.44199, 464.49902, -31.16459,  6.92427,  0.00000
-0.52753, -0.17680, 465.20068, -31.24144,  7.00207, -0.01753
-0.43961, -0.44199, 464.49902, -31.08773,  7.00207,  0.00000
-0.43961, -0.35359, 464.49902, -31.12616,  6.92427,  0.07014
-0.61545, -0.35359, 464.49902, -31.16459,  6.84647,  0.00000
-0.52753, -0.44199, 465.90234, -31.08773,  7.00207,  0.00000
-0.35168, -0.44199, 465.20068, -31.16459,  7.11877, -0.05260
-0.70337, -0.70718, 465.20068, -31.01088,  7.04097, -0.08767
-0.61545, -0.44199, 465.90234, -30.85717,  7.04097, -0.01753
-0.08792, -0.35359, 464.49902, -30.97245,  7.07987,  0.00000
-0.17584, -0.35359, 466.60400, -30.74188,  6.96317,  0.01753
-0.43961, -0.26519, 464.84985, -30.74188,  7.11877, -0.01753
-0.17584, -0.35359, 464.84985, -30.47289,  7.04097, -0.03507
-0.35168, -0.26519, 465.20068, -30.28075,  7.11877,  0.00000
-0.52753,  0.08840, 466.60400, -30.31918,  7.00207,  0.01753
-0.17584, -0.26519, 465.20068, -30.05019,  7.07987, -0.01753
-0.26376, -0.08840, 465.20068, -30.16547,  7.11877,  0.00000
-0.17584, -0.44199, 465.20068, -30.08862,  7.15767, -0.05260
-0.35168, -0.79558, 464.84985, -29.93491,  6.96317, -0.01753
-0.61545, -0.61879, 464.49902, -30.12704,  7.04097,  0.07014
-0.17584, -0.35359, 467.65649, -30.08862,  7.11877, -0.14027
-0.17584, -0.61879, 467.65649, -29.89648,  7.15767,  0.00000
-0.26376, -0.08840, 466.25317, -30.01176,  7.27437,  0.01753
-0.17584,  0.08840, 466.60400, -29.78120,  7.19657, -0.03507
-0.35168, -0.17680, 464.84985, -29.74277,  7.23547,  0.00000
-0.35168,  0.35359, 464.84985, -29.47378,  7.23547, -0.03507
-0.26376, -0.26519, 464.49902, -29.47378,  7.23547,  0.05260
-0.52753, -0.17680, 465.55151, -29.16636,  7.04097,  0.05260
-0.35168,  0.08840, 465.55151, -29.20479,  7.19657,  0.00000
-0.26376,  0.70718, 465.55151, -29.08951,  7.00207,  0.05260
-0.79129,  0.53039, 463.79736, -28.85894,  7.07987,  0.00000
-0.52753,  0.79558, 465.90234, -28.78209,  7.27437,  0.07014
-0.43961,  0.70718, 465.55151, -28.51310,  7.11877,  0.07014
-0.35168,  0.97238, 464.49902, -28.39782,  7.00207,  0.07014
-0.26376,  1.41437, 465.20068, -28.12882,  7.11877,  0.00000
-0.52753,  1.06078, 466.60400, -27.93669,  6.96317,  0.03507
-0.52753,  1.06078, 467.65649, -27.85983,  7.15767,  0.00000
-0.43961,  1.06078, 464.84985, -27.70612,  7.04097,  0.07014
-0.35168,  1.14917, 465.20068, -27.70612,  6.92427, -0.01753
-0.35168,  1.14917, 465.20068, -27.36028,  7.04097,  0.05260
-0.26376,  1.23757, 465.90234, -27.43713,  7.07987,  0.05260
-0.35168,  0.97238, 465.55151, -27.24500,  6.88537,  0.05260
-0.17584,  1.41437, 466.25317, -27.20657,  6.88537,  0.01753
-0.26376,  1.06078, 464.84985, -27.05286,  6.84647,  0.08767
-0.52753,  1.50277, 465.55151, -27.05286,  6.72976, -0.01753
-0.35168,  1.67956, 465.20068, -26.74544,  6.80757,  0.03507
-0.26376,  1.41437, 465.55151, -26.74544,  6.76867,  0.05260
-0.43961,  1.85636, 466.25317, -26.74544,  6.80757,  0.10521
-0.17584,  1.67956, 465.90234, -26.63016,  6.96317,  0.07014
 0.26376,  1.76796, 468.35815, -26.51487,  6.72976, -0.01753
 0.35168,  2.03315, 466.60400, -26.47645,  6.84647,  0.05260
 0.17584,  1.67956, 466.25317, -26.39959,  6.80757,  0.07014
 0.26376,  1.59116, 464.49902, -26.43802,  6.72976,  0.07014
 0.17584,  1.59116, 466.60400, -26.47645,  6.65196,  0.08767
 0.17584,  1.67956, 465.90234, -26.20745,  6.76867,  0.03507
 0.08792,  1.94476, 464.49902, -26.16903,  6.80757,  0.08767
 0.26376,  1.32597, 465.90234, -26.24588,  6.80757,  0.08767
 0.26376,  1.59116, 466.25317, -26.20745,  6.76867,  0.07014
-0.08792,  1.59116, 465.55151, -26.24588,  6.88537,  0.03507
 0.00000,  1.67956, 466.25317, -26.24588,  6.92427,  0.12274
 0.00000,  1.59116, 464.49902, -26.05375,  6.84647,  0.00000
 0.52753,  1.76796, 465.55151, -26.24588,  6.96317, -0.01753
 0.26376,  1.67956, 466.25317, -26.32274,  7.00207,  0.05260
 0.08792,  1.14917, 465.90234, -26.32274,  7.19657,  0.07014
 0.26376,  1.32597, 464.14819, -26.20745,  7.04097,  0.08767
 0.26376,  1.50277, 463.09570, -26.51487,  7.07987,  0.05260
-0.08792,  1.23757, 465.55151, -26.24588,  7.15767,  0.01753
-0.08792,  1.32597, 466.25317, -26.47645,  7.27437,  0.01753
-0.17584,  0.70718, 465.90234, -26.47645,  7.15767,  0.00000
-0.26376,  0.79558, 466.60400, -26.43802,  7.07987, -0.07014
 0.17584,  0.88398, 465.20068, -26.55330,  7.15767, -0.03507
 0.00000,  1.06078, 467.30566, -26.59173,  7.07987,  0.03507
 0.17584,  1.23757, 465.55151, -26.93758,  7.23547, -0.05260
-0.08792,  0.88398, 464.49902, -26.82229,  7.27437, -0.03507
 0.00000,  1.14917, 464.84985, -26.89915,  7.31327,  0.01753
-0.08792,  0.70718, 463.79736, -26.86072,  7.27437, -0.01753
-0.17584,  0.53039, 465.90234, -27.01443,  7.19657,  0.05260
-0.08792,  0.88398, 465.55151, -27.09129,  7.54667, -0.03507
-0.17584,  0.88398, 466.60400, -26.97600,  7.54667, -0.08767
-0.08792,  0.44199, 465.90234, -26.86072,  7.58557, -0.03507
-0.61545,  0.88398, 465.55151, -26.74544,  7.66337,  0.00000
-0.61545,  1.23757, 464.84985, -26.93758,  7.58557, -0.01753
-0.17584,  1.14917, 467.30566, -26.74544,  7.58557, -0.01753
-0.43961,  0.97238, 465.20068, -26.70701,  7.58557, -0.03507
-0.52753,  1.06078, 464.84985, -26.78387,  7.54667,  0.00000
-0.43961,  0.70718, 465.90234, -26.55330,  7.74117, -0.03507
-0.26376,  0.79558, 466.25317, -26.63016,  7.85788,  0.00000
-0.52753,  0.79558, 465.20068, -26.74544,  7.62447, -0.05260
-0.61545,  1.32597, 465.20068, -26.63016,  7.74117,  0.01753
-0.43961,  0.88398, 463.79736, -26.55330,  7.74117,  0.00000
-0.26376,  0.88398, 467.30566, -26.43802,  7.58557,  0.08767
-0.79129,  1.50277, 465.90234, -26.43802,  7.62447, -0.01753
-0.43961,  1.41437, 466.95483, -26.36116,  7.78008, -0.05260
-0.61545,  1.23757, 465.90234, -26.20745,  7.78008, -0.01753
-0.35168,  1.06078, 464.84985, -26.28431,  7.70227,  0.01753
-0.26376,  1.41437, 465.55151, -25.97689,  7.74117,  0.01753
-0.17584,  1.59116, 466.25317, -25.93847,  7.78008, -0.01753
-0.52753,  1.67956, 464.49902, -26.01532,  7.85788, -0.03507
-0.26376,  1.32597, 465.20068, -25.82318,  7.74117,  0.05260
-0.43961,  1.23757, 465.20068, -26.01532,  7.85788,  0.03507
-0.70337,  1.50277, 465.55151, -25.90004,  7.93568,  0.00000
-0.43961,  1.32597, 464.84985, -26.24588,  7.81898, -0.03507
-0.61545,  1.41437, 465.55151, -25.93847,  7.70227, -0.01753
-0.26376,  1.50277, 465.55151, -25.90004,  7.97458,  0.00000
-0.61545,  1.32597, 465.90234, -25.86161,  7.81898,  0.03507
-0.35168,  1.41437, 464.84985, -25.78476,  7.78008, -0.03507
 0.00000,  1.59116, 463.44653, -25.82318,  7.93568, -0.07014
-0.35168,  1.67956, 464.14819, -25.93847,  7.78008,  0.01753
-0.26376,  1.41437, 463.44653, -25.86161,  7.78008, -0.01753
-0.17584,  1.50277, 464.49902, -26.01532,  7.85788, -0.01753
-0.43961,  1.85636, 464.84985, -26.09217,  7.78008,  0.01753
-0.17584,  1.67956, 465.55151, -26.13060,  7.93568,  0.01753
 0.08792,  1.23757, 466.95483, -26.20745,  7.81898,  0.05260
 0.08792,  1.32597, 465.20068, -26.43802,  7.85788,  0.01753
-0.26376,  1.50277, 465.55151, -26.66858,  7.81898,  0.07014
-0.26376,  1.06078, 466.25317, -26.93758,  7.89678,  0.03507
-0.08792,  1.06078, 465.20068, -26.86072,  7.85788,  0.14027
 0.08792,  1.41437, 468.35815, -26.93758,  7.74117,  0.01753
-0.35168,  0.88398, 466.95483, -27.09129,  7.89678,  0.03507
-0.17584,  0.88398, 465.20068, -27.20657,  7.89678, -0.03507
-0.43961,  1.23757, 465.20068, -27.28342,  8.01348,  0.00000
 0.00000,  0.79558, 465.20068, -27.24500,  7.78008,  0.05260
 0.26376,  0.88398, 464.14819, -27.28342,  7.85788,  0.00000
-0.17584,  0.79558, 464.84985, -27.43713,  8.09128,  0.00000
-0.35168,  0.97238, 465.90234, -27.51398,  8.05238,  0.01753
-0.17584,  0.26519, 464.14819, -27.55241,  8.16908,  0.12274
-0.26376,  0.53039, 466.25317, -27.59084,  8.16908,  0.15781
 0.00000,  0.35359, 465.55151, -27.66769,  8.24688, -0.01753
 0.00000,  0.35359, 466.60400, -27.74455,  8.20798,  0.07014
-0.35168,  0.44199, 465.90234, -27.85983,  8.40248,  0.07014
-0.26376,  0.26519, 465.90234, -27.93669,  8.28578,  0.10521
-0.26376,  0.44199, 465.90234, -27.93669,  8.36358,  0.05260
 0.08792,  0.26519, 465.20068, -27.97511,  8.32468,  0.08767
-0.26376,  0.35359, 465.55151, -28.05197,  8.48028,  0.08767
-0.17584,  0.17680, 465.55151, -28.09040,  8.48028,  0.07014
-0.52753,  0.26519, 465.55151, -28.12882,  8.51918, -0.01753
-0.17584, -0.08840, 465.55151, -28.32096,  8.67478,  0.05260
-0.70337,  0.08840, 465.90234, -28.39782,  8.71368,  0.01753
-0.70337, -0.17680, 465.55151, -28.35939,  8.98599, -0.03507
-0.70337,  0.17680, 464.84985, -28.32096,  8.90819,  0.01753
-0.70337, -0.08840, 466.95483, -28.35939,  8.98599, -0.03507
-0.61545,  0.00000, 465.55151, -28.32096,  9.06379, -0.01753
-0.70337,  0.17680, 465.90234, -28.51310,  9.06379, -0.03507
-1.23090,  0.08840, 466.95483, -28.39782,  8.98599,  0.00000
-0.96713, -0.35359, 465.55151, -28.47467,  9.25829, -0.07014
-0.87921,  0.00000, 463.79736, -28.55153,  9.10269, -0.07014
-0.70337,  0.08840, 464.84985, -28.70523,  9.29719,  0.01753
-1.31882, -0.17680, 465.90234, -28.55153,  9.49169, -0.05260
-1.23090,  0.08840, 466.60400, -28.66681,  9.53059, -0.05260
-1.31882, -0.08840, 465.20068, -28.66681,  9.37499,  0.01753
-1.31882,  0.35359, 464.84985, -28.82051,  9.45279, -0.07014
-1.05505, -0.70718, 465.20068, -28.89737,  9.53059, -0.10521
-1.31882,  0.08840, 466.60400, -28.97422,  9.49169, -0.08767
-1.23090, -0.17680, 464.49902, -28.97422,  9.53059, -0.08767
-1.14297, -0.26519, 464.14819, -28.82051,  9.53059, -0.03507
-0.96713,  0.08840, 463.09570, -28.85894,  9.56949, -0.01753
-1.49466, -0.17680, 464.49902, -28.85894,  9.45279, -0.07014
-1.14297,  0.08840, 464.49902, -28.93580,  9.49169, -0.01753
-1.31882,  0.00000, 467.30566, -28.93580,  9.60839, -0.03507
-0.87921,  0.26519, 464.49902, -29.01265,  9.68619, -0.03507
-1.67050,  0.17680, 465.20068, -29.12793,  9.49169, -0.07014
-1.49466, -0.08840, 466.25317, -29.05108,  9.49169, -0.03507
-1.40674,  0.08840, 464.49902, -29.08951,  9.56949, -0.05260
-1.40674,  0.26519, 464.14819, -28.97422,  9.49169, -0.08767
-1.14297,  0.53039, 465.90234, -28.93580,  9.53059, -0.07014
-1.23090,  0.53039, 466.60400, -28.89737,  9.29719, -0.05260
-0.96713,  0.35359, 465.90234, -28.89737,  9.41389,  0.00000
-0.87921,  0.61879, 464.49902, -28.93580,  9.45279, -0.05260
-0.70337,  0.70718, 467.65649, -29.05108,  9.41389,  0.00000
-0.70337,  0.61879, 465.20068, -29.01265,  9.21939, -0.08767
-0.79129,  0.53039, 465.55151, -29.01265,  9.21939, -0.01753
-0.79129,  0.88398, 465.55151, -29.08951,  9.25829,  0.01753
-0.70337,  0.26519, 465.20068, -29.28164,  9.33609, -0.07014
-1.23090,  0.35359, 465.20068, -29.43535,  9.29719, -0.08767
-1.23090,  0.44199, 466.60400, -29.35850,  9.10269, -0.12274
-0.79129,  0.17680, 466.25317, -29.55064,  9.14159, -0.05260
-0.61545, -0.35359, 465.20068, -29.74277,  9.14159, -0.05260
-1.14297, -0.44199, 466.25317, -30.16547,  8.94709, -0.12274
-0.52753, -0.44199, 468.00732, -30.20390,  8.98599, -0.01753
-0.79129, -0.53039, 464.84985, -30.24233,  9.02489, -0.07014
-0.43961, -0.61879, 465.20068, -30.43446,  8.90819, -0.01753
-0.35168, -0.61879, 465.55151, -30.54975,  8.90819, -0.05260
-0.52753, -0.61879, 464.14819, -30.70346,  8.67478,  0.03507
-0.26376, -0.97238, 465.55151, -30.62660,  8.71368, -0.01753
-0.35168, -0.35359, 463.79736, -30.47289,  8.71368, -0.05260
-0.26376,  0.00000, 465.20068, -30.43446,  8.71368,  0.01753
-0.61545, -0.61879, 464.84985, -30.51132,  8.55808,  0.00000
-0.26376, -0.17680, 465.20068, -30.43446,  8.59698,  0.01753
-0.52753, -0.17680, 466.25317, -30.47289,  8.48028,  0.01753
-0.35168, -0.35359, 464.49902, -30.39604,  8.36358, -0.01753
-0.17584, -0.44199, 465.55151, -30.39604,  8.59698,  0.07014
-0.52753, -0.08840, 466.95483, -30.31918,  8.36358,  0.03507
-0.43961, -0.44199, 466.25317, -30.54975,  8.20798,  0.01753
-0.43961, -0.17680, 465.90234, -30.35761,  8.28578,  0.10521
-0.52753, -0.26519, 465.20068, -30.12704,  8.36358,  0.05260
-0.52753,  0.08840, 465.90234, -30.31918,  8.40248,  0.07014
-0.43961,  0.44199, 466.95483, -30.12704,  8.40248,  0.03507
-0.43961,  0.44199, 465.20068, -30.05019,  8.24688,  0.05260
-0.35168,  0.35359, 465.90234, -29.93491,  8.28578,  0.07014
-0.17584,  0.26519, 464.49902, -30.08862,  8.28578,  0.05260
 0.52753,  0.70718, 464.14819, -29.89648,  7.97458,  0.10521
-0.26376,  0.61879, 464.14819, -29.81963,  8.01348,  0.08767
-0.17584,  0.44199, 464.84985, -29.81963,  7.89678,  0.14027
 0.00000,  0.35359, 465.90234, -30.01176,  8.01348,  0.07014
 0.08792,  0.26519, 465.55151, -29.97334,  8.01348,  0.05260
 0.08792,  0.17680, 465.55151, -30.01176,  7.89678,  0.08767
-0.08792,  0.17680, 466.60400, -30.12704,  8.01348,  0.10521
 0.17584,  0.61879, 466.60400, -30.16547,  7.89678,  0.05260
 0.08792,  0.26519, 463.79736, -30.08862,  7.97458,  0.08767
 0.08792,  0.17680, 465.90234, -30.01176,  7.85788,  0.03507
 0.00000,  0.70718, 465.20068, -30.08862,  7.85788,  0.01753
 0.26376,  0.61879, 465.55151, -30.01176,  8.05238,  0.01753
 0.08792,  0.53039, 464.14819, -30.01176,  7.74117,  0.05260
-0.26376,  0.08840, 464.84985, -30.16547,  7.93568,  0.08767
 0.26376,  0.26519, 465.20068, -29.93491,  7.89678,  0.03507
-0.08792,  0.44199, 464.84985, -30.01176,  8.01348, -0.03507
-0.17584,  0.35359, 465.90234, -30.35761,  7.85788,  0.03507
 0.08792,  0.00000, 463.79736, -30.28075,  7.81898,  0.01753
-0.26376, -0.08840, 466.60400, -30.51132,  7.85788, -0.03507
-0.17584,  0.08840, 465.90234, -30.43446,  7.85788,  0.00000
 0.00000,  0.08840, 466.95483, -30.51132,  7.81898,  0.00000
-0.17584,  0.08840, 465.55151, -30.62660,  8.13018, -0.01753
 0.08792, -0.44199, 465.55151, -30.62660,  7.81898, -0.05260
-0.17584, -0.17680, 464.84985, -30.85717,  7.78008, -0.01753
 0.08792, -0.08840, 464.84985, -30.85717,  7.70227, -0.05260
-0.26376, -0.08840, 465.90234, -30.89559,  7.85788, -0.03507
-0.52753,  0.00000, 466.25317, -30.97245,  7.78008, -0.01753
-0.17584, -0.08840, 464.14819, -31.08773,  7.85788,  0.01753
-0.17584, -0.17680, 465.20068, -31.08773,  7.81898,  0.01753
-0.17584, -0.17680, 466.25317, -30.89559,  7.85788,  0.00000
-0.26376, -0.17680, 465.20068, -31.20301,  7.66337, -0.07014
-0.35168, -0.44199, 466.25317, -31.31829,  7.85788, -0.05260
 0.00000, -0.26519, 466.60400, -31.35672,  7.85788, -0.05260
-0.26376, -0.70718, 465.20068, -31.39515,  7.89678, -0.07014
-0.43961, -0.08840, 467.30566, -31.27987,  7.85788, -0.03507
-0.52753, -0.61879, 465.55151, -31.39515,  7.89678, -0.03507
-0.26376,  0.00000, 465.20068, -31.39515,  7.89678, -0.05260
-0.26376, -0.35359, 464.84985, -31.16459,  7.93568, -0.08767
-0.35168,  0.26519, 465.20068, -31.27987,  7.81898,  0.01753
-0.61545, -0.26519, 465.55151, -31.16459,  7.85788,  0.01753
-0.17584,  0.00000, 464.84985, -31.24144,  7.97458, -0.05260
 0.00000, -0.08840, 465.20068, -31.43357,  7.70227,  0.01753
-0.61545, -0.17680, 466.60400, -31.31829,  7.66337,  0.00000
-0.43961, -0.08840, 464.14819, -31.20301,  7.62447, -0.05260
-0.35168,  0.17680, 466.95483, -31.24144,  7.50777,  0.01753
-0.17584, -0.26519, 466.60400, -31.16459,  7.70227,  0.10521
-0.26376,  0.17680, 466.60400, -31.08773,  7.62447,  0.01753
-0.52753,  0.26519, 466.25317, -31.08773,  7.50777,  0.00000
 0.35168,  0.53039, 465.20068, -31.12616,  7.50777,  0.12274
-0.35168,  0.17680, 467.30566, -31.20301,  7.42997,  0.01753
 0.43961,  0.26519, 465.55151, -30.97245,  7.39107,  0.10521
 0.17584,  0.53039, 465.90234, -31.16459,  7.35217,  0.05260
-0.17584,  0.35359, 465.90234, -31.20301,  7.42997,  0.01753
-0.26376,  0.17680, 464.84985, -31.20301,  7.35217,  0.05260
-0.35168,  0.35359, 467.65649, -31.20301,  7.23547,  0.08767
-0.35168,  0.44199, 464.84985, -31.20301,  7.42997, -0.03507
 0.17584, -0.26519, 465.20068, -31.24144,  7.27437,  0.08767
-0.52753,  0.08840, 464.49902, -31.35672,  7.31327,  0.05260
-0.17584, -0.17680, 465.90234, -31.31829,  7.39107,  0.05260
-0.08792, -0.08840, 465.90234, -31.47200,  7.31327,  0.05260
-0.26376,  0.00000, 464.84985, -31.62571,  7.31327,  0.08767
-0.17584, -0.35359, 464.49902, -31.74099,  7.07987,  0.07014
 0.35168,  0.00000, 465.90234, -31.66414,  7.23547, -0.01753
-0.08792, -0.44199, 465.90234, -31.77942,  7.27437,  0.01753
 0.43961, -0.70718, 464.14819, -31.74099,  7.31327, -0.01753
 0.43961, -0.70718, 465.20068, -31.74099,  7.23547,  0.01753
 0.00000, -0.44199, 465.20068, -31.70257,  7.23547,  0.00000
 0.26376, -0.53039, 464.14819, -31.77942,  7.15767,  0.08767
 0.00000, -0.88398, 464.49902, -31.62571,  7.27437,  0.01753
-0.08792, -0.44199, 463.79736, -31.77942,  7.50777,  0.01753
-0.08792, -0.08840, 465.55151, -31.51043,  7.27437,  0.03507
 0.17584, -0.70718, 464.84985, -31.62571,  7.39107,  0.07014
-0.17584, -0.17680, 464.84985, -31.62571,  7.42997,  0.08767
 0.17584, -0.61879, 465.90234, -31.54886,  7.54667,  0.05260
-0.08792, -0.26519, 466.60400, -31.54886,  7.11877,  0.03507
 0.00000, -0.26519, 465.55151, -31.62571,  7.54667,  0.07014
 0.00000, -0.44199, 467.65649, -31.47200,  7.35217,  0.00000
-0.08792,  0.17680, 465.55151, -31.58728,  7.42997,  0.10521
-0.35168,  0.00000, 465.90234, -31.35672,  7.46887,  0.07014
-0.08792, -0.08840, 463.79736, -31.54886,  7.62447,  0.03507
-0.43961,  0.00000, 463.79736, -31.24144,  7.62447,  0.07014
-0.08792, -0.26519, 465.55151, -31.35672,  7.66337,  0.03507
-0.17584,  0.08840, 464.84985, -31.39515,  7.54667,  0.05260
-0.08792,  0.08840, 465.55151, -31.47200,  7.50777,  0.05260
-0.35168, -0.35359, 466.95483, -31.35672,  7.42997,  0.07014
-0.08792, -0.35359, 464.49902, -31.51043,  7.70227, -0.01753
 0.26376,  0.00000, 466.25317, -31.39515,  7.66337,  0.12274
 0.00000,  0.00000, 466.60400, -31.24144,  7.66337,  0.10521
 0.08792, -0.08840, 465.90234, -31.39515,  7.50777,  0.07014
-0.35168, -0.26519, 466.25317, -31.39515,  7.35217,  0.08767
-0.17584, -0.26519, 465.55151, -31.31829,  7.35217,  0.03507
-0.08792,  0.08840, 465.20068, -31.16459,  7.39107,  0.00000
-0.08792, -0.35359, 466.25317, -31.27987,  7.42997,  0.00000
-0.70337,  0.26519, 465.20068, -31.16459,  7.54667,  0.05260
 0.08792, -0.35359, 464.84985, -31.08773,  7.35217,  0.00000
-0.08792,  0.35359, 463.79736, -31.04930,  7.31327, -0.05260
-0.52753,  0.17680, 465.20068, -30.85717,  7.15767,  0.00000
-0.17584,  0.08840, 465.20068, -30.81874,  7.27437,  0.08767
-0.17584,  0.00000, 463.79736, -30.85717,  7.11877,  0.08767
-0.52753,  0.26519, 465.20068, -30.97245,  7.19657,  0.07014
 0.08792,  0.53039, 465.90234, -30.78031,  7.35217,  0.08767
-0.17584,  0.53039, 465.20068, -30.74188,  7.15767,  0.05260
-0.08792,  0.53039, 467.30566, -30.66503,  7.27437,  0.08767
-0.35168,  0.61879, 466.60400, -30.70346,  6.96317,  0.01753
 0.08792,  0.61879, 465.55151, -30.74188,  7.19657,  0.00000
-0.17584,  0.26519, 465.55151, -30.58817,  7.00207, -0.01753
 0.00000,  0.88398, 465.90234, -30.54975,  7.27437,  0.07014
-0.08792,  0.79558, 465.90234, -30.51132,  7.35217,  0.07014
 0.08792,  0.53039, 464.14819, -30.58817,  7.19657,  0.00000
 0.00000,  0.26519, 466.60400, -30.51132,  7.11877,  0.05260
-0.35168,  0.79558, 463.79736, -30.43446,  7.19657, -0.03507
-0.17584,  0.61879, 467.30566, -30.66503,  7.19657, -0.01753
 0.08792,  0.53039, 465.55151, -30.74188,  7.27437, -0.01753
 0.17584,  0.61879, 464.84985, -30.54975,  7.11877, -0.01753
 0.08792,  0.35359, 465.90234, -30.70346,  7.27437,  0.01753
 0.00000,  0.53039, 465.90234, -30.70346,  7.11877,  0.01753
 0.08792,  0.08840, 466.25317, -30.74188,  7.27437,  0.03507
 0.08792,  0.26519, 465.20068, -30.70346,  7.42997,  0.01753
-0.17584,  0.08840, 465.55151, -30.78031,  7.19657,  0.05260
 0.00000,  0.08840, 464.84985, -30.62660,  7.35217, -0.05260
 0.43961, -0.08840, 464.84985, -30.74188,  7.23547, -0.03507
 0.08792,  0.08840, 465.90234, -30.81874,  7.58557,  0.00000
 0.35168,  0.26519, 467.65649, -30.74188,  7.42997,  0.07014
 0.17584,  0.35359, 465.90234, -30.74188,  7.46887,  0.07014
-0.08792,  0.26519, 464.14819, -30.74188,  7.62447,  0.03507
-0.08792,  0.17680, 465.20068, -30.66503,  7.42997, -0.03507
 0.17584,  0.00000, 465.20068, -30.78031,  7.70227,  0.08767
-0.26376, -0.08840, 465.90234, -30.70346,  7.66337,  0.03507
-0.17584,  0.26519, 466.25317, -30.43446,  7.74117,  0.07014
 0.00000,  0.26519, 465.20068, -30.47289,  7.74117,  0.08767
-0.43961,  0.26519, 466.25317, -30.51132,  7.89678, -0.01753
-0.35168,  0.35359, 465.90234, -30.39604,  7.93568,  0.00000
-0.35168,  0.08840, 466.25317, -30.35761,  8.01348,  0.03507
 0.00000,  0.35359, 467.65649, -30.51132,  8.13018, -0.01753
-0.52753,  0.17680, 466.95483, -30.35761,  8.09128,  0.08767
-0.52753,  0.61879, 466.95483, -30.31918,  8.28578,  0.00000
-0.35168,  0.53039, 465.90234, -30.39604,  8.20798,  0.05260
-0.61545,  0.35359, 465.20068, -30.39604,  8.44138,  0.05260
-0.79129,  0.00000, 466.95483, -30.43446,  8.24688,  0.00000
-0.35168,  0.70718, 465.90234, -30.35761,  8.32468, -0.03507
-0.61545,  0.26519, 464.49902, -30.31918,  8.59698,  0.03507
-0.87921,  0.44199, 464.14819, -30.31918,  8.24688,  0.00000
-1.05505,  0.53039, 464.49902, -30.12704,  8.40248, -0.03507
-0.96713,  0.35359, 463.79736, -30.05019,  8.59698, -0.03507
-0.70337,  0.08840, 464.84985, -30.12704,  8.36358,  0.00000
-0.87921,  0.44199, 463.79736, -30.05019,  8.51918,  0.05260
-0.70337,  0.44199, 465.55151, -30.08862,  8.59698,  0.05260
-1.14297,  0.79558, 464.84985, -30.12704,  8.55808, -0.08767
-0.79129,  0.53039, 467.30566, -30.31918,  8.55808, -0.05260
-1.23090,  0.53039, 467.65649, -30.24233,  8.63588,  0.00000
-0.70337,  0.17680, 467.30566, -30.31918,  8.55808,  0.00000
-0.70337,  0.08840, 465.55151, -30.39604,  8.51918,  0.03507
-0.87921,  0.70718, 466.25317, -30.31918,  8.67478, -0.01753
-0.52753,  0.53039, 466.60400, -30.16547,  8.32468,  0.07014
-0.79129,  0.53039, 465.20068, -30.28075,  8.32468,  0.03507
-0.61545,  0.88398, 465.20068, -30.05019,  8.32468, -0.05260
-0.43961,  0.79558, 464.84985, -29.89648,  8.24688,  0.03507
-0.79129,  0.97238, 465.90234, -29.97334,  8.40248, -0.05260
-0.70337,  0.88398, 464.14819, -29.89648,  8.24688,  0.00000
-0.52753,  1.23757, 465.90234, -30.05019,  8.24688,  0.00000
-0.79129,  0.61879, 465.55151, -29.78120,  8.24688,  0.10521
-0.26376,  0.61879, 464.49902, -30.12704,  8.05238, -0.05260
-0.52753,  0.61879, 465.90234, -29.89648,  8.24688,  0.01753
-0.61545,  0.88398, 466.25317, -30.28075,  8.28578,  0.00000
-0.43961,  0.61879, 466.25317, -30.01176,  8.24688,  0.05260
-0.17584,  0.88398, 466.25317, -29.89648,  8.01348, -0.05260
-0.43961,  0.88398, 465.55151, -30.05019,  8.01348, -0.05260
-0.43961,  0.97238, 466.25317, -29.97334,  8.01348, -0.05260
-0.52753,  0.88398, 465.90234, -30.05019,  7.97458,  0.00000
-0.26376,  0.61879, 464.49902, -30.05019,  7.97458,  0.03507
-0.43961,  1.06078, 463.79736, -30.12704,  8.01348, -0.10521
-0.52753,  0.26519, 465.55151, -30.20390,  7.89678,  0.01753
-0.52753,  0.70718, 466.25317, -30.20390,  8.16908, -0.01753
 0.26376,  0.00000, 465.90234, -30.28075,  8.01348,  0.05260
-0.35168,  0.44199, 463.44653, -30.39604,  8.05238, -0.07014
 0.00000,  0.61879, 465.90234, -30.39604,  8.09128,  0.00000
-0.35168,  0.44199, 465.55151, -30.78031,  8.01348,  0.01753
-0.61545,  0.00000, 466.60400, -30.58817,  8.05238,  0.01753
-0.35168, -0.26519, 465.55151, -30.93402,  8.05238, -0.01753
-0.35168, -0.61879, 465.90234, -31.27987,  7.97458, -0.01753
-0.17584, -0.70718, 466.60400, -31.35672,  8.05238, -0.03507
-0.17584, -0.88398, 465.20068, -31.39515,  7.89678,  0.03507
 0.00000, -0.61879, 466.60400, -31.47200,  7.85788, -0.01753
-0.35168, -0.26519, 464.14819, -31.51043,  7.97458,  0.05260
-0.26376, -0.26519, 464.49902, -31.51043,  8.05238, -0.01753
-0.43961, -0.79558, 464.84985, -31.54886,  8.05238, -0.01753
-0.35168, -0.53039, 463.79736, -31.70257,  7.93568, -0.01753
-0.08792, -0.61879, 464.49902, -31.51043,  7.97458,  0.05260
-0.26376, -0.88398, 464.49902, -31.70257,  7.97458,  0.03507
-0.17584, -0.35359, 464.14819, -31.77942,  7.89678,  0.00000
-0.17584, -0.53039, 464.49902, -31.58728,  8.01348,  0.07014
-0.61545, -0.35359, 466.25317, -31.85628,  8.13018,  0.00000
-0.52753, -0.26519, 466.25317, -31.66414,  8.01348, -0.03507
-0.35168, -0.88398, 465.55151, -31.74099,  8.05238,  0.01753
-0.87921, -0.44199, 464.84985, -31.62571,  8.16908,  0.00000
-0.52753, -0.53039, 463.79736, -31.47200,  8.01348, -0.01753
-0.52753, -0.53039, 465.20068, -31.58728,  8.16908,  0.05260
-0.79129,  0.08840, 466.60400, -31.31829,  8.05238,  0.12274
-0.52753,  0.08840, 465.55151, -31.35672,  8.01348, -0.01753
-0.87921,  0.08840, 465.90234, -31.24144,  8.05238,  0.12274
-0.52753,  0.35359, 464.84985, -30.97245,  7.93568,  0.03507
-0.08792,  0.44199, 466.95483, -30.89559,  8.05238,  0.03507
-0.35168,  0.08840, 465.55151, -30.97245,  7.89678,  0.05260
-0.43961,  0.08840, 466.95483, -31.04930,  7.97458,  0.07014
-0.35168,  0.44199, 466.95483, -30.74188,  8.05238,  0.10521
-0.26376, -0.17680, 465.55151, -30.74188,  7.93568,  0.07014
-0.26376,  0.17680, 467.30566, -30.81874,  7.85788,  0.15781
-0.17584,  0.08840, 464.14819, -30.85717,  8.01348,  0.03507
-0.26376,  0.26519, 465.20068, -30.85717,  7.93568,  0.07014
-0.08792,  0.97238, 464.84985, -29.93491,  7.50777,  0.01753
