
-1.31882,  0.26519, 506.24780, -41.92424, 12.17582, -0.08767
-1.67050,  0.70718, 504.84448, -41.96267, 12.09802, -0.17534
-1.31882,  0.70718, 506.59863, -41.96267, 11.98132, -0.14027
-1.40674,  1.32597, 506.24780, -41.92424, 11.90351, -0.10521
-1.40674,  1.59116, 505.19531, -42.07795, 11.82571, -0.08767
-0.96713,  1.67956, 506.59863, -42.19324, 11.98132, -0.05260
-1.14297,  1.14917, 505.19531, -42.27009, 11.78681, -0.07014
-1.23090,  1.41437, 506.24780, -42.46223, 11.78681, -0.15781
-1.05505,  0.88398, 503.79199, -42.73122, 11.55341, -0.12274
-0.87921,  0.88398, 505.19531, -42.96178, 11.70901, -0.17534
-0.79129,  0.35359, 506.24780, -43.15392, 11.32001, -0.12274
-1.05505,  0.17680, 505.19531, -43.34605, 11.39781, -0.07014
-0.52753,  0.35359, 507.65112, -43.53819, 11.28111,  0.01753
-0.79129,  0.61879, 506.24780, -43.92246, 11.16441, -0.10521
-0.52753,  0.00000, 505.19531, -44.03775, 11.04771, -0.14027
-0.61545, -0.17680, 506.24780, -44.42202, 11.04771, -0.08767
-0.35168, -0.61879, 506.24780, -44.92158, 11.04771, -0.05260
-0.43961, -0.79558, 506.59863, -45.15214, 10.85320,  0.05260
-0.52753, -1.32597, 506.24780, -45.61327, 10.81430, -0.03507
-0.43961, -1.94476, 506.59863, -45.92068, 10.65870,  0.05260
-0.43961, -2.47514, 506.94946, -46.22810, 10.54200, -0.07014
-0.17584, -2.56354, 507.30029, -46.22810, 10.61980, -0.07014
-0.35168, -2.12155, 504.84448, -46.57395, 10.50310, -0.07014
-0.08792, -2.29835, 505.19531, -46.68923, 10.73650, -0.03507
-0.70337, -1.50277, 504.49365, -46.53552, 10.85320, -0.15781
 0.00000, -1.32597, 503.09033, -46.30496, 10.77540, -0.14027
-0.87921, -1.50277, 503.09033, -46.34339, 10.81430, -0.07014
-1.23090, -1.23757, 503.09033, -46.45867, 11.24221, -0.08767
-1.05505, -1.14917, 502.38867, -46.45867, 11.20331, -0.12274
-1.31882, -1.32597, 503.44116, -46.65081, 11.35891, -0.14027
-1.31882, -1.94476, 505.19531, -46.99665, 11.74791, -0.14027
-1.49466, -2.56354, 505.89697, -47.22722, 11.86461, -0.12274
-1.75842, -2.56354, 506.24780, -47.34250, 11.90351, -0.26301
-1.84634, -2.91713, 505.19531, -47.38093, 12.09802, -0.14027
-1.75842, -2.91713, 504.14282, -47.45778, 12.21472, -0.15781
-1.58258, -2.47514, 504.49365, -47.53464, 12.40922, -0.12274
-2.02219, -2.47514, 503.79199, -47.34250, 12.33142, -0.14027
-1.40674, -1.76796, 503.79199, -47.22722, 12.40922, -0.08767
-1.93427, -1.76796, 503.79199, -47.34250, 12.44812, -0.07014
-1.49466, -0.79558, 503.79199, -47.41936, 12.44812,  0.01753
-1.67050, -0.44199, 504.14282, -47.34250, 12.48702, -0.01753
-1.75842, -0.44199, 504.49365, -47.26565, 12.48702, -0.05260
-1.67050,  0.00000, 503.44116, -47.38093, 12.68152,  0.00000
-1.93427, -0.44199, 506.24780, -47.30407, 12.60372,  0.01753
-1.93427, -0.70718, 506.94946, -47.64992, 12.64262,  0.03507
-1.23090, -1.32597, 505.89697, -47.84206, 12.68152, -0.01753
-1.75842, -2.12155, 509.05444, -48.22633, 12.60372, -0.14027
-1.84634, -1.94476, 508.35278, -48.30318, 12.56482, -0.12274
-2.02219, -1.94476, 509.40527, -48.34161, 12.37032, -0.07014
-1.75842, -1.76796, 508.35278, -48.26476, 12.48702, -0.05260
-1.84634, -1.67956, 507.30029, -48.34161, 12.68152, -0.08767
-1.31882, -1.41437, 505.89697, -48.03419, 12.44812, -0.08767
-1.58258, -0.97238, 504.49365, -48.03419, 12.33142, -0.05260
-1.40674, -1.06078, 504.84448, -48.14948, 12.52592,  0.00000
-1.23090, -1.32597, 504.84448, -48.30318, 12.37032,  0.00000
-1.58258, -1.23757, 501.68701, -48.22633, 12.40922,  0.03507
-1.23090, -1.50277, 504.14282, -48.26476, 12.48702,  0.05260
-0.96713, -1.59116, 504.14282, -48.30318, 12.64262,  0.19288
-1.14297, -1.32597, 505.54614, -48.41846, 12.64262,  0.19288
-1.75842, -1.50277, 505.54614, -48.34161, 12.56482,  0.15781
-1.84634, -1.06078, 504.49365, -48.41846, 12.75932,  0.21041
-1.40674, -1.59116, 505.89697, -48.45689, 12.68152,  0.15781
-1.67050, -1.23757, 505.54614, -48.53374, 12.68152,  0.19288
-1.67050, -1.76796, 505.19531, -48.45689, 12.64262,  0.15781
-1.75842, -1.76796, 505.89697, -48.38004, 12.68152,  0.19288
-1.67050, -1.59116, 504.84448, -48.45689, 12.56482,  0.17534
-1.93427, -1.41437, 504.14282, -48.22633, 12.60372,  0.15781
-1.23090, -1.14917, 505.89697, -48.34161, 12.56482,  0.14027
-1.23090, -1.41437, 504.49365, -48.38004, 12.60372,  0.08767
-1.49466, -1.32597, 504.84448, -48.26476, 12.52592,  0.07014
-1.23090, -1.23757, 506.59863, -48.30318, 12.40922,  0.05260
-1.40674, -1.67956, 505.19531, -47.99577, 12.52592,  0.08767
-1.75842, -1.32597, 505.19531, -47.91891, 12.56482,  0.03507
-1.93427, -1.06078, 503.79199, -47.76520, 12.64262,  0.10521
-1.67050, -0.26519, 505.19531, -47.41936, 12.72042, -0.03507
-1.58258, -0.08840, 503.44116, -47.34250, 12.64262,  0.07014
-1.84634,  0.61879, 504.49365, -46.88137, 12.72042,  0.10521
-1.49466,  0.70718, 505.19531, -46.72766, 12.48702,  0.12274
-1.23090,  0.44199, 502.73950, -46.99665, 12.64262,  0.07014
-1.58258,  0.35359, 502.38867, -46.99665, 12.68152,  0.08767
-1.40674, -0.35359, 505.54614, -47.22722, 12.29252,  0.05260
-1.40674, -0.88398, 505.19531, -47.45778, 12.33142,  0.07014
-1.14297, -1.06078, 505.89697, -47.61149, 12.56482,  0.01753
-1.14297, -1.23757, 504.49365, -47.61149, 12.29252, -0.01753
-1.40674, -0.61879, 505.19531, -47.72678, 12.09802,  0.05260
-1.31882, -0.44199, 504.49365, -47.68835, 12.21472, -0.01753
-1.23090, -0.35359, 504.84448, -47.61149, 12.05912,  0.05260
-1.05505, -0.35359, 506.94946, -47.99577, 12.02022, -0.05260
-1.31882, -0.44199, 506.59863, -47.95734, 11.90351, -0.07014
-1.31882, -0.97238, 506.24780, -47.99577, 11.86461, -0.03507
-1.14297, -0.61879, 507.30029, -48.14948, 11.82571, -0.07014
-1.31882, -0.79558, 506.24780, -48.07262, 11.82571, -0.01753
-1.23090, -0.53039, 505.19531, -48.18790, 11.90351, -0.07014
-0.96713, -0.44199, 506.24780, -48.14948, 11.67011, -0.07014
-1.31882, -0.53039, 504.14282, -48.03419, 11.67011, -0.03507
-1.14297, -0.35359, 505.19531, -47.88049, 11.43671, -0.12274
-1.05505, -0.26519, 504.84448, -47.91891, 11.51451, -0.03507
-0.70337, -0.08840, 502.73950, -47.84206, 11.35891, -0.03507
-0.87921, -0.17680, 503.09033, -47.76520, 11.35891,  0.00000
-0.87921, -0.26519, 503.79199, -47.80363, 11.39781, -0.01753
-1.31882, -0.44199, 504.14282, -47.72678, 11.32001, -0.01753
-0.87921, -0.79558, 504.49365, -47.99577, 11.04771, -0.07014
-0.79129, -0.88398, 505.19531, -48.07262, 11.24221, -0.05260
-0.79129, -1.41437, 505.89697, -48.34161, 11.12551, -0.03507
-1.14297, -0.61879, 507.65112, -48.30318, 11.28111,  0.07014
-0.70337, -1.14917, 506.59863, -48.41846, 11.28111,  0.00000
-0.70337, -0.88398, 507.30029, -48.18790, 11.24221,  0.01753
-0.87921, -0.26519, 507.30029, -47.95734, 11.35891,  0.00000
-1.40674, -0.35359, 508.70361, -48.22633, 11.70901, -0.03507
-1.31882,  0.17680, 506.59863, -48.18790, 11.59231,  0.00000
-1.49466, -0.35359, 505.54614, -48.11105, 11.74791, -0.10521
-1.31882, -0.26519, 505.19531, -48.07262, 11.74791,  0.01753
-1.23090, -0.70718, 503.79199, -48.30318, 11.55341, -0.08767
-1.67050, -1.23757, 504.14282, -48.38004, 11.67011, -0.07014
-1.67050, -0.70718, 505.19531, -48.22633, 11.55341, -0.03507
-1.49466, -1.06078, 504.49365, -48.30318, 11.47561, -0.10521
-1.14297, -1.06078, 504.49365, -48.18790, 11.47561, -0.08767
-1.23090, -0.44199, 504.49365, -48.07262, 11.47561, -0.15781
-1.31882, -0.08840, 504.84448, -48.22633, 11.12551, -0.08767
-1.14297, -0.26519, 504.84448, -48.30318, 11.32001, -0.03507
-1.14297, -0.35359, 505.89697, -48.30318, 11.35891, -0.07014
-1.31882, -0.44199, 505.89697, -48.26476, 11.39781, -0.03507
-1.14297, -0.79558, 506.24780, -48.53374, 11.43671,  0.05260
-0.79129, -0.79558, 505.89697, -48.72588, 11.35891,  0.03507
-0.87921, -0.70718, 507.30029, -48.53374, 11.32001,  0.07014
-1.05505, -1.06078, 506.59863, -48.68745, 11.35891,  0.08767
-1.14297, -1.14917, 505.89697, -48.64903, 11.24221,  0.07014
-0.35168, -0.88398, 504.49365, -48.38004, 11.20331,  0.08767
-1.05505, -0.79558, 505.54614, -48.53374, 11.04771,  0.14027
-0.52753, -0.97238, 506.94946, -48.34161, 11.12551,  0.10521
-0.70337, -0.44199, 504.49365, -48.41846, 10.81430,  0.12274
-0.61545, -0.26519, 504.49365, -48.18790, 10.89211,  0.10521
-0.96713, -0.35359, 505.19531, -48.07262, 10.58090,  0.07014
-0.70337, -0.61879, 505.54614, -48.18790, 10.46420, -0.01753
-0.52753, -0.79558, 506.24780, -48.07262, 10.34750,  0.07014
-0.35168, -0.61879, 505.89697, -47.99577, 10.03630,  0.07014
 0.35168, -0.97238, 507.65112, -48.03419, 10.07520,  0.01753
-0.43961, -0.61879, 505.19531, -47.91891, 10.03630, -0.01753
-0.08792, -0.17680, 505.19531, -47.76520, 10.23080,  0.05260
-0.26376, -0.35359, 503.79199, -47.61149, 10.15300,  0.00000
-0.35168,  0.00000, 505.54614, -47.61149,  9.91960,  0.00000
-0.43961, -0.08840, 503.79199, -47.53464, 10.11410,  0.08767
-0.08792,  0.08840, 505.54614, -47.72678, 10.23080,  0.00000
-0.70337, -0.08840, 506.24780, -47.45778, 10.15300, -0.07014
-0.17584, -0.08840, 504.14282, -47.41936, 10.15300, -0.03507
-0.61545, -0.44199, 505.89697, -47.68835, 10.07520, -0.03507
-0.35168, -0.61879, 507.65112, -47.57307, 10.15300, -0.01753
-0.17584, -1.06078, 506.59863, -47.68835, 10.07520,  0.03507
-0.35168, -0.79558, 505.89697, -47.84206, 10.30860, -0.01753
-0.52753, -1.06078, 506.94946, -47.72678, 10.11410,  0.03507
-0.17584, -0.79558, 506.59863, -47.76520, 10.34750,  0.08767
-0.61545, -1.14917, 506.59863, -47.64992, 10.11410,  0.03507
-0.61545, -0.88398, 505.89697, -47.72678, 10.30860,  0.01753
-0.70337, -1.23757, 504.14282, -47.72678, 10.50310, -0.03507
-0.96713, -1.32597, 504.49365, -47.45778, 10.26970,  0.03507
-0.52753, -1.06078, 505.54614, -47.49621, 10.42530,  0.12274
-0.70337, -1.41437, 505.54614, -47.57307, 10.46420,  0.08767
-0.70337, -1.32597, 504.84448, -47.61149, 10.50310,  0.05260
-0.70337, -1.59116, 503.44116, -47.72678, 10.30860,  0.05260
-0.43961, -1.59116, 504.49365, -47.57307, 10.34750,  0.05260
-0.96713, -1.23757, 503.79199, -47.68835, 10.50310,  0.05260
-0.61545, -1.41437, 505.54614, -47.57307, 10.38640,  0.03507
-0.61545, -1.67956, 505.89697, -47.61149, 10.46420,  0.07014
-1.14297, -1.23757, 506.94946, -47.41936, 10.34750,  0.00000
-1.05505, -1.59116, 505.19531, -47.72678, 10.50310,  0.07014
-0.61545, -1.67956, 505.89697, -47.61149, 10.38640,  0.07014
-0.70337, -1.85636, 505.19531, -47.61149, 10.30860,  0.05260
-0.52753, -1.67956, 505.89697, -47.34250, 10.23080,  0.08767
-0.70337, -1.76796, 505.19531, -47.72678, 10.23080,  0.03507
-0.79129, -1.85636, 504.49365, -47.38093, 10.26970,  0.07014
-0.17584, -1.59116, 502.38867, -47.41936, 10.03630,  0.00000
-0.26376, -1.85636, 503.44116, -47.49621, 10.19190,  0.08767
-0.35168, -1.94476, 503.44116, -47.41936, 10.15300,  0.12274
-0.43961, -1.76796, 504.49365, -47.49621, 10.15300,  0.10521
-0.35168, -1.76796, 504.84448, -47.15036, 10.07520,  0.10521
-0.61545, -1.32597, 504.49365, -47.11194, 10.38640,  0.05260
-0.52753, -1.76796, 505.54614, -47.18879, 10.07520,  0.15781
-0.35168, -1.85636, 505.19531, -47.30407, 10.19190,  0.12274
-0.61545, -1.94476, 505.89697, -47.30407, 10.07520,  0.15781
-0.26376, -1.85636, 505.19531, -47.34250, 10.07520,  0.15781
-0.35168, -2.20995, 505.54614, -47.07351, 10.19190,  0.19288
-0.61545, -1.50277, 505.19531, -46.95823, 10.07520,  0.17534
-0.26376, -2.12155, 504.84448, -46.76609, 10.19190,  0.10521
-0.61545, -1.59116, 504.49365, -46.61238, 10.38640,  0.10521
-0.70337, -1.14917, 504.14282, -45.99754, 10.26970,  0.17534
-0.79129, -0.44199, 502.38867, -45.45956, 10.23080,  0.14027
-0.87921,  0.26519, 502.38867, -45.15214, 10.19190,  0.15781
-0.87921,  1.14917, 501.68701, -44.49888, 10.07520,  0.17534
-0.87921,  1.23757, 504.14282, -44.22988, 10.30860,  0.24548
-0.26376,  1.23757, 503.79199, -43.96089, 10.15300,  0.19288
-0.26376,  1.59116, 503.79199, -43.76875, 10.26970,  0.14027
-0.52753,  1.67956, 504.14282, -43.46133, 10.11410,  0.10521
-0.17584,  1.59116, 506.59863, -43.11549, 10.15300,  0.03507
-0.52753,  1.76796, 508.70361, -43.15392, 10.19190,  0.12274
-0.35168,  1.50277, 508.00195, -43.00021, 10.11410,  0.08767
-0.43961,  1.67956, 507.30029, -42.73122, 10.23080,  0.03507
-0.26376,  1.85636, 506.94946, -42.69279, 10.15300,  0.03507
-0.43961,  1.67956, 506.59863, -42.61594, 10.11410,  0.07014
-0.26376,  1.32597, 506.94946, -42.19324, 10.34750, -0.05260
-0.70337,  2.03315, 505.89697, -42.23166, 10.42530, -0.05260
-0.35168,  2.20995, 505.89697, -42.11638, 10.42530, -0.05260
 0.00000,  2.56354, 503.44116, -41.73211, 10.42530,  0.05260
-0.26376,  2.29835, 505.19531, -41.77053, 10.46420, -0.05260
-0.43961,  2.12155, 502.73950, -41.92424, 10.65870,  0.00000
-0.26376,  1.41437, 504.49365, -41.77053, 10.69760,  0.07014
-1.14297,  1.59116, 503.79199, -41.84739, 10.81430,  0.03507
-0.61545,  1.23757, 505.54614, -42.23166, 10.93101,  0.01753
-1.14297,  0.70718, 505.54614, -42.30852, 10.93101,  0.01753
-1.31882,  0.17680, 506.94946, -42.30852, 11.00881, -0.08767
-1.14297,  0.00000, 507.65112, -42.50066, 11.12551, -0.05260
-1.23090,  0.08840, 506.94946, -42.73122, 11.08661, -0.07014
-1.75842, -0.17680, 506.24780, -42.84650, 11.28111, -0.15781
-1.67050, -0.26519, 505.89697, -43.00021, 11.39781, -0.14027
-1.31882, -0.08840, 504.49365, -42.80807, 11.51451, -0.12274
-1.40674,  0.08840, 504.49365, -42.88493, 11.43671, -0.10521
-1.67050, -0.53039, 503.79199, -42.88493, 11.35891, -0.07014
-1.58258, -0.44199, 505.19531, -42.96178, 11.51451, -0.08767
-1.49466, -0.17680, 503.44116, -42.84650, 11.70901, -0.12274
-1.14297, -0.61879, 503.09033, -42.96178, 11.63121,  0.00000
-1.14297, -0.44199, 504.14282, -43.00021, 11.63121, -0.03507
-1.31882, -0.35359, 503.79199, -42.92336, 11.55341, -0.03507
-1.31882, -0.79558, 504.84448, -42.92336, 11.59231, -0.07014
-1.40674, -0.26519, 505.19531, -42.73122, 11.47561, -0.05260
-1.40674, -0.70718, 505.54614, -42.76965, 11.55341, -0.14027
-1.58258, -0.08840, 506.24780, -42.53908, 11.47561, -0.03507
-1.49466,  0.08840, 505.89697, -42.30852, 11.47561, -0.07014
-1.58258, -0.17680, 506.94946, -42.38537, 11.47561,  0.00000
-0.96713,  0.17680, 506.59863, -42.30852, 11.12551, -0.03507
-0.87921, -0.17680, 505.19531, -42.23166, 11.32001, -0.05260
-1.05505,  0.26519, 504.49365, -42.11638, 11.20331, -0.01753
-1.05505, -0.17680, 505.89697, -41.92424, 11.16441, -0.10521
-1.31882,  0.26519, 505.19531, -41.80896, 11.20331, -0.03507
-1.05505, -0.08840, 503.44116, -41.73211, 11.00881,  0.03507
-1.14297,  0.00000, 504.49365, -41.57840, 11.12551,  0.07014
-1.14297,  0.53039, 504.14282, -41.34783, 11.04771, -0.03507
-0.43961,  0.97238, 503.44116, -40.84827, 11.08661, -0.05260
-0.43961,  0.79558, 503.79199, -40.84827, 11.12551,  0.05260
-0.70337,  1.14917, 504.49365, -40.69456, 10.89211, -0.01753
-0.35168,  1.14917, 505.19531, -40.57928, 10.89211,  0.03507
-0.08792,  0.44199, 505.54614, -40.61771, 10.89211, -0.03507
-0.35168,  0.44199, 505.19531, -40.31030, 10.77540,  0.01753
-0.17584,  0.35359, 505.19531, -40.46400, 10.69760, -0.01753
-0.52753,  0.08840, 505.54614, -40.61771, 10.73650, -0.07014
-0.26376,  0.00000, 506.59863, -40.34872, 10.54200, -0.08767
-0.43961,  0.17680, 508.00195, -40.34872, 10.58090, -0.12274
-0.26376,  0.17680, 509.05444, -40.50243, 10.85320, -0.05260
-0.08792, -0.08840, 507.30029, -40.54086, 10.69760, -0.01753
-0.08792,  0.26519, 506.94946, -40.42558, 10.77540,  0.01753
 0.00000,  0.35359, 504.84448, -40.27187, 10.89211,  0.07014
-0.52753,  0.70718, 504.14282, -40.11816, 10.85320,  0.05260
-0.70337,  0.61879, 504.14282, -40.00288, 10.93101,  0.01753
-1.40674,  0.79558, 504.14282, -40.04131, 11.08661,  0.03507
-0.70337,  0.88398, 504.14282, -39.84917, 11.12551,  0.03507
-1.14297,  0.70718, 502.73950, -39.88760, 11.16441,  0.01753
-1.31882,  0.35359, 503.79199, -39.69546, 11.28111, -0.03507
-0.79129,  0.53039, 504.49365, -40.00288, 11.39781, -0.05260
-0.96713,  0.97238, 506.24780, -39.96445, 11.43671, -0.01753
-0.70337,  0.79558, 504.84448, -39.96445, 11.35891,  0.01753
-0.61545,  0.44199, 506.24780, -39.69546, 11.47561,  0.00000
-0.70337,  0.35359, 504.84448, -39.61860, 11.47561,  0.00000
-0.52753,  0.97238, 505.19531, -39.58018, 11.63121, -0.03507
-0.79129,  0.97238, 505.89697, -39.54175, 11.67011, -0.01753
-0.70337,  0.70718, 504.84448, -39.19590, 11.43671, -0.03507
-0.70337,  1.06078, 508.00195, -39.08062, 11.59231, -0.07014
-0.61545,  1.23757, 506.59863, -38.88848, 11.70901,  0.05260
-1.23090,  1.59116, 505.89697, -38.73477, 11.86461, -0.01753
-0.96713,  1.06078, 504.49365, -38.73477, 11.86461,  0.03507
-0.87921,  2.03315, 505.89697, -38.81163, 12.13692, -0.07014
-1.31882,  1.14917, 504.14282, -38.50421, 11.98132, -0.08767
-1.58258,  1.76796, 505.89697, -38.65792, 12.21472,  0.01753
-1.49466,  1.32597, 506.24780, -38.61949, 12.09802,  0.00000
-1.49466,  1.50277, 505.19531, -38.50421, 12.05912,  0.08767
-1.31882,  1.41437, 506.24780, -38.58106, 12.25362,  0.03507
-1.58258,  1.67956, 505.19531, -38.42735, 12.17582,  0.01753
-1.58258,  1.41437, 507.30029, -38.46578, 12.21472,  0.01753
-1.67050,  1.50277, 506.59863, -38.58106, 12.29252, -0.03507
-1.58258,  1.32597, 505.89697, -38.50421, 12.56482, -0.01753
-1.58258,  1.76796, 506.94946, -38.58106, 12.48702, -0.07014
-1.31882,  1.23757, 505.89697, -38.61949, 12.48702,  0.00000
-1.40674,  1.41437, 506.24780, -38.46578, 12.56482,  0.01753
-1.49466,  1.59116, 506.59863, -38.58106, 12.83712,  0.00000
-1.49466,  1.50277, 506.94946, -38.65792, 12.79822,  0.00000
-1.75842,  1.23757, 505.89697, -38.58106, 12.91492,  0.03507
-2.11011,  1.06078, 506.24780, -38.54263, 13.07053, -0.03507
-1.93427,  1.23757, 506.24780, -38.73477, 13.07053, -0.01753
-2.11011,  0.61879, 504.49365, -38.73477, 13.07053, -0.03507
-2.02219,  0.97238, 505.19531, -38.61949, 12.99273, -0.05260
-1.93427,  0.97238, 504.49365, -38.73477, 12.95382, -0.10521
-2.28595,  0.79558, 505.19531, -38.58106, 13.03163, -0.07014
-2.37387,  0.53039, 505.54614, -38.65792, 13.18723, -0.07014
-1.93427,  0.79558, 504.14282, -38.65792, 13.18723, -0.01753
-2.19803,  0.79558, 504.49365, -38.65792, 13.34283,  0.01753
-2.19803,  0.79558, 503.44116, -38.46578, 13.30393,  0.01753
-2.02219,  0.79558, 504.49365, -38.42735, 13.42063, -0.03507
-2.02219,  0.97238, 505.89697, -38.46578, 13.49843,  0.00000
-2.11011,  1.23757, 504.84448, -38.19679, 13.57623, -0.07014
-2.11011,  0.79558, 505.89697, -38.31207, 13.42063, -0.07014
-2.11011,  1.06078, 503.44116, -38.19679, 13.34283, -0.07014
-2.19803,  0.88398, 506.24780, -38.04308, 13.65403, -0.07014
-2.37387,  1.06078, 505.19531, -38.23521, 13.42063, -0.12274
-1.75842,  0.97238, 504.14282, -38.23521, 13.57623, -0.05260
-2.37387,  0.88398, 504.49365, -38.19679, 13.45953, -0.05260
-2.11011,  1.32597, 508.70361, -38.08150, 13.69293, -0.12274
-2.19803,  1.50277, 505.54614, -37.81252, 13.65403, -0.08767
-1.84634,  1.32597, 508.00195, -37.62038, 13.65403, -0.07014
-2.37387,  1.50277, 504.84448, -37.73566, 13.49843, -0.12274
-2.28595,  1.67956, 505.54614, -37.69724, 13.49843, -0.05260
-1.93427,  2.12155, 506.24780, -37.62038, 13.49843, -0.05260
-2.28595,  1.85636, 505.89697, -37.58195, 13.49843, -0.07014
-2.02219,  2.03315, 505.89697, -37.65881, 13.22613, -0.07014
-1.75842,  1.59116, 505.54614, -37.73566, 13.38173, -0.10521
-1.84634,  1.59116, 506.24780, -37.69724, 13.30393, -0.08767
-1.58258,  1.23757, 504.14282, -37.77409, 13.14833, -0.10521
-1.40674,  1.67956, 505.89697, -37.96622, 13.18723, -0.12274
-1.75842,  1.50277, 505.19531, -37.85094, 13.03163, -0.07014
-1.31882,  1.94476, 506.59863, -37.96622, 12.95382, -0.07014
-1.40674,  1.76796, 504.84448, -38.00465, 12.79822, -0.14027
-1.67050,  1.94476, 504.84448, -37.92780, 12.75932, -0.12274
-1.14297,  1.59116, 505.54614, -37.77409, 12.48702, -0.08767
-1.14297,  1.85636, 505.19531, -38.11993, 12.21472, -0.10521
-0.70337,  2.12155, 505.54614, -38.15836, 12.33142, -0.08767
-0.79129,  1.94476, 505.89697, -38.15836, 12.25362, -0.05260
-0.79129,  1.94476, 505.19531, -38.08150, 12.17582, -0.12274
-1.14297,  1.76796, 504.14282, -38.11993, 12.05912, -0.10521
-1.05505,  1.50277, 504.14282, -38.00465, 12.02022, -0.05260
-0.43961,  1.23757, 504.49365, -38.19679, 11.98132, -0.12274
-0.79129,  1.85636, 506.24780, -38.19679, 12.02022, -0.15781
-0.35168,  1.67956, 504.49365, -38.15836, 11.94242, -0.03507
-0.52753,  1.59116, 505.19531, -38.42735, 11.86461, -0.08767
-0.61545,  1.32597, 505.54614, -38.50421, 11.94242,  0.01753
-0.26376,  1.41437, 506.59863, -38.54263, 11.90351,  0.01753
-0.35168,  1.85636, 506.24780, -38.65792, 11.78681, -0.01753
-0.79129,  1.59116, 506.59863, -38.81163, 11.70901,  0.00000
-0.52753,  1.50277, 505.54614, -38.85005, 11.70901, -0.01753
-0.43961,  1.76796, 505.54614, -38.85005, 11.74791, -0.08767
-0.61545,  1.76796, 504.84448, -38.92691, 11.70901, -0.05260
-0.70337,  0.79558, 504.84448, -38.96534, 11.67011, -0.10521
-1.05505,  1.06078, 503.44116, -39.27276, 11.63121, -0.08767
-0.61545,  1.14917, 506.24780, -39.27276, 11.35891, -0.07014
-0.79129,  0.88398, 503.09033, -39.27276, 11.39781, -0.03507
-0.87921,  1.32597, 504.84448, -39.38804, 11.43671, -0.10521
-0.70337,  1.23757, 504.49365, -39.42647, 11.47561, -0.01753
-0.35168,  1.50277, 506.94946, -39.46489, 11.35891,  0.03507
-0.52753,  1.94476, 505.19531, -39.50332, 11.28111,  0.05260
-0.17584,  1.94476, 505.19531, -39.65703, 11.16441,  0.07014
-0.35168,  1.50277, 506.24780, -39.77231, 11.16441, -0.01753
 0.08792,  1.41437, 505.19531, -39.92602, 11.08661,  0.12274
-0.08792,  1.50277, 505.89697, -40.04131, 10.96991,  0.08767
 0.00000,  1.06078, 504.84448, -39.96445, 11.12551,  0.10521
-0.17584,  1.32597, 505.89697, -40.15659, 10.93101,  0.03507
 0.35168,  1.23757, 506.59863, -40.19501, 10.89211,  0.03507
 0.35168,  0.61879, 503.44116, -40.31030, 10.81430,  0.14027
 0.17584,  0.61879, 503.09033, -40.50243, 10.65870,  0.10521
 0.26376,  0.08840, 504.84448, -40.57928, 10.81430,  0.12274
-0.08792,  0.70718, 505.54614, -40.92513, 10.65870,  0.10521
 0.08792,  0.08840, 505.19531, -41.23255, 10.73650,  0.05260
 0.17584,  0.17680, 505.19531, -41.23255, 10.81430,  0.05260
 0.08792,  0.00000, 507.65112, -41.46311, 11.00881,  0.01753
-0.52753,  0.35359, 506.94946, -41.92424, 10.89211,  0.07014
-0.26376,  0.08840, 505.89697, -42.07795, 11.24221,  0.07014
-0.35168, -0.26519, 507.30029, -42.23166, 11.35891,  0.05260
-0.26376, -0.17680, 504.49365, -42.30852, 11.39781,  0.05260
-0.52753, -0.61879, 504.49365, -42.46223, 11.51451,  0.14027
-0.35168, -0.44199, 504.14282, -42.42380, 11.35891,  0.17534
-0.52753, -0.08840, 503.09033, -42.50066, 11.55341,  0.08767
-0.70337,  0.17680, 502.73950, -42.61594, 11.63121,  0.10521
-0.17584, -0.17680, 503.79199, -42.76965, 11.70901,  0.12274
-0.52753,  0.00000, 503.79199, -42.88493, 11.82571,  0.08767
-0.79129,  0.17680, 505.19531, -43.00021, 12.05912,  0.10521
-1.14297, -0.08840, 505.54614, -43.26920, 12.17582,  0.10521
-1.14297, -0.88398, 505.54614, -43.61504, 12.21472, -0.01753
-1.40674, -0.70718, 505.54614, -43.57662, 12.37032,  0.03507
-1.40674, -0.88398, 507.30029, -43.80718, 12.40922, -0.05260
-1.14297, -1.14917, 505.19531, -43.76875, 12.33142,  0.03507
-1.67050, -0.79558, 504.84448, -43.73033, 12.79822,  0.01753
-1.23090, -1.14917, 505.54614, -43.92246, 12.37032, -0.01753
-0.96713, -1.06078, 506.24780, -43.88404, 12.68152,  0.03507
-0.96713, -0.70718, 504.49365, -43.76875, 12.52592,  0.00000
-0.96713, -0.44199, 505.19531, -43.96089, 12.75932,  0.07014
-1.31882, -0.44199, 504.84448, -44.07617, 12.83712,  0.05260
-1.31882, -0.08840, 503.44116, -43.84561, 12.99273,  0.03507
-1.58258, -0.35359, 503.79199, -44.11460, 12.91492,  0.03507
-1.40674, -0.88398, 504.14282, -44.19146, 13.14833,  0.03507
-1.75842, -0.17680, 504.14282, -44.22988, 13.10943,  0.05260
-1.93427, -1.14917, 504.49365, -44.30674, 13.30393,  0.07014
-1.75842, -1.14917, 504.84448, -44.38359, 13.34283,  0.01753
-2.02219, -1.14917, 504.49365, -44.38359, 13.22613, -0.01753
-2.19803, -1.14917, 504.84448, -44.42202, 13.18723,  0.03507
-2.11011, -0.53039, 503.09033, -44.57573, 13.38173, -0.01753
-1.75842, -0.61879, 503.09033, -44.57573, 13.38173, -0.17534
-2.11011, -0.79558, 505.54614, -44.65259, 13.26503, -0.07014
-1.93427, -0.35359, 505.19531, -44.92158, 13.26503, -0.05260
-1.84634, -0.26519, 506.59863, -44.92158, 13.26503, -0.05260
-1.84634, -0.70718, 506.94946, -45.19057, 13.34283, -0.10521
-1.58258, -0.79558, 506.24780, -45.53642, 13.30393, -0.12274
-1.58258, -1.32597, 506.24780, -45.45956, 13.49843, -0.15781
-1.49466, -1.94476, 507.65112, -45.84383, 13.26503, -0.17534
-1.40674, -1.94476, 506.94946, -46.07439, 13.26503, -0.10521
-1.58258, -1.76796, 505.89697, -45.95911, 13.42063, -0.14027
-1.93427, -1.85636, 505.54614, -46.03597, 13.30393, -0.10521
-1.14297, -1.67956, 503.79199, -45.72855, 13.45953, -0.07014
-1.67050, -1.14917, 504.14282, -45.92068, 13.34283, -0.05260
-1.31882, -0.88398, 502.03784, -45.76698, 13.30393, -0.10521
-1.31882, -0.88398, 504.14282, -45.88226, 13.45953, -0.15781
-1.67050, -0.44199, 502.73950, -45.88226, 13.38173, -0.07014
-1.84634, -0.70718, 504.84448, -46.11282, 13.30393, -0.05260
-1.67050, -1.23757, 505.89697, -46.07439, 13.34283, -0.12274
-1.23090, -1.06078, 505.54614, -46.26653, 13.53733, -0.08767
-1.93427, -1.23757, 507.30029, -46.57395, 13.26503, -0.07014
-1.58258, -1.32597, 508.00195, -46.68923, 13.61513, -0.08767
-1.58258, -1.67956, 506.94946, -46.72766, 13.53733, -0.07014
-1.84634, -1.41437, 506.94946, -46.61238, 13.38173, -0.01753
-1.84634, -1.06078, 506.94946, -46.53552, 13.42063, -0.07014
-2.02219, -0.97238, 505.54614, -46.22810, 13.49843, -0.05260
-2.28595, -0.61879, 504.14282, -45.95911, 13.45953, -0.05260
-1.93427,  0.08840, 503.44116, -45.76698, 13.42063,  0.00000
-1.75842,  0.35359, 504.49365, -45.84383, 13.30393, -0.10521
-2.11011,  0.26519, 503.79199, -45.57484, 13.45953, -0.08767
-2.19803,  0.17680, 503.09033, -45.57484, 13.45953, -0.05260
-2.11011,  0.17680, 504.49365, -45.65170, 13.45953, -0.01753
-2.11011,  0.00000, 505.19531, -45.72855, 13.49843, -0.01753
-1.93427, -0.88398, 504.14282, -45.95911, 13.34283, -0.03507
-2.19803, -0.88398, 505.89697, -46.18968, 13.38173, -0.03507
-1.75842, -1.14917, 504.49365, -46.15125, 13.57623,  0.00000
-1.75842, -0.79558, 507.30029, -46.38181, 13.57623, -0.05260
-1.75842, -0.70718, 506.24780, -46.34339, 13.42063, -0.05260
-1.75842, -0.79558, 505.89697, -46.45867, 13.30393,  0.05260
-1.84634, -0.61879, 505.89697, -46.34339, 13.34283, -0.01753
-1.84634, -0.53039, 506.94946, -46.22810, 13.38173,  0.00000
-1.84634, -0.70718, 504.14282, -46.49710, 13.42063, -0.05260
-1.67050, -0.79558, 504.14282, -46.53552, 13.30393,  0.00000
-1.75842, -0.70718, 503.09033, -46.49710, 13.38173,  0.03507
-1.93427, -1.50277, 504.14282, -46.76609, 13.49843, -0.01753
-2.11011, -1.50277, 503.79199, -47.07351, 13.45953, -0.03507
-1.67050, -1.32597, 504.84448, -47.18879, 13.42063, -0.03507
-1.84634, -1.41437, 505.54614, -47.18879, 13.14833,  0.00000
-1.58258, -1.67956, 504.49365, -47.49621, 13.30393,  0.00000
-2.19803, -1.85636, 506.24780, -47.53464, 13.30393, -0.12274
-1.93427, -1.94476, 506.59863, -47.64992, 13.26503, -0.15781
-1.67050, -2.03315, 505.89697, -48.07262, 13.26503, -0.05260
-1.93427, -2.03315, 505.89697, -47.95734, 13.07053, -0.03507
-2.02219, -1.94476, 505.19531, -48.07262, 13.34283, -0.12274
-1.75842, -2.20995, 505.19531, -48.11105, 13.14833, -0.03507
-1.49466, -2.20995, 504.84448, -48.07262, 12.99273, -0.07014
-1.40674, -1.94476, 506.24780, -48.22633, 12.99273,  0.00000
-1.31882, -1.94476, 505.19531, -48.03419, 12.91492, -0.03507
-1.58258, -1.85636, 503.79199, -47.91891, 12.79822, -0.03507
-1.31882, -1.32597, 505.89697, -47.84206, 12.72042, -0.07014
-1.40674, -1.59116, 503.44116, -47.95734, 12.68152,  0.01753
-1.23090, -1.76796, 503.44116, -48.07262, 12.72042, -0.05260
-1.49466, -1.94476, 506.59863, -48.03419, 12.64262, -0.07014
-1.31882, -2.12155, 505.19531, -48.26476, 12.48702, -0.03507
-1.49466, -2.20995, 506.24780, -48.22633, 12.40922,  0.07014
-1.23090, -2.65194, 505.54614, -48.07262, 12.33142,  0.03507
-1.23090, -2.38675, 504.84448, -47.99577, 12.29252,  0.03507
-1.23090, -2.12155, 504.14282, -47.88049, 12.09802,  0.01753
-0.87921, -1.85636, 503.79199, -47.57307, 12.02022,  0.05260
-1.23090, -2.12155, 504.14282, -47.57307, 11.82571,  0.07014
-1.23090, -1.41437, 502.73950, -47.26565, 11.86461, -0.03507
-0.96713, -1.67956, 505.19531, -47.38093, 11.59231,  0.00000
-0.79129, -1.50277, 503.44116, -47.22722, 11.55341,  0.05260
-0.87921, -1.41437, 503.09033, -46.99665, 11.59231,  0.03507
-0.61545, -1.06078, 503.09033, -46.99665, 11.43671,  0.05260
-0.61545, -0.79558, 504.84448, -46.88137, 11.67011,  0.08767
-0.52753, -0.53039, 503.44116, -46.61238, 11.39781,  0.10521
-0.35168, -0.17680, 504.14282, -46.42024, 11.24221,  0.14027
-0.43961, -0.70718, 504.84448, -46.38181, 11.24221,  0.14027
-0.35168, -0.44199, 505.54614, -46.22810, 11.20331,  0.14027
-0.26376,  0.00000, 506.59863, -45.99754, 11.04771,  0.15781
-0.17584, -0.08840, 507.65112, -45.95911, 10.96991,  0.14027
-0.35168, -0.26519, 508.00195, -45.72855, 10.81430,  0.14027
-0.26376, -0.17680, 506.94946, -45.65170, 10.81430,  0.03507
-0.08792, -0.35359, 507.30029, -45.61327, 10.38640,  0.05260
 0.17584, -0.44199, 506.24780, -45.42113, 10.46420,  0.15781
 0.26376,  0.08840, 506.59863, -45.22900, 10.42530,  0.19288
 0.00000,  0.08840, 506.94946, -45.30585, 10.26970,  0.08767
 0.08792,  0.08840, 506.24780, -45.19057, 10.34750,  0.17534
 0.26376, -0.26519, 503.44116, -45.11372, 10.26970,  0.08767
 0.35168, -0.26519, 504.84448, -45.26743, 10.19190,  0.10521
-0.17584, -0.53039, 504.84448, -45.38271, 10.30860,  0.10521
 0.00000, -0.79558, 504.84448, -45.30585, 10.26970,  0.05260
-0.08792, -1.06078, 505.89697, -45.42113, 10.15300,  0.14027
 0.00000, -1.23757, 504.49365, -45.42113, 10.30860,  0.10521
-0.08792, -0.88398, 505.89697, -45.34428, 10.15300,  0.05260
 0.00000, -0.79558, 505.19531, -45.26743, 10.19190,  0.10521
-0.08792, -1.06078, 505.89697, -45.30585, 10.15300,  0.17534
 0.00000, -1.23757, 504.49365, -45.15214, 10.19190,  0.07014
 0.00000, -0.79558, 504.84448, -45.15214, 10.11410,  0.07014
 0.43961, -1.06078, 507.65112, -44.96001, 10.26970,  0.14027
 0.17584, -1.06078, 505.19531, -45.07529, 10.34750,  0.05260
 0.17584, -0.88398, 506.94946, -44.99843, 10.15300,  0.21041
 0.00000, -0.88398, 505.89697, -44.99843, 10.26970,  0.05260
 0.35168, -0.44199, 506.59863, -44.80630, 10.19190,  0.14027
-0.08792, -0.44199, 505.54614, -44.80630, 10.23080,  0.19288
-0.26376, -0.53039, 505.54614, -44.46045, 10.30860,  0.10521
 0.61545,  0.00000, 506.59863, -44.26831, 10.54200,  0.08767
-0.17584,  0.00000, 504.14282, -44.30674, 10.26970,  0.12274
-0.08792,  0.35359, 504.49365, -44.03775, 10.34750,  0.10521
 0.26376, -0.44199, 505.19531, -43.96089, 10.34750,  0.08767
 0.00000,  0.00000, 506.94946, -43.80718, 10.34750,  0.07014
 0.08792,  0.17680, 503.79199, -43.84561, 10.65870,  0.07014
-0.35168, -0.26519, 506.24780, -43.65347, 10.46420,  0.03507
-0.43961,  0.26519, 506.59863, -43.73033, 10.38640,  0.03507
 0.08792,  0.35359, 507.30029, -43.46133, 10.50310, -0.01753
-0.26376,  0.08840, 504.84448, -43.53819, 10.58090, -0.08767
-0.43961,  0.26519, 504.49365, -43.34605, 10.46420, -0.07014
-0.43961,  0.44199, 505.19531, -43.26920, 10.61980,  0.00000
-0.08792,  0.17680, 506.24780, -43.26920, 10.69760, -0.03507
-0.08792,  0.53039, 504.84448, -43.15392, 10.65870, -0.03507
 0.08792,  0.08840, 504.84448, -43.00021, 10.89211,  0.03507
-0.17584,  0.00000, 505.89697, -42.96178, 10.85320,  0.01753
-0.35168, -0.17680, 505.54614, -42.88493, 11.04771,  0.07014
-0.35168, -0.08840, 505.19531, -42.96178, 11.08661,  0.03507
-0.52753,  0.00000, 505.89697, -42.88493, 11.32001,  0.01753
-0.61545, -0.26519, 505.89697, -42.96178, 11.39781,  0.05260
-0.52753, -0.61879, 505.19531, -42.76965, 11.51451,  0.03507
-0.61545, -0.17680, 505.89697, -42.92336, 11.63121, -0.01753
-0.96713, -0.26519, 504.14282, -42.73122, 11.67011,  0.05260
-0.70337, -0.35359, 506.59863, -42.69279, 11.78681,  0.07014
-0.87921, -0.17680, 505.19531, -42.92336, 11.94242,  0.08767
-0.87921, -0.35359, 505.89697, -42.65437, 11.74791,  0.07014
-1.40674, -0.08840, 506.24780, -42.73122, 11.94242,  0.01753
-1.23090, -0.26519, 504.14282, -42.61594, 12.02022,  0.01753
-1.23090, -0.35359, 504.14282, -42.50066, 11.90351,  0.05260
-1.23090, -0.08840, 502.73950, -42.34695, 12.13692,  0.00000
-1.05505, -0.26519, 504.49365, -42.46223, 12.02022,  0.03507
-1.14297, -0.44199, 504.84448, -42.30852, 12.02022,  0.07014
-1.49466,  0.00000, 503.79199, -42.03953, 12.09802, -0.01753
-0.87921,  0.35359, 505.19531, -41.92424, 11.98132,  0.03507
-1.14297,  0.08840, 504.14282, -41.88582, 12.17582,  0.05260
-1.31882,  0.44199, 505.54614, -42.03953, 11.98132,  0.05260
-1.40674,  0.35359, 505.19531, -41.84739, 12.17582,  0.03507
-1.14297,  0.35359, 504.84448, -41.65525, 12.29252,  0.01753
-1.40674,  0.26519, 506.24780, -41.84739, 12.33142,  0.05260
-1.40674,  0.44199, 504.84448, -41.61682, 12.48702,  0.03507
-0.96713,  0.70718, 507.30029, -41.57840, 12.25362,  0.07014
-1.49466,  0.61879, 508.00195, -41.46311, 12.44812, -0.01753
-1.40674,  0.88398, 506.94946, -41.34783, 12.44812, -0.01753
-1.05505,  0.79558, 506.24780, -41.00198, 12.56482, -0.01753
-1.49466,  0.79558, 505.54614, -41.07884, 12.52592,  0.00000
-1.23090,  0.88398, 505.54614, -40.80985, 12.56482,  0.03507
-1.58258,  0.88398, 507.65112, -40.61771, 12.64262, -0.03507
-1.31882,  1.50277, 505.54614, -40.50243, 12.68152,  0.01753
-1.05505,  1.06078, 505.19531, -40.54086, 12.64262,  0.00000
-0.96713,  0.97238, 506.24780, -40.11816, 12.68152,  0.08767
-1.14297,  1.23757, 504.84448, -40.07973, 12.72042, -0.03507
-0.79129,  1.06078, 504.14282, -40.07973, 12.75932,  0.05260
-1.14297,  0.88398, 505.54614, -39.88760, 12.83712, -0.03507
-1.58258,  1.59116, 506.94946, -39.92602, 12.87602, -0.03507
-0.96713,  1.32597, 504.14282, -39.73389, 12.64262,  0.07014
-0.87921,  0.97238, 504.49365, -39.81074, 12.60372, -0.05260
-1.05505,  0.97238, 505.89697, -39.77231, 12.72042, -0.03507
-0.87921,  1.50277, 505.54614, -39.81074, 12.64262, -0.05260
-0.79129,  1.14917, 505.19531, -39.84917, 12.64262, -0.05260
-0.35168,  1.06078, 505.54614, -39.88760, 12.56482, -0.05260
-0.79129,  0.88398, 506.94946, -40.00288, 12.56482, -0.12274
-0.43961,  1.14917, 507.30029, -40.07973, 12.52592, -0.03507
-1.05505,  0.97238, 506.59863, -39.92602, 12.44812, -0.17534
-0.79129,  0.70718, 505.89697, -39.88760, 12.48702, -0.08767
-0.52753,  0.61879, 506.24780, -39.73389, 12.40922, -0.08767
-0.96713,  0.79558, 505.54614, -39.73389, 12.48702, -0.17534
-0.87921,  0.35359, 504.84448, -39.88760, 12.48702, -0.12274
-0.87921,  0.70718, 504.84448, -39.92602, 12.37032, -0.10521
-0.61545,  0.88398, 505.19531, -39.77231, 12.40922, -0.12274
-0.70337,  0.70718, 505.19531, -39.84917, 12.48702, -0.12274
-0.61545,  0.26519, 504.49365, -39.88760, 12.60372, -0.14027
-1.31882,  0.35359, 503.79199, -39.69546, 12.37032, -0.05260
-0.61545,  0.00000, 502.73950, -39.65703, 12.48702, -0.03507
-0.87921, -0.26519, 503.09033, -39.73389, 12.40922, -0.05260
-0.87921,  0.61879, 504.84448, -39.69546, 12.52592, -0.01753
-0.43961,  0.35359, 504.49365, -39.46489, 12.60372, -0.05260
-0.61545,  0.44199, 504.49365, -39.50332, 12.44812, -0.07014
-0.61545,  1.32597, 504.84448, -39.31118, 12.37032, -0.03507
-0.79129,  1.06078, 504.49365, -39.23433, 12.48702, -0.03507
-0.52753,  1.41437, 504.84448, -39.15747, 12.52592, -0.08767
-0.26376,  1.23757, 504.49365, -38.96534, 12.44812, -0.05260
-0.35168,  1.59116, 504.84448, -38.77320, 12.48702, -0.05260
-0.35168,  1.23757, 504.49365, -38.81163, 12.52592, -0.10521
-0.52753,  1.76796, 505.19531, -38.85005, 12.60372,  0.00000
-0.52753,  1.23757, 504.49365, -38.81163, 12.75932, -0.05260
-0.52753,  1.06078, 504.84448, -38.88848, 12.64262,  0.05260
-0.61545,  0.70718, 505.19531, -38.77320, 12.75932, -0.03507
-0.70337,  0.88398, 505.89697, -38.69634, 12.79822,  0.01753
-0.43961,  0.70718, 504.49365, -38.54263, 12.87602, -0.03507
-0.61545,  1.41437, 506.59863, -38.50421, 12.91492, -0.05260
-0.35168,  0.79558, 503.79199, -38.65792, 12.75932,  0.03507
-0.17584,  1.50277, 506.59863, -38.65792, 12.95382,  0.00000
-0.70337,  0.88398, 505.54614, -38.58106, 13.10943,  0.01753
-0.17584,  0.88398, 508.00195, -38.50421, 13.07053,  0.01753
-0.70337,  1.67956, 505.89697, -38.46578, 13.30393,  0.07014
-0.52753,  1.32597, 505.89697, -38.38892, 13.34283,  0.08767
-0.79129,  1.14917, 505.89697, -38.31207, 13.26503,  0.03507
-0.87921,  1.50277, 503.79199, -38.46578, 13.30393,  0.07014
-1.31882,  1.50277, 505.19531, -38.58106, 13.42063,  0.01753
-0.70337,  1.76796, 504.14282, -38.35050, 13.45953, -0.05260
-0.87921,  1.59116, 504.84448, -38.38892, 13.49843, -0.01753
-0.96713,  1.67956, 504.14282, -38.54263, 13.57623,  0.01753
-0.70337,  1.94476, 504.14282, -38.38892, 13.73183,  0.10521
-1.05505,  1.50277, 504.84448, -38.54263, 13.61513,  0.08767
-0.87921,  1.41437, 504.84448, -38.46578, 13.61513,  0.07014
-0.61545,  1.32597, 506.24780, -38.61949, 13.84853,  0.08767
-0.79129,  1.14917, 505.19531, -38.69634, 13.57623,  0.01753
-0.87921,  1.23757, 507.30029, -38.77320, 13.88743,  0.07014
-0.96713,  0.79558, 506.24780, -38.77320, 13.88743,  0.00000
-0.70337,  1.06078, 506.59863, -38.77320, 14.08194,  0.08767
-1.23090,  1.06078, 506.59863, -38.85005, 13.88743,  0.03507
-0.87921,  1.41437, 506.94946, -38.88848, 14.00414,  0.07014
-1.05505,  1.32597, 504.49365, -38.73477, 14.08194,  0.05260
-0.79129,  1.06078, 505.19531, -38.77320, 13.96523, -0.03507
-0.96713,  1.41437, 504.14282, -38.77320, 14.15974,  0.08767
-1.23090,  1.50277, 504.49365, -38.85005, 14.15974, -0.01753
-0.70337,  1.67956, 504.49365, -38.65792, 14.19864, -0.05260
-0.70337,  1.32597, 505.54614, -38.69634, 14.15974,  0.01753
-0.70337,  1.85636, 504.84448, -38.46578, 14.23754, -0.01753
-0.96713,  1.32597, 504.14282, -38.77320, 14.04304,  0.03507
-0.87921,  1.23757, 505.54614, -38.65792, 14.15974,  0.07014
-0.70337,  1.76796, 505.19531, -38.58106, 14.39314,  0.08767
-0.87921,  1.50277, 505.19531, -38.69634, 14.50984,  0.03507
-0.79129,  1.50277, 506.59863, -38.65792, 14.50984,  0.07014
-0.61545,  1.59116, 507.30029, -38.81163, 14.62654,  0.01753
-0.96713,  1.85636, 504.84448, -38.88848, 14.74324,  0.05260
-0.87921,  1.50277, 505.54614, -38.61949, 14.78214,  0.03507
-0.70337,  2.12155, 505.89697, -38.77320, 14.85994,  0.03507
-0.79129,  1.59116, 505.19531, -39.11905, 14.89884,  0.03507
-1.14297,  1.59116, 506.24780, -38.92691, 15.09335, -0.03507
-1.14297,  1.85636, 505.89697, -38.96534, 15.09335, -0.05260
-0.87921,  1.50277, 506.94946, -39.19590, 15.01554,  0.01753
-1.14297,  1.76796, 506.94946, -38.92691, 15.32675,  0.03507
-1.23090,  2.03315, 506.59863, -38.96534, 15.48235, -0.07014
-1.31882,  2.03315, 505.89697, -39.15747, 15.67685, -0.01753
-1.40674,  2.03315, 506.59863, -39.31118, 15.79355, -0.17534
-2.02219,  1.67956, 508.35278, -39.54175, 16.10476, -0.14027
-1.93427,  2.20995, 505.89697, -39.50332, 16.06586, -0.10521
-2.11011,  1.85636, 506.59863, -39.58018, 16.49376, -0.07014
-2.02219,  1.59116, 507.30029, -39.88760, 16.61046, -0.08767
-2.54971,  1.85636, 506.59863, -39.81074, 16.72716, -0.14027
-2.63763,  1.32597, 506.59863, -40.07973, 17.03836, -0.14027
-2.54971,  1.41437, 506.24780, -40.11816, 17.23287, -0.15781
-2.81348,  1.59116, 508.00195, -40.38715, 17.46627, -0.12274
-2.81348,  2.03315, 508.00195, -40.61771, 17.62187, -0.14027
-2.98932,  1.94476, 507.30029, -40.65614, 17.77747, -0.26301
-2.98932,  1.76796, 507.30029, -40.92513, 17.85527, -0.26301
-3.34100,  1.41437, 506.59863, -41.23255, 17.93307, -0.29808
-3.60477,  1.32597, 506.24780, -41.46311, 18.20538, -0.24548
-3.51685,  1.41437, 506.94946, -41.61682, 18.04977, -0.31562
-3.34100,  1.14917, 506.94946, -41.80896, 18.04977, -0.24548
-3.25308,  0.26519, 503.44116, -42.00110, 18.08868, -0.21041
-2.81348,  0.61879, 503.09033, -42.19324, 18.39988, -0.21041
-2.81348,  0.79558, 504.49365, -42.27009, 18.32208, -0.21041
-2.98932,  0.35359, 503.79199, -42.46223, 18.36098, -0.17534
-3.25308,  0.17680, 502.38867, -42.69279, 18.32208, -0.15781
-3.07724, -0.26519, 502.73950, -42.92336, 18.28318, -0.12274
-2.81348, -0.53039, 505.54614, -42.96178, 17.97197, -0.10521
-3.16516, -1.41437, 503.44116, -43.34605, 18.24428, -0.19288
-2.81348, -1.67956, 504.49365, -43.46133, 18.20538, -0.17534
-3.07724, -1.85636, 504.84448, -43.69190, 18.16648, -0.17534
-3.07724, -1.94476, 505.19531, -43.73033, 18.12757, -0.03507
-2.81348, -2.20995, 505.19531, -43.96089, 18.16648, -0.12274
-2.46179, -2.20995, 504.14282, -43.92246, 18.24428, -0.12274
-2.81348, -2.12155, 505.54614, -43.96089, 17.97197, -0.08767
-2.72556, -2.03315, 503.79199, -44.07617, 17.97197, -0.21041
-2.72556, -2.47514, 503.44116, -43.96089, 18.01088, -0.15781
-2.63763, -2.65194, 504.14282, -43.99932, 17.93307, -0.22795
-2.72556, -1.94476, 504.14282, -44.07617, 17.77747, -0.12274
-2.90140, -2.74034, 503.09033, -44.19146, 17.73857, -0.15781
-2.90140, -2.47514, 503.09033, -44.03775, 17.62187, -0.15781
-2.81348, -2.20995, 504.14282, -43.92246, 17.69967, -0.12274
-2.63763, -1.41437, 503.79199, -43.99932, 17.66077, -0.10521
-2.37387, -1.14917, 505.19531, -43.88404, 17.54407, -0.08767
-2.54971, -0.88398, 506.24780, -43.99932, 17.58297, -0.12274
-2.37387, -0.70718, 506.24780, -43.84561, 17.38847, -0.07014
-2.02219, -0.44199, 506.24780, -43.88404, 17.54407, -0.08767
-1.84634, -0.79558, 507.65112, -43.84561, 17.58297, -0.14027
-2.46179, -0.70718, 507.30029, -43.84561, 17.31067, -0.12274
-1.93427, -0.61879, 506.94946, -43.92246, 17.27177, -0.05260
-1.93427, -0.61879, 508.35278, -43.73033, 17.07727, -0.08767
-1.84634, -0.26519, 504.49365, -43.84561, 17.11617, -0.12274
-2.02219, -0.26519, 505.89697, -43.61504, 16.99947, -0.10521
-2.11011,  0.08840, 504.84448, -43.61504, 16.80496, -0.07014
-1.93427,  0.35359, 505.54614, -43.38448, 16.76606, -0.08767
-2.11011,  0.35359, 503.79199, -43.69190, 16.68826, -0.07014
-1.40674,  0.53039, 504.84448, -43.76875, 16.57156, -0.03507
-1.49466,  0.79558, 506.94946, -43.80718, 16.45486, -0.03507
-1.23090,  0.53039, 506.59863, -43.80718, 16.22146, -0.08767
-1.14297,  0.35359, 507.30029, -43.99932, 16.22146, -0.08767
-1.31882,  0.26519, 507.30029, -44.11460, 16.22146, -0.05260
-1.49466,  0.35359, 505.89697, -44.26831, 16.18256, -0.05260
-1.40674, -0.17680, 505.89697, -44.34517, 16.02695, -0.03507
-1.40674, -0.44199, 505.54614, -44.34517, 15.98805, -0.05260
-1.40674, -0.08840, 506.59863, -44.30674, 15.94915, -0.03507
-1.14297, -0.26519, 504.49365, -44.19146, 15.94915, -0.05260
-1.58258, -0.08840, 505.19531, -44.22988, 15.91025, -0.07014
-0.79129,  0.44199, 503.44116, -44.15303, 16.06586, -0.07014
-0.79129,  0.35359, 505.89697, -44.26831, 15.75465,  0.03507
-1.23090,  0.08840, 504.14282, -44.38359, 15.67685,  0.01753
-0.79129, -0.35359, 506.24780, -44.46045, 15.63795, -0.01753
-0.96713, -0.35359, 504.84448, -44.72944, 15.44345,  0.00000
-0.79129, -0.26519, 504.84448, -44.96001, 15.52125,  0.10521
-1.23090, -0.79558, 505.89697, -45.03686, 15.36565,  0.08767
-1.14297, -0.44199, 505.89697, -44.92158, 15.24895,  0.05260
-1.05505, -0.17680, 506.59863, -45.03686, 15.09335,  0.03507
-0.35168,  0.08840, 506.94946, -45.15214, 14.85994,  0.08767
-0.43961,  0.08840, 506.59863, -45.26743, 14.82104,  0.12274
-0.52753,  0.00000, 507.30029, -45.34428, 14.97664,  0.10521
-0.70337, -0.53039, 507.65112, -45.49799, 14.70434,  0.10521
-0.17584, -0.61879, 507.30029, -45.88226, 14.58764,  0.10521
-0.43961, -0.97238, 506.94946, -46.07439, 14.66544,  0.03507
-0.26376, -1.06078, 506.59863, -46.26653, 14.78214,  0.10521
-0.35168, -1.23757, 505.89697, -46.38181, 14.47094,  0.08767
-0.43961, -1.23757, 508.00195, -46.38181, 14.47094,  0.14027
-0.52753, -0.61879, 504.49365, -46.26653, 14.47094,  0.08767
-0.26376, -0.61879, 504.14282, -46.22810, 14.35424,  0.14027
-0.17584, -0.35359, 504.84448, -46.34339, 14.23754,  0.05260
-0.26376, -0.88398, 503.79199, -46.15125, 14.31534,  0.17534
-0.17584, -0.61879, 504.14282, -46.49710, 14.15974,  0.08767
-0.08792, -1.06078, 505.89697, -46.34339, 14.12084,  0.08767
 0.08792, -0.79558, 503.44116, -46.30496, 13.96523,  0.07014
-0.17584, -0.70718, 505.19531, -46.38181, 14.08194,  0.12274
-0.43961, -0.61879, 505.54614, -46.65081, 14.12084,  0.15781
 0.00000, -1.14917, 505.54614, -46.57395, 14.12084,  0.07014
-0.17584, -1.14917, 507.30029, -46.45867, 14.04304,  0.10521
-0.43961, -1.14917, 506.59863, -46.57395, 13.92633,  0.07014
 0.17584, -0.35359, 506.59863, -46.57395, 14.19864,  0.08767
 0.08792, -0.61879, 505.54614, -46.30496, 14.12084,  0.05260
-0.43961, -1.23757, 504.84448, -46.42024, 14.08194,  0.17534
 0.17584, -0.26519, 504.84448, -46.42024, 14.31534,  0.15781
 0.26376, -0.79558, 506.24780, -46.53552, 14.15974,  0.12274
 0.17584, -0.79558, 506.94946, -46.57395, 14.39314,  0.12274
-0.52753, -0.79558, 506.24780, -46.72766, 14.50984,  0.07014
-0.17584, -0.97238, 504.14282, -46.38181, 14.62654,  0.03507
-0.43961, -1.23757, 504.84448, -46.45867, 14.58764,  0.12274
-0.96713, -1.41437, 505.19531, -46.30496, 14.43204,  0.08767
-0.61545, -0.88398, 504.49365, -46.45867, 14.50984,  0.07014
-0.70337, -0.61879, 504.84448, -46.42024, 14.54874,  0.03507
-1.05505, -0.53039, 504.49365, -46.34339, 14.78214,  0.07014
-0.52753, -0.53039, 505.19531, -46.18968, 14.62654,  0.01753
-0.61545, -0.26519, 504.49365, -46.38181, 14.82104,  0.01753
-0.35168, -0.44199, 505.54614, -46.22810, 14.89884,  0.08767
-0.79129,  0.17680, 505.54614, -46.42024, 14.58764,  0.01753
-0.70337, -0.17680, 504.49365, -46.34339, 14.70434,  0.00000
-0.70337, -0.08840, 507.30029, -46.34339, 15.09335,  0.05260
-0.87921, -0.44199, 506.59863, -46.53552, 15.21005,  0.00000
-1.40674, -0.79558, 506.24780, -46.49710, 15.32675, -0.05260
-1.40674, -0.97238, 506.94946, -46.49710, 15.21005,  0.07014
-1.14297, -1.41437, 504.84448, -46.57395, 15.24895,  0.00000
-1.49466, -1.50277, 504.14282, -46.72766, 15.44345,  0.03507
-1.49466, -1.06078, 503.79199, -46.68923, 15.48235, -0.05260
-1.49466, -1.23757, 503.79199, -46.76609, 15.40455, -0.03507
-1.31882, -0.97238, 504.84448, -46.65081, 15.44345,  0.05260
-1.23090, -0.79558, 504.49365, -46.57395, 15.63795, -0.03507
-1.67050, -0.61879, 503.44116, -46.57395, 15.67685, -0.01753
-1.58258, -0.26519, 505.19531, -46.61238, 15.71575,  0.03507
-1.67050, -0.17680, 504.84448, -46.53552, 15.71575, -0.03507
-1.67050, -0.35359, 505.89697, -46.49710, 15.63795, -0.01753
-1.23090, -0.44199, 505.89697, -46.57395, 15.56015, -0.14027
-1.93427, -0.08840, 505.19531, -46.57395, 15.63795, -0.07014
-1.40674, -0.26519, 506.94946, -46.49710, 15.59905, -0.08767
-1.31882, -0.70718, 506.59863, -46.57395, 15.87135, -0.03507
-1.58258, -0.70718, 504.49365, -46.49710, 15.63795, -0.07014
-1.67050, -0.53039, 505.54614, -46.42024, 15.59905, -0.07014
-1.58258, -0.97238, 504.14282, -46.38181, 15.79355, -0.07014
-1.31882, -0.61879, 503.79199, -46.15125, 15.56015, -0.10521
-1.23090, -0.44199, 505.19531, -46.26653, 15.71575, -0.03507
-1.58258, -0.26519, 503.44116, -46.03597, 15.67685, -0.08767
-1.49466, -0.53039, 505.19531, -46.22810, 15.63795, -0.08767
-1.49466, -0.61879, 503.44116, -46.18968, 15.56015, -0.05260
-1.14297, -0.17680, 504.14282, -46.26653, 15.63795, -0.01753
-1.49466, -0.53039, 505.89697, -46.38181, 15.56015, -0.03507
-1.40674, -0.88398, 505.19531, -46.34339, 15.59905,  0.05260
-1.40674, -0.08840, 505.89697, -46.34339, 15.63795,  0.07014
-1.31882, -0.61879, 506.94946, -46.45867, 15.63795,  0.05260
-1.40674, -0.88398, 504.84448, -46.42024, 15.59905, -0.07014
-1.58258, -0.79558, 506.24780, -46.45867, 15.63795,  0.03507
-1.58258, -0.70718, 505.54614, -46.49710, 15.67685,  0.03507
-1.40674, -0.35359, 504.49365, -46.11282, 15.75465,  0.08767
-1.31882, -0.44199, 504.49365, -46.38181, 15.40455,  0.00000
-1.75842, -0.08840, 504.84448, -46.26653, 15.59905, -0.01753
-1.67050, -0.26519, 504.84448, -46.22810, 15.59905,  0.03507
-1.49466, -0.53039, 504.84448, -46.30496, 15.44345, -0.01753
-1.40674, -0.35359, 505.54614, -46.34339, 15.63795,  0.00000
-1.58258, -0.88398, 506.24780, -46.45867, 15.56015,  0.03507
-1.23090, -0.70718, 503.79199, -46.53552, 15.52125,  0.00000
-1.40674, -0.97238, 505.89697, -46.72766, 15.52125,  0.07014
-1.58258, -0.88398, 505.54614, -46.45867, 15.59905,  0.05260
-1.49466, -0.70718, 505.19531, -46.68923, 15.36565,  0.05260
-0.96713, -1.14917, 504.14282, -46.68923, 15.24895,  0.08767
-1.23090, -0.97238, 504.14282, -46.61238, 15.36565,  0.07014
-0.96713, -0.70718, 504.14282, -46.49710, 15.36565,  0.08767
-1.31882, -0.79558, 504.49365, -46.61238, 15.36565,  0.07014
-1.14297, -1.14917, 504.84448, -46.38181, 15.32675,  0.05260
-1.40674, -0.97238, 505.54614, -46.49710, 15.28785,  0.07014
-1.49466, -1.06078, 503.79199, -46.42024, 15.17115,  0.05260
-1.49466, -1.32597, 505.54614, -46.57395, 15.17115,  0.08767
-1.31882, -0.79558, 504.84448, -46.72766, 15.21005,  0.10521
-1.40674, -1.14917, 505.54614, -46.53552, 14.93774,  0.07014
-0.79129, -1.67956, 504.84448, -46.49710, 15.01554,  0.03507
-1.40674, -1.32597, 504.49365, -46.38181, 15.05445,  0.07014
-1.05505, -1.23757, 505.54614, -46.30496, 14.82104,  0.03507
-0.87921, -0.70718, 503.79199, -46.18968, 14.78214,  0.01753
-0.87921, -1.14917, 504.14282, -46.26653, 14.93774,  0.01753
-1.05505, -1.06078, 504.84448, -46.26653, 14.89884,  0.07014
-1.31882, -1.14917, 505.89697, -46.03597, 14.82104,  0.01753
-0.87921, -0.97238, 505.54614, -45.92068, 14.74324, -0.05260
-1.05505, -1.06078, 505.19531, -45.95911, 14.62654, -0.08767
-0.87921, -1.41437, 505.19531, -45.80540, 14.58764, -0.05260
-0.43961, -0.88398, 504.84448, -45.84383, 14.82104, -0.03507
-0.79129, -0.44199, 504.49365, -45.72855, 14.62654, -0.07014
-0.43961, -0.26519, 504.49365, -45.49799, 14.54874, -0.01753
-0.35168, -0.44199, 505.19531, -45.53642, 14.62654,  0.03507
-0.79129, -0.35359, 504.84448, -45.49799, 14.62654,  0.00000
-0.52753, -0.35359, 505.19531, -45.38271, 14.62654,  0.07014
-0.70337, -0.61879, 505.54614, -45.30585, 14.62654,  0.03507
-0.43961, -0.79558, 504.49365, -45.30585, 14.54874, -0.07014
-0.61545, -0.44199, 504.49365, -45.26743, 14.70434, -0.01753
-0.52753, -0.70718, 506.24780, -45.34428, 14.62654,  0.05260
-0.52753, -0.61879, 505.19531, -45.15214, 14.50984,  0.07014
-0.35168, -0.88398, 505.19531, -45.07529, 14.43204,  0.01753
-0.79129, -0.70718, 504.84448, -44.92158, 14.50984,  0.03507
-0.70337, -0.61879, 503.79199, -45.03686, 14.50984,  0.03507
-0.61545, -0.17680, 504.84448, -44.65259, 14.50984,  0.01753
-0.26376, -0.08840, 505.89697, -44.57573, 14.47094,  0.03507
-0.61545,  0.17680, 506.24780, -44.53730, 14.54874,  0.05260
-0.43961, -0.17680, 507.30029, -44.42202, 14.39314, -0.03507
-0.61545,  0.35359, 504.84448, -44.34517, 14.54874,  0.08767
-0.52753,  0.08840, 506.24780, -44.26831, 14.39314,  0.08767
-0.61545, -0.35359, 507.30029, -44.30674, 14.39314,  0.05260
-0.52753, -0.26519, 506.94946, -44.15303, 14.47094,  0.12274
-0.26376, -0.70718, 505.89697, -44.22988, 14.43204,  0.05260
-0.61545, -0.44199, 505.54614, -44.11460, 14.35424,  0.10521
-0.87921, -0.35359, 506.24780, -44.11460, 14.43204,  0.07014
-0.52753, -0.26519, 504.84448, -43.84561, 14.39314,  0.10521
-0.70337, -0.35359, 505.89697, -43.84561, 14.43204,  0.10521
-0.87921,  0.08840, 504.49365, -43.61504, 14.50984,  0.00000
-0.70337,  0.26519, 505.19531, -43.61504, 14.62654,  0.07014
-0.87921, -0.17680, 504.14282, -43.76875, 14.54874,  0.14027
-0.35168,  0.00000, 504.49365, -43.49976, 14.50984,  0.07014
-0.87921, -0.08840, 504.84448, -43.73033, 14.66544,  0.00000
-1.05505, -0.08840, 506.94946, -43.65347, 14.70434,  0.07014
-0.79129,  0.00000, 506.94946, -43.88404, 14.54874,  0.01753
-1.23090, -0.35359, 505.54614, -43.65347, 14.74324,  0.08767
-0.87921, -0.61879, 505.89697, -43.65347, 14.74324,  0.03507
-0.87921, -0.61879, 506.94946, -43.49976, 14.66544,  0.07014
-1.14297, -0.61879, 505.19531, -43.57662, 14.93774,  0.10521
-0.70337, -0.44199, 503.79199, -43.42291, 14.74324,  0.10521
-0.35168,  0.17680, 506.24780, -43.42291, 14.97664,  0.03507
-0.61545,  0.00000, 505.19531, -43.19234, 14.74324,  0.12274
-0.87921,  0.08840, 503.09033, -43.42291, 14.74324,  0.05260
-1.23090,  0.08840, 506.94946, -43.19234, 14.78214,  0.15781
-1.31882, -0.61879, 505.89697, -43.11549, 14.78214,  0.10521
-0.87921, -0.44199, 505.19531, -43.15392, 14.85994,  0.05260
-0.79129, -0.44199, 507.30029, -43.19234, 15.01554,  0.10521
-0.79129, -0.44199, 506.59863, -43.23077, 14.82104,  0.08767
-0.87921, -0.97238, 505.89697, -43.23077, 14.89884,  0.03507
-1.23090, -0.88398, 506.59863, -43.07706, 14.89884,  0.03507
-1.05505,  0.17680, 506.94946, -42.84650, 14.74324,  0.14027
-1.05505, -0.17680, 506.24780, -42.76965, 14.93774, -0.01753
-1.23090, -0.08840, 505.89697, -42.53908, 14.97664,  0.01753
-0.79129,  0.00000, 504.14282, -42.30852, 14.89884, -0.05260
-0.96713,  0.17680, 504.14282, -42.07795, 14.97664,  0.07014
-0.79129,  0.26519, 506.59863, -42.11638, 15.05445,  0.08767
-0.79129,  0.26519, 503.09033, -41.88582, 14.97664,  0.10521
-0.87921,  0.35359, 503.44116, -41.73211, 14.93774,  0.05260
-0.52753,  0.00000, 504.14282, -41.80896, 15.05445,  0.03507
-1.05505,  0.44199, 504.84448, -41.65525, 15.05445,  0.00000
-0.70337,  0.00000, 504.84448, -41.65525, 15.17115,  0.03507
-0.79129,  0.00000, 505.19531, -41.73211, 15.17115,  0.08767
-0.79129,  0.26519, 506.24780, -41.53997, 15.13225,  0.07014
-0.61545,  0.70718, 505.19531, -41.30940, 15.17115,  0.00000
-1.23090,  0.26519, 506.24780, -41.15569, 15.09335,  0.05260
-1.05505,  0.88398, 505.89697, -41.11727, 15.17115,  0.03507
-0.87921,  0.97238, 505.54614, -40.77142, 15.28785, -0.01753
-0.79129,  1.41437, 504.49365, -40.57928, 15.21005, -0.17534
-1.31882,  1.14917, 505.19531, -40.31030, 15.32675,  0.00000
-1.14297,  1.41437, 504.49365, -40.38715, 15.21005, -0.05260
-1.14297,  1.32597, 505.54614, -40.31030, 15.24895, -0.05260
-1.31882,  1.32597, 506.59863, -40.19501, 15.36565, -0.12274
-0.87921,  1.41437, 505.54614, -39.92602, 15.63795, -0.07014
-1.14297,  1.23757, 505.54614, -40.07973, 15.44345, -0.12274
-1.14297,  1.76796, 505.89697, -39.77231, 15.40455, -0.05260
-1.23090,  1.76796, 504.49365, -39.81074, 15.52125, -0.12274
-0.96713,  1.67956, 505.89697, -39.61860, 15.48235, -0.17534
-1.31882,  1.76796, 506.24780, -39.73389, 15.48235, -0.14027
-1.31882,  2.03315, 504.14282, -39.54175, 15.67685, -0.12274
-1.40674,  1.94476, 505.19531, -39.34961, 15.75465, -0.14027
-1.40674,  1.85636, 505.54614, -39.46489, 15.67685, -0.12274
-1.84634,  1.59116, 504.84448, -39.27276, 15.63795, -0.17534
-1.40674,  1.59116, 506.59863, -39.38804, 15.87135, -0.17534
-1.40674,  1.59116, 503.79199, -39.61860, 15.75465, -0.15781
-1.49466,  0.97238, 504.84448, -39.58018, 15.63795, -0.15781
-1.49466,  1.85636, 507.30029, -39.65703, 15.63795, -0.14027
-1.14297,  1.50277, 506.24780, -39.61860, 15.56015, -0.12274
-1.49466,  0.88398, 505.54614, -39.50332, 15.67685, -0.14027
-1.40674,  1.06078, 504.49365, -39.77231, 15.67685, -0.17534
-1.31882,  0.88398, 504.49365, -39.46489, 15.59905, -0.14027
-1.05505,  1.06078, 504.49365, -39.54175, 15.75465, -0.14027
-1.05505,  0.70718, 504.49365, -39.54175, 15.71575, -0.12274
-1.40674,  0.70718, 504.14282, -39.54175, 15.71575, -0.12274
-1.14297,  0.53039, 504.49365, -39.58018, 15.71575, -0.12274
-1.05505,  0.79558, 504.84448, -39.54175, 15.71575, -0.08767
-1.14297,  0.79558, 505.19531, -39.54175, 15.63795, -0.15781
-1.14297,  0.61879, 504.49365, -39.61860, 15.91025, -0.15781
-1.14297,  1.06078, 506.94946, -39.81074, 15.67685, -0.07014
-1.40674,  0.70718, 506.24780, -39.65703, 15.79355, -0.12274
-1.58258,  0.53039, 505.19531, -39.69546, 15.83245, -0.07014
-1.31882,  0.79558, 508.00195, -39.58018, 15.83245,  0.01753
-1.58258,  0.70718, 504.49365, -39.61860, 15.75465, -0.07014
-1.40674,  0.70718, 504.84448, -39.73389, 15.94915,  0.03507
-1.23090,  0.88398, 506.59863, -39.54175, 15.91025, -0.05260
-1.40674,  1.06078, 507.30029, -39.27276, 15.83245, -0.08767
-1.67050,  1.06078, 506.24780, -39.34961, 15.94915, -0.01753
-1.14297,  1.23757, 505.19531, -39.27276, 15.79355, -0.01753
-1.05505,  1.59116, 506.24780, -39.08062, 15.75465,  0.05260
-0.96713,  1.06078, 505.54614, -39.15747, 15.87135, -0.01753
-1.58258,  1.32597, 504.84448, -39.00376, 15.79355,  0.01753
-1.05505,  1.41437, 505.89697, -38.92691, 16.02695,  0.01753
-1.14297,  1.32597, 504.84448, -39.04219, 15.87135, -0.01753
-1.40674,  1.32597, 505.89697, -39.04219, 15.94915,  0.03507
-0.96713,  1.32597, 506.94946, -39.31118, 15.79355,  0.03507
-1.31882,  1.06078, 506.24780, -39.34961, 15.71575,  0.07014
-1.14297,  1.14917, 507.65112, -39.46489, 15.67685,  0.05260
-1.40674,  0.97238, 506.59863, -39.23433, 15.67685,  0.05260
-1.14297,  0.88398, 506.94946, -39.50332, 15.87135,  0.10521
-1.49466,  0.61879, 504.84448, -39.58018, 16.02695,  0.05260
-1.05505,  0.70718, 505.54614, -39.58018, 15.98805,  0.07014
-1.23090,  0.35359, 504.84448, -39.73389, 15.91025,  0.01753
-1.05505,  0.44199, 504.84448, -39.65703, 15.91025,  0.01753
-0.96713,  0.61879, 505.19531, -39.58018, 16.02695,  0.05260
-1.67050,  0.61879, 505.19531, -39.34961, 16.06586,  0.01753
-1.31882,  0.35359, 505.89697, -39.46489, 16.18256,  0.01753
-1.31882,  0.79558, 504.84448, -39.58018, 16.14366, -0.03507
-1.23090,  1.06078, 505.19531, -39.73389, 16.29926, -0.05260
-1.05505,  0.61879, 506.94946, -39.88760, 16.41596, -0.03507
-1.40674,  0.08840, 506.24780, -39.88760, 16.49376,  0.01753
-1.40674,  0.61879, 505.19531, -39.92602, 16.45486, -0.07014
-1.40674, -0.17680, 505.19531, -40.04131, 16.45486, -0.01753
-1.31882, -0.17680, 508.00195, -40.19501, 16.53266, -0.07014
-1.58258, -0.26519, 505.89697, -40.07973, 16.61046, -0.05260
-1.31882, -0.08840, 506.59863, -40.19501, 16.49376, -0.07014
-1.40674,  0.08840, 506.24780, -40.04131, 16.64936, -0.05260
-1.14297,  0.61879, 504.49365, -40.04131, 16.45486,  0.00000
-1.40674,  0.61879, 504.84448, -39.88760, 16.68826, -0.14027
-2.11011,  0.79558, 503.09033, -39.77231, 16.80496, -0.12274
-1.75842,  1.32597, 504.49365, -39.81074, 16.72716, -0.12274
-1.93427,  1.23757, 504.14282, -39.81074, 16.84386, -0.15781
-1.84634,  1.32597, 505.89697, -39.88760, 16.84386, -0.14027
-1.58258,  0.88398, 507.30029, -39.88760, 16.96056, -0.17534
-2.02219,  0.70718, 506.94946, -40.27187, 16.99947, -0.08767
-2.02219,  0.79558, 506.94946, -40.31030, 17.07727, -0.05260
-1.84634,  0.61879, 507.65112, -40.31030, 17.15507, -0.15781
-1.67050,  0.53039, 508.70361, -40.42558, 17.11617, -0.12274
-1.49466,  0.44199, 505.89697, -40.23344, 17.07727, -0.05260
-1.40674,  0.44199, 505.19531, -40.11816, 16.99947, -0.03507
-1.67050,  0.88398, 505.54614, -40.15659, 16.96056, -0.05260
-1.67050,  1.23757, 506.94946, -40.07973, 17.03836, -0.10521
-1.67050,  1.50277, 502.73950, -40.19501, 17.03836, -0.14027
-1.93427,  1.41437, 505.19531, -40.19501, 16.92167, -0.15781
-1.84634,  1.41437, 504.84448, -40.31030, 16.92167, -0.07014
-1.23090,  1.67956, 504.49365, -40.11816, 16.92167, -0.07014
-1.31882,  1.14917, 506.24780, -40.19501, 16.80496, -0.07014
-1.84634,  1.32597, 506.59863, -40.31030, 16.92167, -0.12274
-1.84634,  1.23757, 506.24780, -40.42558, 16.88276, -0.08767
-1.75842,  1.06078, 506.94946, -40.61771, 16.96056, -0.07014
-1.58258,  0.97238, 506.94946, -40.65614, 16.92167, -0.05260
-1.75842,  0.61879, 505.89697, -40.69456, 16.92167, -0.08767
-2.02219,  0.70718, 505.89697, -40.88670, 16.88276, -0.12274
-2.02219,  0.17680, 505.54614, -40.92513, 16.88276, -0.10521
-1.49466,  0.44199, 504.49365, -40.92513, 16.64936, -0.08767
-1.93427, -0.17680, 504.14282, -40.84827, 16.76606, -0.08767
-1.75842,  0.00000, 504.14282, -41.11727, 16.80496, -0.10521
-1.75842,  0.17680, 504.14282, -41.04041, 16.80496, -0.03507
-1.58258,  0.26519, 503.79199, -41.19412, 16.68826, -0.08767
-1.58258,  0.35359, 505.89697, -41.42469, 16.76606, -0.01753
-1.49466,  0.61879, 505.19531, -41.65525, 16.92167,  0.07014
-1.84634,  0.17680, 505.19531, -42.03953, 16.68826, -0.08767
-1.84634, -0.53039, 507.65112, -42.19324, 16.84386, -0.07014
-1.84634, -0.88398, 507.65112, -42.42380, 16.80496, -0.07014
-2.02219, -0.08840, 507.30029, -42.50066, 16.88276, -0.08767
-2.46179, -0.53039, 508.00195, -42.73122, 16.96056, -0.05260
-1.93427, -0.79558, 505.89697, -42.80807, 16.57156, -0.07014
-1.84634, -0.79558, 505.89697, -42.76965, 16.84386,  0.00000
-2.11011, -0.79558, 504.84448, -43.00021, 16.64936,  0.08767
-1.93427, -1.14917, 504.49365, -42.88493, 16.64936,  0.10521
-1.93427, -1.06078, 503.79199, -42.84650, 16.57156,  0.01753
-1.58258, -0.79558, 502.73950, -42.92336, 16.33816,  0.14027
-1.40674, -0.88398, 501.33618, -42.92336, 16.41596,  0.01753
-1.49466, -0.88398, 503.79199, -42.80807, 16.45486,  0.10521
-1.93427, -1.23757, 502.73950, -43.03864, 16.57156,  0.03507
-1.75842, -0.88398, 503.79199, -42.96178, 16.26036,  0.05260
-1.67050, -1.06078, 504.49365, -43.03864, 16.22146,  0.01753
-1.23090, -1.23757, 506.94946, -43.23077, 16.02695,  0.08767
-1.40674, -1.67956, 506.24780, -43.23077, 16.14366,  0.00000
-1.14297, -1.59116, 504.84448, -43.42291, 16.14366,  0.03507
-1.05505, -1.59116, 505.19531, -43.26920, 15.98805,  0.03507
-0.87921, -1.76796, 505.54614, -43.23077, 16.06586,  0.03507
-1.05505, -1.76796, 504.84448, -42.88493, 15.83245,  0.07014
-0.61545, -1.59116, 504.14282, -43.00021, 15.83245, -0.03507
-1.14297, -1.14917, 504.84448, -42.76965, 15.79355,  0.01753
-0.43961, -1.41437, 503.44116, -42.73122, 15.52125,  0.00000
-0.43961, -1.14917, 504.14282, -42.76965, 15.52125,  0.05260
-1.05505, -1.23757, 505.54614, -42.61594, 15.67685, -0.05260
-0.70337, -0.79558, 503.44116, -42.50066, 15.59905, -0.05260
-1.14297, -0.53039, 504.84448, -42.42380, 15.48235, -0.01753
-0.70337,  0.00000, 506.24780, -42.46223, 15.52125, -0.03507
-0.70337, -0.35359, 508.00195, -42.53908, 15.44345,  0.03507
-0.70337, -0.08840, 507.65112, -42.50066, 15.52125,  0.05260
-0.43961, -0.35359, 506.59863, -42.34695, 15.40455,  0.00000
-0.70337, -0.08840, 505.19531, -42.27009, 15.44345,  0.05260
-0.43961, -0.26519, 505.54614, -42.27009, 15.36565, -0.03507
-0.52753, -0.53039, 505.54614, -42.27009, 15.32675, -0.05260
-0.70337,  0.35359, 504.14282, -42.00110, 15.28785,  0.00000
-1.05505,  0.08840, 504.14282, -41.88582, 15.13225, -0.12274
-0.79129,  0.53039, 504.49365, -41.92424, 15.09335, -0.10521
-0.87921,  0.61879, 505.19531, -41.92424, 14.93774, -0.07014
-0.79129,  0.70718, 503.79199, -41.88582, 14.93774, -0.10521
-1.05505,  0.26519, 504.14282, -42.00110, 15.13225, -0.14027
-0.87921,  0.79558, 506.24780, -42.03953, 15.05445, -0.10521
-0.70337,  0.70718, 507.65112, -42.30852, 15.05445, -0.14027
-0.79129,  0.44199, 506.94946, -42.34695, 15.24895, -0.17534
-1.14297,  0.53039, 506.94946, -42.23166, 15.13225, -0.08767
-0.96713,  0.17680, 506.94946, -42.42380, 15.32675, -0.08767
-0.87921,  0.26519, 506.59863, -42.42380, 15.24895, -0.05260
-0.96713,  0.26519, 506.59863, -42.46223, 15.13225, -0.03507
-0.79129, -0.08840, 506.94946, -42.46223, 15.13225, -0.01753
-1.14297,  0.17680, 505.19531, -42.46223, 15.24895, -0.08767
-0.87921,  0.26519, 504.49365, -42.46223, 15.24895,  0.00000
-1.14297, -0.17680, 503.44116, -42.30852, 15.17115,  0.00000
-1.23090, -0.08840, 504.14282, -42.42380, 15.17115, -0.01753
-0.79129, -0.35359, 505.54614, -42.57751, 15.13225, -0.07014
-0.96713, -0.08840, 506.59863, -42.50066, 15.21005, -0.01753
-0.87921,  0.00000, 504.14282, -42.80807, 15.05445,  0.05260
-1.05505, -0.44199, 505.54614, -42.84650, 15.24895, -0.05260
-1.67050, -0.17680, 506.24780, -42.76965, 15.40455,  0.01753
-1.14297, -0.53039, 505.19531, -42.88493, 15.09335, -0.07014
-0.96713, -0.70718, 503.44116, -42.84650, 15.17115,  0.03507
-1.23090, -0.44199, 504.84448, -42.96178, 15.09335, -0.03507
-1.14297, -0.61879, 505.54614, -42.76965, 15.24895,  0.07014
-0.79129, -0.44199, 505.19531, -42.96178, 15.09335,  0.03507
-1.14297, -0.17680, 506.24780, -42.80807, 15.24895,  0.03507
-0.87921, -0.35359, 504.14282, -42.76965, 15.13225,  0.00000
-1.05505, -0.35359, 505.89697, -42.76965, 14.97664,  0.05260
-1.40674, -0.35359, 506.24780, -42.92336, 15.05445,  0.00000
-1.31882, -0.44199, 506.94946, -42.92336, 15.01554,  0.03507
-1.49466, -0.61879, 506.59863, -43.00021, 15.09335,  0.10521
-1.14297, -0.79558, 506.59863, -42.96178, 15.05445,  0.05260
-1.49466, -0.88398, 505.89697, -42.88493, 15.09335, -0.01753
-1.23090, -0.97238, 505.19531, -43.03864, 14.85994,  0.08767
-1.23090, -0.61879, 504.49365, -42.96178, 15.01554,  0.07014
-1.23090, -0.70718, 506.59863, -43.00021, 14.70434,  0.10521
-0.43961, -0.88398, 506.24780, -43.03864, 14.97664,  0.14027
-0.70337, -0.61879, 505.54614, -43.03864, 14.85994,  0.10521
-0.96713, -0.61879, 505.89697, -43.00021, 15.01554,  0.10521
-0.96713, -0.44199, 505.19531, -43.11549, 14.74324,  0.15781
-0.96713, -0.44199, 506.24780, -43.26920, 14.85994,  0.08767
-0.79129, -1.06078, 506.24780, -43.42291, 14.85994,  0.01753
-0.79129, -0.79558, 505.54614, -43.38448, 14.82104,  0.10521
-0.79129, -0.97238, 506.94946, -43.53819, 14.89884,  0.03507
-1.49466, -0.79558, 505.54614, -43.42291, 14.97664,  0.07014
-0.43961, -1.14917, 504.14282, -43.26920, 14.93774,  0.03507
-0.96713, -1.14917, 504.84448, -43.30762, 14.89884,  0.00000
-1.05505, -1.23757, 503.79199, -43.19234, 14.70434,  0.00000
-0.96713, -0.88398, 504.49365, -43.03864, 14.78214,  0.03507
-0.70337, -0.79558, 503.44116, -43.23077, 14.82104,  0.01753
-0.79129, -0.79558, 505.54614, -43.11549, 14.62654, -0.01753
-0.61545, -0.70718, 504.14282, -43.19234, 14.70434,  0.01753
-0.61545, -1.23757, 505.54614, -43.34605, 14.74324, -0.01753
-0.52753, -0.88398, 505.19531, -43.23077, 14.89884,  0.10521
-0.61545, -0.97238, 506.24780, -43.30762, 14.82104,  0.01753
-1.14297, -0.88398, 506.24780, -43.34605, 15.05445,  0.01753
-0.87921, -1.14917, 506.94946, -43.46133, 14.85994,  0.05260
-0.96713, -0.97238, 506.94946, -43.38448, 14.89884,  0.10521
-0.79129, -1.14917, 504.84448, -43.38448, 14.97664,  0.05260
-0.79129, -1.50277, 505.89697, -43.11549, 15.09335, -0.01753
-1.23090, -1.32597, 506.94946, -43.11549, 15.17115,  0.03507
-0.61545, -1.06078, 504.84448, -43.11549, 14.97664,  0.01753
-1.14297, -0.88398, 505.19531, -42.80807, 15.09335,  0.05260
-0.79129, -0.79558, 504.49365, -42.73122, 14.93774,  0.03507
-1.31882, -0.44199, 504.14282, -42.65437, 14.97664, -0.01753
-1.40674, -0.17680, 503.79199, -42.57751, 14.85994, -0.03507
-1.05505, -0.08840, 504.14282, -42.42380, 14.82104,  0.00000
-1.05505, -0.61879, 505.89697, -42.38537, 14.78214, -0.08767
-0.87921,  0.00000, 506.59863, -42.46223, 14.82104, -0.01753
-1.40674,  0.35359, 506.59863, -42.19324, 14.78214, -0.03507
-0.87921,  0.35359, 505.19531, -42.03953, 14.89884, -0.07014
-1.05505,  0.44199, 505.89697, -41.92424, 14.82104, -0.05260
-0.96713,  0.17680, 504.84448, -41.96267, 14.89884,  0.00000
-0.96713,  0.08840, 506.59863, -41.84739, 14.85994,  0.01753
-0.87921,  0.44199, 505.89697, -41.57840, 14.89884,  0.03507
-1.05505,  0.08840, 504.49365, -41.65525, 15.09335,  0.05260
-0.87921,  0.08840, 504.84448, -41.46311, 14.97664,  0.10521
-0.70337,  0.53039, 505.89697, -41.23255, 15.13225,  0.05260
-0.70337,  0.44199, 505.89697, -41.38626, 14.93774,  0.10521
-1.05505,  0.44199, 505.54614, -41.23255, 14.93774, -0.03507
-1.23090,  0.88398, 504.14282, -41.19412, 15.05445,  0.00000
-1.05505,  0.61879, 506.59863, -41.11727, 15.01554, -0.05260
-1.23090,  0.88398, 505.54614, -40.92513, 14.82104,  0.00000
-1.40674,  0.79558, 506.24780, -41.00198, 14.93774, -0.07014
-1.14297,  0.97238, 507.30029, -41.00198, 15.09335, -0.01753
-1.31882,  0.79558, 505.54614, -40.92513, 15.17115, -0.01753
-0.52753,  0.44199, 505.19531, -41.11727, 15.24895,  0.07014
-1.05505,  0.61879, 505.89697, -40.92513, 15.09335,  0.07014
-1.31882,  0.26519, 505.89697, -41.04041, 15.17115,  0.01753
-1.14297,  0.53039, 504.14282, -41.11727, 15.09335,  0.00000
-1.49466,  0.00000, 505.89697, -40.96356, 15.13225, -0.01753
-1.05505,  0.44199, 505.54614, -40.77142, 15.01554, -0.03507
-1.40674,  0.00000, 503.79199, -40.61771, 15.09335,  0.01753
-1.40674,  0.08840, 503.79199, -40.54086, 15.24895, -0.12274
-1.23090,  0.35359, 503.44116, -40.54086, 15.24895, -0.01753
-1.14297,  0.35359, 503.09033, -40.38715, 15.21005,  0.01753
-1.23090,  0.61879, 504.49365, -40.61771, 15.36565, -0.01753
-1.23090,  0.44199, 505.54614, -40.73299, 15.24895, -0.03507
-1.49466,  0.70718, 506.94946, -40.77142, 15.48235,  0.01753
-1.23090,  0.61879, 505.54614, -40.77142, 15.40455, -0.03507
-1.49466,  0.26519, 506.94946, -40.80985, 15.36565, -0.01753
-1.23090,  0.08840, 507.65112, -40.88670, 15.40455, -0.03507
-0.96713, -0.17680, 506.59863, -40.88670, 15.36565, -0.10521
-1.31882,  0.26519, 504.84448, -40.88670, 15.13225, -0.01753
-1.67050,  0.35359, 505.19531, -40.65614, 15.48235, -0.05260
-1.49466,  0.44199, 503.79199, -40.73299, 15.40455, -0.08767
-1.40674,  0.61879, 504.49365, -40.42558, 15.24895, -0.07014
-1.31882,  0.61879, 503.09033, -40.50243, 15.24895, -0.05260
-1.14297,  0.79558, 505.54614, -40.57928, 15.44345, -0.01753
-1.23090,  0.88398, 504.14282, -40.54086, 15.24895, -0.05260
-1.05505,  0.53039, 505.19531, -40.46400, 15.21005, -0.05260
-1.23090,  0.70718, 504.49365, -40.57928, 15.17115, -0.07014
-1.23090,  0.26519, 505.19531, -40.69456, 15.28785, -0.07014
-1.05505,  0.44199, 506.59863, -40.57928, 15.05445, -0.15781
-1.31882,  0.26519, 506.59863, -40.65614, 15.05445, -0.01753
-0.79129,  0.44199, 506.59863, -40.84827, 14.97664, -0.07014
-1.05505,  0.61879, 506.24780, -40.73299, 15.09335,  0.00000
-0.87921,  0.53039, 504.84448, -40.77142, 15.17115, -0.01753
-0.79129,  0.53039, 505.19531, -40.65614, 15.13225, -0.01753
-1.05505,  0.61879, 505.89697, -40.54086, 15.01554, -0.10521
-0.96713,  0.79558, 505.54614, -40.65614, 15.01554,  0.00000
-1.05505,  0.44199, 505.89697, -40.69456, 15.01554, -0.08767
-0.70337,  0.44199, 505.54614, -40.69456, 14.93774,  0.01753
-0.79129,  0.79558, 504.84448, -40.80985, 15.17115,  0.00000
-0.87921,  0.17680, 506.59863, -40.73299, 15.09335,  0.03507
-1.40674,  0.00000, 503.79199, -40.69456, 14.85994, -0.07014
-0.87921,  0.00000, 505.19531, -40.80985, 15.13225,  0.01753
-0.87921,  0.26519, 505.89697, -40.69456, 15.13225, -0.01753
-1.31882, -0.26519, 504.84448, -40.80985, 15.05445,  0.03507
-0.96713,  0.08840, 505.54614, -40.69456, 14.97664,  0.00000
-0.96713, -0.08840, 505.89697, -40.84827, 14.82104,  0.10521
-0.87921, -0.17680, 505.89697, -40.77142, 15.01554,  0.07014
-1.23090, -0.08840, 505.89697, -40.73299, 15.13225,  0.12274
-0.79129,  0.26519, 504.84448, -40.73299, 15.05445,  0.07014
-1.40674,  0.08840, 504.84448, -40.54086, 15.09335,  0.01753
-1.49466,  0.44199, 504.84448, -40.65614, 14.97664,  0.10521
-1.14297, -0.08840, 505.54614, -40.65614, 15.01554,  0.00000
-1.31882, -0.08840, 505.19531, -40.50243, 15.13225, -0.01753
-1.23090, -0.26519, 504.49365, -40.73299, 15.17115,  0.07014
-0.87921, -0.26519, 503.79199, -40.73299, 15.05445,  0.03507
-1.05505, -0.26519, 506.59863, -40.46400, 15.32675,  0.05260
-1.40674, -0.26519, 503.09033, -40.31030, 15.01554,  0.03507
-0.96713,  0.08840, 505.19531, -40.31030, 15.21005,  0.10521
-1.14297,  0.44199, 506.24780, -40.19501, 15.17115,  0.05260
-1.14297,  0.61879, 504.84448, -40.11816, 15.21005,  0.14027
-1.49466,  0.88398, 504.84448, -40.07973, 15.24895,  0.05260
-0.96713,  0.53039, 505.19531, -40.19501, 15.24895,  0.12274
-1.05505,  0.70718, 505.89697, -40.07973, 15.48235,  0.07014
-1.14297,  0.97238, 506.59863, -40.11816, 15.09335,  0.00000
-1.31882,  0.88398, 506.94946, -40.07973, 15.05445,  0.03507
-0.96713,  0.79558, 506.94946, -40.19501, 15.13225,  0.03507
-1.23090,  0.88398, 506.24780, -39.92602, 15.05445,  0.00000
-1.23090,  1.14917, 508.35278, -40.15659, 15.01554,  0.03507
-0.96713,  0.88398, 506.24780, -40.27187, 15.21005,  0.03507
-1.31882,  0.79558, 505.54614, -40.23344, 15.13225,  0.01753
-0.96713,  0.97238, 506.24780, -40.11816, 15.05445, -0.01753
-1.31882,  0.97238, 504.49365, -40.19501, 15.09335,  0.05260
-0.70337,  0.61879, 505.19531, -40.11816, 15.01554,  0.01753
-0.70337,  0.26519, 505.89697, -40.11816, 15.21005, -0.05260
-0.96713,  0.44199, 503.79199, -40.04131, 15.13225, -0.07014
-0.79129,  0.61879, 503.79199, -39.96445, 15.05445, -0.03507
-0.79129,  0.61879, 504.14282, -40.11816, 15.13225, -0.01753
-1.14297,  0.79558, 504.84448, -40.15659, 15.17115, -0.05260
-0.87921,  0.44199, 505.89697, -40.11816, 15.13225, -0.07014
-1.05505,  0.44199, 505.54614, -40.42558, 15.09335,  0.00000
-1.05505,  0.70718, 505.89697, -40.38715, 15.05445, -0.05260
-1.14297,  0.17680, 505.19531, -40.27187, 15.28785, -0.12274
-1.05505,  0.00000, 505.19531, -40.42558, 15.13225, -0.05260
-1.14297, -0.17680, 505.54614, -40.73299, 15.32675, -0.08767
-0.79129, -0.08840, 504.14282, -40.57928, 15.32675, -0.07014
-1.31882,  0.00000, 506.24780, -40.57928, 15.36565, -0.07014
-1.14297,  0.00000, 505.89697, -40.54086, 15.48235, -0.05260
-1.31882, -0.26519, 506.24780, -40.50243, 15.44345, -0.21041
-1.58258, -0.26519, 505.19531, -40.50243, 15.52125, -0.10521
-1.67050,  0.17680, 505.19531, -40.57928, 15.56015, -0.14027
-1.23090, -0.17680, 506.24780, -40.57928, 15.56015, -0.10521
-1.23090,  0.26519, 504.49365, -40.57928, 15.71575, -0.14027
-1.40674,  0.26519, 505.19531, -40.34872, 15.44345, -0.17534
-1.75842,  0.44199, 506.59863, -40.69456, 15.52125, -0.08767
-1.40674,  0.35359, 506.24780, -40.73299, 15.63795, -0.12274
-1.84634,  0.44199, 505.89697, -40.80985, 15.63795, -0.01753
-1.14297,  0.17680, 506.59863, -40.80985, 15.75465, -0.08767
-1.58258,  0.26519, 507.65112, -40.73299, 15.67685, -0.12274
-1.67050, -0.17680, 505.54614, -40.77142, 15.83245, -0.01753
-1.14297, -0.17680, 505.89697, -40.73299, 15.83245, -0.07014
-2.19803, -0.08840, 505.54614, -40.77142, 15.75465, -0.10521
-1.40674,  0.00000, 505.89697, -40.92513, 15.83245, -0.03507
-1.67050, -0.17680, 504.84448, -40.80985, 15.63795, -0.03507
-1.84634, -0.35359, 504.14282, -40.84827, 15.71575, -0.03507
-1.84634, -0.26519, 505.19531, -40.65614, 15.83245, -0.03507
-2.19803, -0.17680, 505.89697, -40.65614, 15.71575, -0.07014
-1.84634,  0.08840, 504.84448, -40.73299, 15.79355, -0.03507
-1.75842, -0.08840, 506.59863, -40.65614, 15.71575, -0.01753
-1.93427,  0.00000, 506.24780, -40.73299, 15.79355,  0.03507
-1.75842,  0.08840, 505.89697, -40.96356, 15.87135, -0.01753
-1.67050,  0.17680, 505.54614, -40.77142, 15.87135, -0.05260
-1.49466, -0.26519, 506.24780, -40.77142, 15.79355, -0.03507
-1.93427, -0.08840, 506.24780, -40.88670, 15.71575, -0.01753
-1.93427, -0.08840, 506.59863, -41.00198, 16.06586,  0.03507
-1.49466,  0.08840, 506.59863, -40.88670, 15.94915,  0.00000
-1.84634, -0.08840, 505.19531, -40.73299, 15.94915,  0.07014
-1.75842,  0.08840, 503.44116, -40.73299, 15.75465,  0.01753
-2.02219, -0.44199, 503.79199, -40.65614, 15.83245, -0.08767
-1.84634,  0.00000, 502.38867, -40.73299, 15.91025, -0.05260
-1.58258, -0.44199, 503.79199, -40.65614, 15.87135, -0.03507
-1.93427, -0.53039, 503.79199, -40.46400, 15.87135,  0.00000
-1.75842, -0.53039, 502.73950, -40.57928, 15.83245, -0.01753
-2.02219, -0.53039, 503.79199, -40.77142, 15.87135,  0.00000
-1.58258, -0.53039, 505.54614, -40.65614, 15.83245, -0.07014
-1.84634, -0.26519, 506.24780, -40.84827, 15.87135, -0.01753
-1.93427, -0.35359, 504.84448, -40.92513, 15.87135,  0.01753
-2.46179, -0.17680, 506.24780, -40.92513, 15.87135, -0.05260
-1.75842,  0.26519, 507.30029, -41.15569, 15.79355, -0.05260
-2.11011,  0.26519, 506.94946, -40.92513, 15.94915, -0.07014
-2.02219,  0.17680, 505.89697, -40.84827, 16.02695, -0.05260
-2.19803,  0.00000, 505.54614, -40.88670, 15.94915, -0.01753
-1.58258,  0.17680, 507.65112, -40.84827, 15.83245, -0.12274
-1.84634,  0.17680, 506.24780, -40.84827, 15.87135, -0.07014
-2.37387,  0.26519, 504.84448, -40.84827, 15.83245, -0.01753
-1.75842,  0.26519, 506.59863, -40.73299, 15.79355, -0.10521
-2.02219,  0.26519, 505.89697, -40.77142, 15.63795, -0.08767
-1.93427,  0.08840, 506.59863, -40.54086, 15.56015, -0.08767
-2.02219, -0.17680, 504.84448, -40.84827, 15.48235,  0.01753
-1.49466,  0.26519, 505.89697, -40.73299, 15.48235,  0.07014
-1.75842,  0.00000, 504.49365, -40.69456, 15.36565,  0.00000
-1.49466,  0.35359, 506.24780, -40.65614, 15.36565,  0.05260
-1.40674,  0.53039, 506.24780, -40.69456, 15.44345,  0.00000
-1.49466,  0.08840, 506.24780, -40.65614, 15.28785, -0.03507
-1.14297,  0.53039, 505.19531, -40.69456, 15.17115, -0.03507
-1.93427,  0.00000, 504.84448, -40.54086, 15.21005, -0.01753
-1.67050,  0.08840, 506.24780, -40.57928, 15.05445, -0.03507
-1.75842,  0.17680, 506.24780, -40.65614, 14.93774,  0.01753
-1.49466,  0.08840, 504.84448, -40.61771, 15.01554, -0.07014
-1.84634,  0.17680, 505.54614, -40.38715, 14.85994, -0.07014
-1.67050, -0.08840, 505.54614, -40.38715, 14.82104,  0.03507
-1.49466, -0.08840, 504.84448, -40.27187, 14.66544, -0.01753
-1.58258, -0.17680, 505.54614, -40.38715, 14.70434, -0.01753
-1.58258, -0.08840, 505.89697, -40.46400, 14.82104,  0.00000
-1.67050,  0.00000, 504.49365, -40.31030, 14.78214, -0.01753
-1.49466, -0.17680, 505.19531, -40.57928, 14.66544, -0.05260
-1.49466, -0.08840, 505.54614, -40.61771, 14.66544, -0.01753
-1.75842,  0.00000, 504.84448, -40.57928, 14.54874, -0.03507
-1.67050, -0.08840, 503.79199, -40.84827, 14.35424, -0.12274
-1.40674, -0.26519, 507.65112, -40.69456, 14.35424, -0.05260
-1.05505, -0.26519, 507.30029, -40.73299, 14.39314,  0.01753
-0.96713,  0.17680, 507.30029, -40.69456, 14.35424, -0.08767
-1.49466,  0.08840, 506.24780, -40.84827, 14.39314,  0.01753
-1.14297,  0.17680, 506.59863, -40.96356, 14.27644,  0.01753
-1.05505,  0.53039, 507.65112, -40.84827, 14.19864, -0.03507
-0.96713,  0.61879, 506.59863, -40.57928, 14.19864, -0.07014
-1.31882,  0.44199, 504.49365, -40.69456, 14.04304, -0.03507
-1.31882,  0.35359, 505.54614, -40.61771, 13.92633, -0.05260
-1.40674,  0.53039, 505.89697, -40.77142, 14.04304, -0.01753
-0.87921,  0.08840, 504.14282, -40.69456, 14.19864, -0.03507
-1.23090,  0.00000, 505.89697, -40.69456, 13.84853, -0.14027
-1.31882,  0.35359, 503.44116, -40.69456, 13.77073, -0.01753
-0.96713,  0.08840, 504.49365, -40.69456, 13.92633,  0.07014
-1.40674,  0.26519, 504.14282, -40.57928, 13.57623, -0.14027
-1.14297,  0.26519, 505.54614, -40.54086, 13.77073, -0.05260
-1.05505,  0.44199, 505.54614, -40.34872, 13.73183, -0.07014
-0.96713,  0.53039, 505.54614, -40.38715, 13.65403, -0.03507
-0.87921,  0.44199, 505.54614, -40.46400, 13.38173, -0.07014
-1.23090,  0.61879, 505.89697, -40.31030, 13.61513, -0.01753
-1.05505,  0.26519, 505.89697, -40.61771, 13.26503, -0.01753
-0.79129,  0.35359, 505.19531, -40.73299, 13.30393, -0.05260
-0.79129,  0.44199, 506.94946, -40.77142, 13.26503,  0.00000
-0.52753,  0.08840, 508.00195, -40.77142, 13.10943, -0.03507
-0.70337,  0.35359, 507.30029, -40.88670, 12.95382,  0.03507
-0.79129,  0.08840, 506.94946, -40.80985, 13.10943,  0.03507
-0.35168, -0.17680, 504.49365, -40.77142, 12.83712,  0.01753
-0.43961,  0.79558, 505.54614, -40.54086, 12.75932,  0.00000
-0.43961,  0.35359, 504.49365, -40.50243, 12.79822,  0.00000
-0.17584,  0.70718, 503.09033, -40.42558, 12.56482, -0.07014
-0.43961,  1.06078, 504.14282, -40.42558, 12.72042, -0.01753
-0.08792,  0.26519, 502.73950, -40.42558, 12.60372,  0.01753
-0.52753,  0.17680, 503.44116, -40.65614, 12.72042, -0.01753
 0.08792,  0.88398, 505.89697, -40.69456, 12.52592,  0.01753
-0.08792,  0.17680, 505.89697, -40.69456, 12.68152,  0.00000
-0.26376,  0.53039, 505.89697, -40.73299, 12.44812,  0.00000
-0.35168,  1.06078, 505.89697, -40.69456, 12.37032, -0.03507
 0.17584,  0.88398, 507.30029, -40.65614, 12.64262, -0.07014
-0.61545,  0.88398, 508.00195, -40.65614, 12.40922, -0.03507
-0.35168,  0.88398, 506.24780, -40.54086, 12.40922, -0.01753
-0.26376,  1.06078, 506.24780, -40.84827, 12.48702, -0.07014
-0.87921,  0.70718, 505.89697, -40.80985, 12.52592,  0.00000
-0.43961,  0.53039, 504.14282, -40.73299, 12.40922,  0.00000
-0.08792,  0.79558, 504.14282, -40.61771, 12.60372, -0.01753
-0.87921,  0.44199, 504.84448, -40.65614, 12.56482, -0.08767
-0.26376,  0.08840, 503.44116, -40.65614, 12.44812,  0.01753
-0.70337,  0.17680, 504.14282, -40.77142, 12.56482,  0.01753
-0.52753,  0.44199, 505.89697, -40.92513, 12.44812, -0.03507
-0.61545,  0.17680, 504.84448, -40.96356, 12.60372,  0.03507
-0.26376,  0.17680, 506.24780, -41.00198, 12.40922,  0.07014
-0.70337,  0.00000, 506.59863, -40.96356, 12.29252,  0.00000
-0.43961,  0.26519, 505.89697, -41.00198, 12.33142,  0.03507
-0.61545,  0.35359, 505.89697, -40.96356, 12.48702,  0.05260
-0.52753,  0.35359, 505.89697, -40.96356, 12.25362,  0.07014
-0.61545,  0.08840, 505.19531, -40.80985, 12.21472,  0.12274
-0.61545,  0.44199, 505.89697, -40.73299, 12.33142,  0.08767
-0.61545,  0.53039, 506.24780, -40.50243, 12.40922,  0.10521
-0.61545,  0.26519, 504.49365, -40.73299, 12.37032,  0.12274
-0.79129,  0.26519, 504.49365, -40.42558, 12.48702,  0.03507
-1.05505,  0.00000, 505.19531, -40.38715, 12.44812,  0.10521
-1.14297,  0.00000, 505.89697, -40.54086, 12.48702,  0.05260
-1.31882,  0.17680, 505.89697, -40.50243, 12.52592,  0.01753
-1.05505,  0.53039, 505.89697, -40.61771, 12.48702,  0.10521
-0.87921,  0.35359, 504.14282, -40.50243, 12.60372,  0.00000
-1.14297,  0.70718, 504.49365, -40.46400, 12.48702,  0.00000
-0.87921,  0.79558, 504.84448, -40.57928, 12.64262, -0.01753
-0.79129,  0.88398, 506.59863, -40.69456, 12.44812, -0.01753
-0.96713,  0.53039, 506.59863, -40.84827, 12.33142,  0.08767
-0.87921,  0.61879, 506.59863, -40.69456, 12.40922,  0.00000
-1.05505,  0.26519, 505.54614, -40.80985, 12.56482,  0.08767
-0.79129,  0.44199, 507.30029, -41.11727, 12.44812,  0.01753
-0.70337,  0.70718, 506.59863, -41.04041, 12.64262,  0.08767
-0.96713,  0.44199, 505.89697, -41.04041, 12.72042,  0.05260
-0.79129,  0.88398, 507.30029, -40.92513, 12.64262,  0.01753
-0.79129,  0.70718, 506.24780, -40.77142, 12.68152,  0.12274
-1.14297,  0.97238, 504.49365, -41.07884, 12.68152,  0.00000
-0.96713,  0.61879, 505.54614, -41.07884, 12.52592,  0.05260
-0.79129,  0.97238, 505.89697, -41.27098, 12.56482, -0.07014
-0.87921,  0.70718, 504.84448, -41.34783, 12.52592, -0.01753
-0.70337,  0.35359, 506.59863, -41.77053, 12.52592, -0.01753
-0.96713,  0.17680, 506.94946, -41.57840, 12.72042,  0.00000
-0.70337,  0.44199, 505.19531, -41.61682, 12.40922,  0.01753
-0.61545,  0.35359, 504.49365, -41.84739, 12.44812,  0.07014
-0.35168,  0.17680, 504.14282, -42.03953, 12.40922,  0.01753
-0.52753,  0.08840, 505.54614, -42.03953, 12.29252,  0.00000
-0.70337,  0.26519, 504.14282, -42.03953, 12.29252,  0.00000
-0.26376, -0.44199, 505.89697, -42.07795, 12.29252, -0.01753
-0.52753,  0.26519, 505.19531, -42.07795, 12.17582,  0.00000
-0.35168,  0.17680, 506.24780, -42.15481, 12.33142, -0.01753
-0.79129,  0.08840, 505.19531, -42.23166, 12.21472, -0.05260
-0.26376, -0.08840, 506.24780, -42.30852, 12.48702,  0.01753
-0.61545, -0.08840, 505.89697, -42.57751, 12.64262,  0.01753
-0.70337, -0.26519, 505.89697, -42.65437, 12.40922,  0.05260
-0.61545, -0.44199, 506.94946, -42.53908, 12.68152, -0.05260
-0.96713, -0.79558, 504.84448, -42.69279, 12.72042, -0.03507
-0.70337, -0.97238, 505.89697, -42.80807, 12.64262,  0.07014
-0.70337, -0.70718, 505.19531, -42.69279, 12.52592,  0.03507
-1.05505, -0.61879, 506.59863, -42.61594, 12.60372, -0.07014
-1.05505, -0.70718, 503.79199, -42.69279, 12.72042,  0.01753
-0.87921, -0.35359, 503.79199, -42.50066, 12.75932,  0.03507
-1.31882, -0.44199, 503.79199, -42.53908, 12.79822, -0.08767
-1.31882, -0.53039, 503.79199, -42.34695, 12.83712, -0.05260
-1.40674,  0.35359, 502.73950, -42.46223, 12.75932, -0.07014
-1.14297,  0.26519, 503.44116, -42.38537, 12.95382, -0.05260
-1.14297,  0.26519, 505.89697, -42.38537, 12.83712,  0.01753
-1.40674,  0.97238, 504.84448, -42.34695, 12.91492, -0.07014
-0.79129,  0.17680, 506.94946, -42.42380, 13.10943,  0.01753
-1.05505,  0.35359, 506.24780, -42.69279, 13.03163, -0.01753
-1.23090,  0.00000, 507.65112, -42.69279, 13.03163, -0.01753
-1.49466,  0.17680, 506.94946, -42.92336, 13.22613,  0.00000
-1.23090, -0.61879, 506.94946, -43.00021, 13.30393, -0.05260
-1.05505,  0.00000, 507.30029, -42.80807, 13.10943,  0.00000
-1.67050, -0.17680, 505.54614, -43.03864, 13.22613,  0.03507
-1.40674, -0.08840, 504.49365, -42.80807, 13.03163, -0.03507
-1.23090,  0.08840, 505.89697, -42.80807, 13.30393, -0.01753
-1.31882,  0.17680, 504.84448, -42.84650, 13.22613, -0.07014
-1.31882,  0.00000, 504.84448, -42.84650, 13.18723,  0.01753
-1.40674, -0.17680, 505.54614, -43.03864, 13.34283, -0.03507
-1.58258, -0.17680, 504.14282, -43.00021, 13.42063, -0.03507
-1.14297, -0.17680, 506.24780, -42.84650, 13.26503, -0.03507
-1.31882, -0.08840, 506.24780, -43.00021, 13.57623,  0.01753
-1.67050, -0.53039, 505.89697, -43.07706, 13.30393,  0.08767
-1.31882, -0.53039, 503.79199, -43.15392, 13.45953, -0.01753
-0.96713, -0.44199, 504.49365, -43.07706, 13.38173,  0.01753
-1.23090, -0.61879, 505.19531, -43.15392, 13.45953,  0.03507
-1.40674, -0.61879, 504.84448, -43.19234, 13.61513,  0.03507
-1.49466, -0.61879, 504.49365, -42.96178, 13.45953,  0.01753
-1.31882, -0.44199, 504.49365, -42.88493, 13.61513,  0.05260
-1.67050, -0.35359, 504.14282, -42.92336, 13.65403,  0.01753
-1.58258,  0.00000, 504.14282, -42.88493, 13.65403, -0.01753
-1.58258,  0.00000, 505.19531, -42.73122, 13.73183,  0.03507
-1.58258,  0.00000, 505.19531, -42.80807, 13.53733,  0.03507
-1.58258,  0.53039, 506.24780, -42.57751, 13.65403,  0.03507
-1.23090,  0.53039, 505.54614, -42.76965, 13.61513, -0.05260
-1.58258,  0.61879, 506.24780, -42.57751, 13.53733,  0.03507
-1.40674,  0.61879, 507.30029, -42.73122, 13.53733, -0.01753
-1.67050,  1.06078, 506.94946, -42.73122, 13.57623, -0.05260
-1.75842,  0.79558, 506.94946, -43.03864, 13.77073, -0.07014
-1.40674,  0.53039, 507.30029, -42.88493, 13.77073, -0.03507
-1.75842,  0.53039, 506.94946, -42.92336, 13.88743, -0.05260
-1.84634,  0.70718, 506.59863, -42.88493, 14.00414, -0.05260
-1.84634,  0.17680, 505.89697, -43.07706, 13.96523, -0.10521
-1.93427,  0.26519, 505.54614, -43.00021, 13.84853, -0.07014
-1.75842,  0.26519, 504.84448, -42.80807, 14.12084,  0.00000
-1.93427,  0.17680, 502.38867, -42.92336, 13.96523, -0.03507
-1.58258,  0.44199, 504.84448, -43.03864, 14.08194,  0.00000
-2.19803,  0.26519, 502.73950, -43.03864, 14.15974, -0.05260
-1.58258,  0.26519, 505.19531, -43.34605, 14.27644,  0.01753
-2.19803,  0.17680, 504.49365, -43.30762, 14.27644, -0.12274
-2.28595,  0.26519, 506.24780, -43.57662, 14.35424, -0.12274
-2.02219, -0.08840, 506.24780, -43.76875, 14.27644, -0.08767
-2.19803,  0.00000, 507.30029, -43.80718, 14.27644, -0.03507
-1.93427,  0.17680, 506.94946, -43.84561, 14.12084, -0.15781
-1.75842, -0.08840, 505.54614, -44.03775, 14.04304, -0.19288
-1.75842,  0.17680, 506.59863, -44.03775, 13.88743, -0.19288
-1.67050,  0.08840, 506.24780, -43.99932, 14.04304, -0.14027
-1.31882, -0.17680, 504.49365, -44.07617, 13.84853, -0.03507
-1.67050,  0.00000, 505.19531, -44.07617, 13.80963, -0.15781
-1.67050, -0.44199, 505.19531, -43.99932, 13.69293, -0.08767
-1.75842, -0.26519, 505.89697, -44.34517, 13.92633, -0.17534
-1.84634, -0.44199, 504.84448, -44.22988, 14.08194, -0.21041
-1.67050, -0.35359, 503.44116, -44.26831, 13.73183, -0.14027
-2.02219, -0.44199, 506.24780, -44.57573, 13.69293, -0.15781
-1.84634, -0.08840, 506.59863, -44.53730, 13.61513, -0.17534
-1.58258, -0.70718, 506.94946, -44.69101, 13.61513, -0.17534
-1.58258, -0.17680, 505.54614, -44.76787, 13.53733, -0.17534
-1.67050, -0.44199, 506.59863, -44.80630, 13.61513, -0.19288
-1.49466, -0.17680, 505.19531, -44.80630, 13.57623, -0.14027
-1.40674, -0.44199, 505.19531, -44.72944, 13.49843, -0.07014
-1.67050, -0.44199, 504.49365, -44.61416, 13.69293, -0.07014
-1.75842, -0.35359, 504.84448, -44.80630, 13.45953, -0.10521
-1.67050, -0.61879, 505.89697, -44.88315, 13.45953, -0.10521
-1.84634, -0.44199, 505.54614, -44.96001, 13.53733, -0.08767
-1.67050, -0.88398, 504.49365, -44.92158, 13.42063, -0.08767
-1.58258, -0.70718, 506.59863, -44.88315, 13.42063, -0.08767
-1.40674, -0.88398, 505.54614, -44.84472, 13.45953, -0.10521
-1.58258, -1.06078, 505.54614, -44.96001, 13.45953, -0.08767
-1.31882, -0.88398, 504.49365, -45.11372, 13.34283, -0.08767
-1.67050, -0.53039, 506.24780, -45.03686, 13.49843, -0.12274
-1.58258, -0.97238, 504.14282, -44.96001, 13.30393, -0.01753
-1.40674, -0.88398, 505.54614, -44.99843, 13.30393, -0.03507
-1.58258, -0.53039, 506.94946, -44.84472, 13.26503, -0.03507
-1.23090, -0.26519, 503.79199, -44.76787, 13.22613, -0.05260
-1.49466,  0.08840, 504.84448, -44.57573, 13.10943,  0.03507
-1.49466,  0.53039, 505.54614, -44.80630, 13.07053,  0.00000
-1.31882,  0.17680, 506.24780, -44.46045, 12.91492, -0.01753
-1.67050,  0.70718, 507.30029, -44.53730, 12.99273,  0.00000
-1.67050,  0.35359, 506.94946, -44.30674, 13.03163,  0.05260
-1.67050,  0.61879, 505.54614, -44.03775, 12.83712,  0.08767
-1.31882,  0.61879, 507.65112, -43.76875, 12.64262,  0.12274
-0.87921,  0.88398, 507.65112, -43.92246, 12.52592,  0.08767
-0.87921,  0.97238, 507.30029, -43.76875, 12.33142,  0.12274
-0.87921,  0.53039, 504.84448, -43.65347, 12.33142,  0.10521
-0.87921,  1.14917, 506.59863, -43.42291, 12.13692,  0.12274
-0.96713,  0.61879, 504.14282, -43.53819, 12.09802,  0.08767
-0.52753,  0.61879, 504.14282, -43.65347, 11.90351,  0.08767
-0.70337,  1.23757, 505.19531, -43.61504, 11.86461,  0.15781
 0.00000,  0.61879, 505.54614, -43.65347, 11.94242,  0.07014
-0.43961,  0.61879, 505.19531, -43.61504, 11.78681,  0.14027
-0.61545,  0.61879, 507.30029, -43.84561, 11.78681,  0.14027
-0.43961,  0.53039, 504.49365, -44.03775, 11.59231,  0.14027
-0.35168,  0.61879, 505.89697, -43.99932, 11.67011,  0.12274
-0.35168,  0.08840, 505.19531, -44.03775, 11.74791,  0.07014
-0.52753,  0.00000, 506.24780, -44.30674, 11.70901,  0.14027
-0.26376, -0.17680, 506.59863, -44.38359, 11.59231,  0.14027
-0.35168,  0.53039, 506.24780, -44.42202, 11.63121,  0.15781
-0.52753, -0.26519, 505.54614, -44.38359, 11.47561,  0.10521
-0.61545,  0.35359, 503.09033, -44.46045, 11.43671,  0.15781
-0.52753,  0.08840, 504.84448, -44.42202, 11.28111,  0.08767
-0.35168,  0.17680, 503.79199, -44.46045, 11.51451,  0.07014
-0.35168,  0.17680, 505.54614, -44.61416, 11.35891,  0.03507
 0.17584, -0.26519, 506.24780, -44.61416, 11.32001,  0.08767
-0.52753, -0.17680, 505.54614, -44.76787, 11.20331,  0.12274
-0.61545, -0.44199, 504.84448, -44.88315, 11.24221,  0.10521
-0.43961, -0.79558, 504.14282, -45.03686, 11.35891,  0.08767
 0.00000, -0.70718, 503.79199, -45.26743, 11.39781,  0.01753
-0.61545, -0.88398, 505.19531, -45.03686, 11.35891,  0.08767
-0.08792, -0.70718, 503.09033, -45.11372, 11.08661,  0.14027
-0.26376, -0.44199, 504.49365, -45.15214, 11.04771,  0.08767
 0.00000, -0.61879, 504.49365, -45.03686, 11.16441,  0.03507
 0.00000, -0.35359, 505.19531, -45.07529, 11.12551, -0.07014
-0.26376,  0.00000, 505.54614, -45.07529, 11.20331,  0.07014
-0.08792,  0.17680, 504.49365, -45.19057, 11.20331,  0.01753
 0.00000,  0.00000, 507.30029, -45.03686, 11.12551, -0.07014
-0.70337, -0.17680, 505.89697, -45.15214, 11.12551, -0.01753
 0.00000,  0.17680, 505.54614, -45.19057, 11.20331, -0.01753
-0.52753, -0.08840, 504.84448, -45.26743, 11.28111, -0.01753
-0.35168, -0.35359, 505.89697, -45.22900, 11.32001,  0.03507
-0.35168, -0.08840, 504.84448, -45.11372, 11.35891,  0.00000
-0.26376, -0.08840, 506.59863, -45.15214, 11.43671,  0.05260
-0.52753, -0.26519, 506.24780, -45.19057, 11.39781,  0.08767
-0.26376,  0.17680, 506.24780, -45.38271, 11.43671,  0.07014
-0.61545,  0.00000, 506.59863, -45.22900, 11.28111,  0.00000
-0.70337,  0.35359, 507.65112, -45.03686, 11.43671,  0.00000
-0.96713,  0.17680, 506.59863, -45.11372, 11.63121, -0.03507
-0.79129, -0.17680, 506.24780, -45.11372, 11.63121,  0.03507
-0.79129,  0.61879, 504.14282, -45.15214, 11.55341,  0.01753
-0.87921,  0.08840, 505.54614, -45.19057, 11.55341, -0.01753
-0.87921,  0.26519, 504.49365, -45.19057, 11.67011,  0.03507
-1.23090,  0.17680, 505.54614, -45.22900, 11.78681, -0.07014
-0.70337, -0.08840, 503.09033, -45.22900, 11.63121,  0.01753
-0.87921, -0.35359, 504.84448, -45.15214, 11.82571,  0.05260
-0.96713, -0.53039, 504.84448, -45.15214, 11.90351,  0.07014
-1.14297,  0.17680, 504.84448, -45.26743, 11.90351,  0.07014
-0.87921,  0.08840, 505.89697, -45.26743, 12.05912,  0.03507
-0.96713,  0.17680, 506.59863, -45.22900, 11.90351,  0.01753
-0.87921,  0.53039, 505.54614, -45.38271, 11.94242,  0.15781
-0.43961, -0.17680, 504.49365, -45.45956, 11.90351,  0.08767
-0.52753,  0.17680, 506.24780, -45.65170, 12.02022,  0.05260
-0.79129,  0.17680, 505.89697, -45.65170, 12.05912,  0.10521
-0.70337, -0.26519, 506.59863, -45.69012, 11.98132,  0.03507
-0.70337, -0.26519, 508.35278, -45.76698, 12.13692,  0.01753
-0.61545, -0.08840, 505.89697, -45.88226, 12.02022,  0.05260
-0.52753,  0.00000, 505.89697, -45.88226, 11.94242,  0.05260
-0.96713, -0.08840, 506.59863, -45.84383, 12.25362,  0.08767
-0.61545,  0.00000, 504.49365, -45.80540, 12.05912,  0.07014
-0.35168,  0.17680, 505.19531, -45.95911, 12.05912,  0.08767
-0.70337,  0.26519, 505.19531, -45.88226, 12.33142,  0.08767
-0.43961, -0.35359, 505.19531, -46.07439, 12.37032,  0.01753
-0.96713,  0.08840, 507.30029, -45.99754, 12.33142,  0.08767
-0.87921, -0.26519, 504.49365, -46.26653, 12.37032, -0.01753
-0.70337,  0.08840, 506.24780, -46.22810, 12.56482,  0.10521
-1.49466, -0.26519, 506.94946, -46.07439, 12.72042, -0.05260
-1.49466,  0.17680, 505.19531, -46.03597, 12.72042,  0.00000
-1.49466, -0.08840, 505.19531, -46.18968, 12.72042, -0.10521
-1.58258,  0.08840, 505.19531, -46.11282, 12.72042, -0.01753
-1.05505,  0.00000, 505.19531, -45.88226, 12.68152,  0.05260
-1.23090,  0.08840, 506.59863, -45.99754, 12.83712,  0.01753
-1.40674,  0.26519, 506.24780, -45.99754, 13.03163,  0.05260
-1.31882,  0.44199, 504.84448, -45.95911, 12.79822,  0.01753
-1.58258, -0.08840, 503.79199, -46.11282, 12.99273,  0.05260
-1.40674, -0.26519, 504.84448, -46.07439, 12.64262, -0.01753
-1.23090, -0.26519, 504.84448, -46.34339, 12.99273, -0.08767
-1.40674, -0.79558, 504.49365, -46.30496, 12.91492, -0.08767
-1.23090, -0.44199, 505.54614, -46.38181, 12.91492, -0.07014
-1.40674, -0.44199, 506.59863, -46.42024, 13.10943, -0.01753
-1.67050, -0.35359, 504.14282, -46.65081, 13.14833, -0.07014
-1.40674, -0.44199, 506.94946, -46.57395, 13.22613, -0.10521
-1.67050, -0.44199, 504.49365, -46.49710, 13.14833, -0.14027
-1.75842, -0.79558, 505.89697, -46.61238, 13.14833, -0.05260
-1.49466, -0.61879, 505.19531, -46.65081, 12.99273, -0.12274
-1.93427, -0.35359, 505.89697, -46.65081, 13.10943, -0.07014
-1.67050, -0.35359, 505.89697, -46.53552, 13.18723, -0.01753
-1.93427, -0.53039, 505.89697, -46.68923, 13.22613, -0.10521
-1.84634, -0.44199, 505.54614, -46.61238, 13.38173, -0.07014
-1.84634, -0.70718, 505.54614, -46.68923, 13.30393, -0.10521
-1.93427, -0.88398, 506.59863, -46.88137, 13.34283, -0.07014
-2.02219, -0.61879, 504.84448, -47.03508, 13.45953, -0.10521
-1.84634, -0.53039, 506.24780, -46.91980, 13.53733, -0.07014
-1.93427, -0.44199, 505.54614, -46.84294, 13.45953, -0.14027
-2.19803, -0.44199, 505.54614, -46.95823, 13.53733, -0.05260
-2.19803, -0.08840, 506.59863, -46.68923, 13.34283, -0.08767
-1.67050, -0.53039, 505.19531, -46.99665, 13.42063, -0.08767
-2.02219, -0.44199, 506.24780, -46.95823, 13.45953, -0.07014
-1.67050, -0.61879, 506.59863, -46.88137, 13.45953, -0.07014
-1.93427, -0.44199, 506.24780, -47.03508, 13.42063, -0.07014
-1.75842, -0.44199, 504.84448, -46.99665, 13.45953, -0.07014
-2.02219, -0.61879, 505.19531, -46.91980, 13.53733, -0.01753
-1.75842, -0.26519, 505.89697, -46.88137, 13.61513, -0.01753
-1.49466, -0.17680, 504.49365, -46.91980, 13.69293, -0.05260
-1.75842, -0.26519, 506.24780, -47.03508, 13.45953, -0.05260
-2.02219, -0.88398, 506.94946, -47.34250, 13.38173, -0.07014
-1.49466, -0.70718, 506.24780, -47.49621, 13.38173, -0.03507
-1.49466, -0.79558, 507.65112, -47.57307, 13.18723, -0.03507
-1.93427, -1.32597, 504.84448, -47.72678, 13.26503,  0.01753
-1.75842, -1.50277, 505.54614, -47.72678, 13.30393,  0.01753
-1.40674, -1.32597, 504.49365, -47.57307, 13.26503, -0.05260
-1.23090, -1.14917, 503.79199, -47.53464, 13.34283,  0.03507
-1.93427, -1.32597, 504.49365, -47.53464, 13.30393,  0.03507
-1.75842, -0.97238, 503.09033, -47.53464, 13.22613,  0.03507
-1.58258, -1.50277, 503.09033, -47.41936, 13.30393, -0.03507
-1.40674, -1.23757, 505.19531, -47.49621, 13.30393,  0.01753
-1.14297, -1.32597, 504.14282, -47.61149, 13.30393,  0.10521
-1.23090, -1.67956, 505.54614, -47.88049, 13.42063,  0.03507
-1.23090, -1.94476, 506.24780, -47.80363, 13.34283, -0.01753
-1.14297, -1.50277, 505.54614, -48.07262, 13.14833,  0.01753
-0.96713, -1.94476, 506.24780, -47.84206, 13.10943,  0.01753
-1.23090, -2.03315, 507.65112, -48.11105, 13.10943, -0.01753
-1.31882, -1.85636, 506.59863, -47.95734, 13.14833, -0.01753
-1.40674, -1.50277, 505.89697, -47.80363, 13.07053,  0.01753
-0.61545, -1.41437, 504.49365, -47.64992, 12.91492, -0.03507
-1.23090, -1.59116, 503.79199, -47.53464, 12.99273, -0.07014
-0.96713, -0.97238, 506.24780, -47.30407, 12.79822, -0.08767
-1.31882, -1.06078, 505.19531, -47.26565, 12.75932, -0.01753
-1.05505, -1.23757, 505.19531, -47.30407, 12.75932, -0.08767
-0.79129, -0.88398, 505.54614, -47.34250, 12.91492, -0.07014
-1.05505, -1.06078, 504.49365, -47.15036, 12.56482, -0.07014
-0.87921, -0.53039, 505.89697, -47.18879, 12.72042,  0.00000
-0.61545, -1.23757, 506.59863, -47.11194, 12.72042, -0.10521
-0.96713, -0.97238, 506.94946, -46.99665, 12.60372, -0.10521
-0.87921, -1.06078, 504.84448, -46.99665, 12.60372, -0.12274
-1.31882, -1.23757, 506.94946, -46.88137, 12.91492, -0.07014
-1.67050, -0.53039, 505.19531, -46.95823, 12.60372, -0.03507
-1.31882, -1.06078, 504.14282, -46.68923, 12.75932, -0.07014
-1.40674, -0.61879, 506.24780, -46.65081, 12.64262, -0.07014
-1.14297, -0.70718, 504.49365, -46.65081, 12.79822, -0.07014
-1.49466, -0.26519, 505.19531, -46.49710, 12.60372, -0.07014
-0.87921, -0.79558, 505.19531, -46.42024, 12.52592, -0.05260
-1.23090, -0.61879, 506.59863, -46.45867, 12.60372, -0.05260
-1.23090, -0.88398, 505.54614, -46.34339, 12.48702, -0.14027
-1.14297, -1.06078, 507.30029, -46.22810, 12.25362,  0.01753
-1.40674, -0.53039, 504.84448, -46.38181, 12.48702, -0.07014
-0.96713, -0.53039, 505.54614, -46.18968, 12.37032, -0.05260
-1.40674, -0.53039, 505.19531, -46.18968, 12.37032, -0.07014
-1.23090, -0.61879, 504.84448, -46.15125, 12.37032, -0.07014
-1.05505, -0.17680, 505.54614, -45.95911, 12.40922, -0.08767
-0.87921, -0.53039, 504.84448, -46.07439, 12.25362, -0.05260
-1.31882, -0.79558, 505.19531, -45.88226, 12.25362, -0.08767
-1.40674, -0.35359, 504.84448, -45.80540, 12.48702, -0.03507
-1.67050, -0.88398, 505.89697, -45.84383, 12.33142, -0.12274
-1.58258, -0.35359, 505.54614, -45.69012, 12.37032, -0.01753
-1.49466, -0.35359, 505.89697, -45.34428, 12.25362, -0.07014
-1.31882,  0.26519, 505.19531, -45.15214, 12.21472,  0.01753
-1.40674,  0.35359, 504.49365, -44.96001, 12.29252,  0.07014
-0.87921,  0.44199, 505.54614, -44.92158, 12.02022, -0.05260
-0.87921, -0.17680, 506.59863, -44.92158, 12.21472,  0.00000
-1.31882, -0.08840, 505.89697, -44.99843, 12.21472,  0.05260
-1.23090, -0.26519, 507.30029, -44.88315, 12.17582,  0.01753
-1.40674, -0.17680, 505.89697, -44.92158, 12.17582,  0.05260
-1.67050, -0.70718, 506.94946, -44.96001, 12.17582,  0.05260
-1.14297, -0.44199, 505.89697, -45.11372, 12.21472,  0.03507
-1.58258, -0.79558, 506.59863, -44.99843, 12.09802,  0.05260
-1.49466, -0.53039, 504.84448, -44.88315, 12.05912,  0.00000
-1.31882, -0.61879, 505.89697, -44.80630, 12.05912,  0.01753
-0.96713, -0.17680, 504.49365, -44.57573, 12.05912, -0.01753
-1.23090, -0.70718, 504.49365, -44.38359, 12.09802,  0.08767
-0.70337, -0.53039, 505.19531, -44.38359, 12.02022,  0.10521
-1.40674,  0.08840, 504.49365, -44.34517, 11.90351,  0.14027
-0.79129, -0.08840, 505.19531, -44.30674, 11.98132,  0.00000
-0.79129, -0.44199, 504.84448, -44.42202, 11.86461,  0.12274
-1.23090, -0.79558, 504.14282, -44.38359, 11.86461,  0.14027
-0.79129, -0.61879, 505.89697, -44.38359, 11.86461,  0.10521
-1.05505, -0.79558, 504.14282, -44.38359, 11.78681,  0.08767
-0.87921, -0.61879, 504.14282, -44.07617, 11.86461,  0.03507
-1.23090, -0.61879, 504.49365, -44.11460, 11.86461,  0.01753
-1.49466, -0.44199, 506.24780, -43.88404, 11.70901,  0.00000
-0.96713, -0.44199, 505.54614, -43.73033, 11.98132,  0.07014
-1.40674, -0.61879, 504.14282, -43.73033, 11.98132,  0.01753
-1.23090, -0.35359, 506.59863, -43.49976, 11.90351,  0.01753
-0.96713, -0.17680, 504.84448, -43.38448, 11.82571,  0.01753
-1.14297,  0.17680, 504.84448, -43.34605, 11.82571,  0.08767
-0.96713, -0.44199, 506.59863, -43.19234, 11.74791,  0.12274
-1.58258,  0.00000, 506.59863, -43.00021, 11.86461,  0.05260
-1.31882,  0.08840, 505.54614, -43.19234, 11.90351,  0.03507
-0.96713,  0.00000, 505.54614, -42.96178, 11.82571,  0.07014
-1.49466,  0.17680, 504.84448, -42.92336, 11.82571,  0.00000
-1.40674,  0.00000, 505.54614, -42.76965, 11.67011, -0.05260
-1.49466, -0.08840, 504.49365, -42.73122, 11.78681, -0.01753
-1.31882, -0.44199, 504.14282, -42.57751, 11.67011,  0.00000
-1.23090,  0.35359, 505.19531, -42.57751, 11.82571, -0.05260
-0.87921,  0.44199, 505.19531, -42.57751, 11.82571, -0.05260
-1.05505,  0.61879, 505.89697, -42.23166, 11.63121, -0.05260
-1.05505,  0.53039, 504.84448, -42.07795, 11.74791, -0.05260
-1.14297,  0.79558, 504.84448, -42.03953, 11.74791,  0.00000
-1.05505,  1.14917, 505.54614, -41.92424, 11.70901,  0.01753
-1.14297,  0.97238, 506.24780, -41.77053, 11.55341, -0.01753
-0.87921,  1.23757, 506.24780, -41.57840, 11.55341,  0.00000
-0.96713,  0.70718, 506.24780, -41.65525, 11.39781,  0.03507
-1.40674,  0.44199, 506.24780, -41.61682, 11.63121,  0.00000
-0.61545,  0.79558, 505.89697, -41.34783, 11.51451,  0.01753
-1.05505,  0.35359, 506.24780, -41.61682, 11.35891, -0.12274
-1.14297,  0.17680, 505.54614, -41.50154, 11.28111, -0.01753
-0.79129,  0.17680, 505.54614, -41.34783, 11.35891, -0.03507
-0.96713,  0.26519, 504.14282, -41.30940, 11.24221, -0.08767
-1.05505,  0.53039, 505.89697, -41.07884, 11.35891,  0.00000
-0.96713,  0.35359, 504.84448, -41.04041, 11.35891, -0.10521
-0.87921,  0.61879, 503.79199, -41.11727, 11.28111, -0.07014
-0.96713,  0.61879, 504.14282, -40.80985, 11.16441,  0.00000
-0.17584,  0.70718, 505.19531, -40.65614, 11.04771, -0.01753
-0.70337,  1.14917, 505.89697, -40.65614, 11.12551,  0.00000
-0.43961,  0.97238, 505.19531, -40.50243, 11.00881,  0.00000
-0.61545,  1.32597, 506.24780, -40.42558, 11.20331, -0.05260
-0.79129,  1.06078, 505.54614, -40.15659, 11.20331,  0.00000
-0.70337,  0.88398, 505.54614, -40.27187, 11.00881, -0.05260
-0.26376,  1.06078, 506.24780, -40.04131, 10.89211, -0.07014
-0.79129,  1.41437, 504.49365, -40.11816, 10.81430, -0.14027
-0.61545,  0.61879, 506.24780, -40.15659, 10.81430, -0.07014
-0.35168,  1.06078, 506.94946, -40.11816, 10.81430, -0.05260
-0.79129,  0.70718, 506.24780, -40.11816, 10.81430, -0.05260
-0.26376,  0.79558, 508.35278, -40.19501, 11.00881, -0.01753
-0.52753,  0.88398, 507.30029, -40.31030, 10.85320,  0.03507
-0.87921,  0.88398, 505.89697, -40.15659, 11.00881, -0.05260
-0.52753,  1.14917, 504.84448, -40.00288, 10.89211, -0.19288
-0.61545,  1.14917, 505.54614, -39.73389, 10.89211, -0.07014
-1.14297,  1.59116, 503.79199, -39.96445, 11.00881, -0.05260
-0.61545,  1.32597, 505.19531, -39.73389, 10.96991, -0.05260
-0.52753,  1.32597, 504.84448, -39.77231, 10.96991, -0.03507
-0.70337,  1.06078, 504.49365, -39.69546, 10.81430, -0.05260
-0.52753,  1.06078, 505.54614, -39.88760, 10.81430,  0.01753
-0.79129,  1.23757, 505.19531, -39.96445, 10.89211, -0.05260
-0.96713,  0.70718, 505.19531, -40.15659, 10.89211,  0.01753
-0.43961,  0.44199, 506.24780, -39.96445, 10.96991, -0.01753
-0.35168,  0.53039, 505.54614, -39.88760, 10.89211,  0.07014
-0.87921,  0.79558, 504.84448, -39.77231, 11.08661,  0.08767
-0.52753,  0.70718, 504.49365, -39.81074, 10.93101,  0.03507
-0.52753,  0.88398, 505.54614, -39.69546, 10.93101, -0.05260
-0.43961,  1.06078, 506.59863, -39.58018, 10.81430,  0.12274
-0.35168,  1.32597, 507.65112, -39.77231, 10.93101,  0.00000
-0.52753,  1.23757, 503.44116, -39.77231, 11.00881,  0.01753
-0.52753,  0.79558, 506.59863, -39.61860, 11.08661,  0.01753
-0.52753,  0.70718, 502.73950, -39.50332, 11.00881,  0.03507
-0.61545,  0.61879, 504.14282, -39.46489, 10.96991,  0.05260
-0.61545,  0.97238, 505.19531, -39.23433, 10.89211,  0.07014
-0.87921,  0.88398, 504.84448, -39.34961, 10.85320,  0.05260
-0.43961,  0.61879, 503.44116, -39.19590, 10.93101,  0.01753
-0.96713,  0.70718, 503.44116, -39.34961, 10.93101, -0.01753
-0.61545,  0.70718, 504.14282, -39.31118, 10.89211,  0.07014
-0.43961,  0.79558, 504.14282, -39.23433, 10.89211,  0.03507
-0.70337,  1.06078, 506.24780, -39.15747, 10.93101,  0.08767
-0.61545,  0.88398, 506.24780, -39.08062, 10.96991,  0.05260
-0.08792,  1.14917, 506.59863, -39.11905, 11.08661,  0.08767
-0.17584,  0.97238, 507.65112, -39.15747, 11.00881,  0.14027
-0.35168,  0.79558, 506.59863, -38.85005, 11.04771,  0.12274
-0.35168,  0.70718, 506.94946, -38.96534, 10.96991,  0.10521
 0.08792,  0.61879, 506.59863, -38.85005, 11.16441,  0.14027
-0.43961,  0.88398, 506.59863, -38.61949, 11.24221,  0.07014
-0.43961,  0.79558, 505.54614, -38.58106, 11.24221,  0.15781
-0.43961,  1.50277, 505.54614, -38.65792, 11.20331,  0.05260
-0.70337,  1.14917, 506.24780, -38.27364, 11.55341,  0.12274
-0.61545,  1.50277, 504.49365, -38.50421, 11.39781,  0.14027
-0.35168,  1.85636, 504.84448, -38.54263, 11.47561,  0.05260
-0.43961,  1.85636, 506.94946, -38.46578, 11.47561, -0.03507
-1.05505,  1.85636, 504.84448, -38.23521, 11.55341,  0.00000
-0.87921,  1.85636, 506.24780, -38.31207, 11.39781,  0.05260
-0.70337,  1.94476, 505.54614, -38.15836, 11.63121, -0.01753
-0.87921,  2.03315, 504.84448, -38.15836, 11.55341, -0.03507
-0.70337,  2.12155, 504.84448, -38.15836, 11.63121, -0.01753
-1.14297,  2.29835, 505.19531, -38.15836, 11.70901,  0.00000
-0.96713,  2.29835, 506.59863, -38.04308, 11.55341, -0.05260
-0.52753,  2.03315, 506.24780, -38.31207, 11.70901, -0.01753
-0.52753,  2.03315, 505.89697, -38.08150, 11.78681, -0.08767
-0.79129,  1.94476, 505.89697, -37.81252, 11.94242, -0.05260
-1.23090,  1.85636, 506.59863, -38.19679, 12.02022, -0.01753
-0.35168,  2.03315, 506.94946, -38.31207, 12.02022, -0.05260
-0.96713,  1.94476, 505.89697, -38.27364, 12.21472,  0.03507
-0.87921,  2.20995, 504.84448, -38.27364, 12.29252, -0.03507
-0.79129,  2.12155, 505.89697, -38.31207, 12.25362, -0.03507
-1.40674,  1.94476, 505.54614, -38.23521, 12.25362, -0.05260
-1.75842,  1.67956, 503.09033, -38.42735, 12.40922, -0.03507
-1.23090,  1.41437, 505.89697, -38.54263, 12.64262,  0.05260
-1.40674,  1.32597, 503.79199, -38.54263, 12.52592, -0.07014
-0.96713,  1.76796, 503.09033, -38.61949, 12.52592,  0.00000
-1.40674,  1.59116, 504.14282, -38.58106, 12.48702, -0.03507
-1.05505,  1.14917, 505.19531, -38.81163, 12.52592, -0.03507
-1.31882,  1.50277, 505.89697, -38.58106, 12.68152, -0.01753
-1.58258,  1.23757, 505.54614, -38.92691, 12.75932,  0.00000
-1.49466,  1.14917, 504.49365, -39.31118, 12.83712, -0.07014
-1.49466,  1.85636, 506.59863, -39.23433, 12.83712, -0.10521
-1.40674,  1.41437, 505.54614, -39.34961, 13.03163, -0.07014
-1.84634,  1.23757, 506.94946, -39.46489, 13.03163, -0.01753
-1.58258,  0.97238, 506.24780, -39.61860, 13.18723, -0.07014
-1.75842,  1.41437, 505.89697, -39.54175, 13.18723, -0.08767
-1.75842,  0.88398, 505.89697, -39.69546, 13.03163, -0.08767
-1.49466,  0.79558, 505.19531, -39.61860, 13.18723, -0.14027
-1.40674,  0.79558, 505.19531, -39.92602, 13.34283, -0.08767
-1.31882,  0.79558, 505.89697, -39.92602, 13.26503, -0.17534
-1.67050,  0.97238, 505.54614, -40.23344, 13.22613, -0.17534
-1.31882,  0.88398, 505.54614, -40.19501, 13.18723, -0.05260
-1.58258,  0.70718, 505.89697, -40.57928, 13.22613, -0.05260
-1.31882,  0.61879, 505.19531, -40.73299, 13.34283, -0.12274
-1.23090,  0.61879, 505.89697, -40.80985, 13.26503, -0.05260
-1.49466,  0.53039, 504.84448, -40.96356, 13.38173, -0.10521
-1.58258,  0.00000, 506.24780, -40.96356, 13.42063, -0.08767
-1.31882, -0.08840, 506.94946, -41.23255, 13.42063, -0.05260
-1.40674, -0.26519, 505.54614, -41.23255, 13.45953, -0.01753
-1.40674,  0.08840, 505.89697, -41.46311, 13.61513, -0.07014
-1.31882,  0.35359, 506.59863, -41.27098, 13.80963, -0.05260
-1.23090,  0.35359, 505.19531, -41.34783, 13.88743, -0.01753
-1.75842,  0.79558, 504.84448, -41.46311, 13.88743, -0.14027
-1.58258,  0.88398, 504.49365, -41.38626, 13.61513, -0.07014
-1.49466,  0.44199, 503.44116, -41.30940, 13.96523, -0.08767
-1.67050,  0.44199, 504.49365, -41.50154, 13.84853, -0.07014
-2.11011, -0.08840, 502.38867, -41.46311, 13.80963, -0.07014
-1.93427,  0.44199, 504.14282, -41.65525, 13.80963, -0.07014
-1.93427,  0.44199, 504.84448, -41.73211, 13.80963, -0.05260
-1.75842,  0.35359, 504.49365, -41.65525, 14.00414, -0.21041
-2.02219,  0.35359, 505.19531, -41.84739, 14.00414, -0.17534
-1.58258,  0.26519, 506.24780, -41.80896, 14.12084, -0.07014
-1.67050,  0.53039, 506.24780, -42.03953, 14.12084, -0.17534
-1.67050,  0.44199, 505.54614, -42.07795, 14.08194, -0.08767
-1.23090,  0.79558, 506.94946, -42.11638, 14.04304,  0.00000
-1.67050,  0.79558, 505.89697, -42.07795, 14.19864, -0.05260
-1.58258,  0.79558, 505.54614, -42.23166, 14.19864, -0.03507
-1.67050,  0.35359, 506.24780, -42.23166, 14.27644,  0.01753
-1.75842,  0.53039, 506.59863, -42.30852, 14.15974, -0.07014
-1.67050,  0.53039, 505.89697, -42.50066, 14.15974, -0.07014
-2.46179,  0.61879, 504.84448, -42.65437, 14.19864,  0.01753
-2.02219,  0.26519, 506.24780, -42.61594, 14.39314, -0.10521
-1.93427,  0.17680, 504.49365, -42.61594, 14.23754, -0.05260
-2.11011,  0.00000, 504.84448, -43.00021, 14.39314,  0.00000
-2.02219, -0.17680, 504.84448, -43.07706, 14.50984,  0.01753
-2.11011,  0.26519, 505.54614, -43.34605, 14.35424, -0.01753
-2.46179,  0.08840, 506.24780, -43.34605, 14.27644, -0.08767
-2.11011,  0.26519, 505.89697, -43.46133, 14.47094,  0.01753
-1.93427, -0.26519, 508.00195, -43.84561, 14.35424, -0.03507
-2.28595, -0.61879, 507.65112, -43.99932, 14.39314,  0.03507
-2.19803, -0.70718, 506.59863, -44.26831, 14.39314,  0.00000
-2.11011, -1.06078, 505.19531, -44.34517, 14.31534,  0.07014
-2.02219, -0.97238, 504.84448, -44.46045, 14.47094,  0.03507
-1.84634, -1.14917, 502.38867, -44.22988, 14.31534,  0.00000
-2.19803, -1.23757, 503.79199, -44.46045, 14.43204, -0.05260
-2.19803, -0.79558, 504.14282, -44.49888, 14.39314,  0.05260
-1.75842, -0.97238, 503.09033, -44.38359, 14.31534, -0.05260
-1.49466, -0.61879, 503.79199, -44.42202, 14.15974, -0.05260
-1.58258, -0.79558, 504.49365, -44.69101, 14.23754,  0.01753
-1.84634, -0.88398, 506.24780, -44.84472, 14.12084, -0.05260
-1.93427, -0.79558, 505.19531, -44.92158, 14.43204, -0.01753
-1.93427, -1.50277, 506.24780, -44.99843, 14.12084, -0.01753
-1.58258, -1.41437, 506.94946, -45.26743, 14.12084, -0.10521
-1.75842, -1.23757, 507.65112, -45.26743, 14.15974, -0.08767
-1.58258, -1.06078, 507.65112, -45.19057, 14.31534, -0.03507
-1.84634, -1.14917, 506.24780, -45.22900, 14.31534, -0.01753
-1.93427, -0.97238, 506.94946, -45.15214, 14.19864, -0.05260
-1.75842, -0.88398, 505.54614, -45.11372, 14.27644, -0.01753
-1.93427, -0.79558, 506.94946, -45.03686, 14.31534, -0.08767
-1.67050, -0.53039, 503.79199, -45.19057, 14.27644, -0.12274
-1.49466, -0.70718, 505.89697, -45.11372, 14.35424, -0.05260
-1.75842, -0.44199, 505.19531, -45.07529, 14.15974, -0.12274
-1.93427, -0.88398, 505.54614, -45.11372, 14.08194, -0.03507
-1.31882, -0.79558, 503.79199, -45.26743, 14.04304, -0.08767
-1.23090, -0.79558, 503.44116, -45.38271, 14.08194, -0.12274
-2.02219, -0.53039, 504.84448, -45.34428, 14.08194, -0.07014
-1.67050, -1.14917, 506.59863, -45.38271, 13.92633, -0.08767
-1.84634, -1.14917, 504.14282, -45.45956, 14.04304, -0.05260
-1.93427, -0.70718, 504.84448, -45.65170, 13.88743, -0.03507
-1.58258, -0.79558, 506.24780, -45.42113, 13.69293, -0.08767
-1.58258, -0.70718, 507.30029, -45.72855, 13.73183, -0.07014
-1.40674, -0.88398, 505.89697, -45.92068, 13.69293, -0.03507
-1.49466, -0.88398, 506.59863, -46.07439, 13.42063, -0.10521
-1.23090, -1.23757, 507.65112, -46.18968, 13.49843, -0.07014
-1.14297, -1.41437, 507.30029, -46.42024, 13.49843,  0.00000
-1.49466, -1.41437, 507.30029, -46.49710, 13.45953, -0.08767
-1.67050, -1.50277, 504.14282, -46.53552, 13.34283, -0.07014
-1.40674, -1.50277, 505.54614, -46.53552, 13.42063,  0.01753
-1.23090, -1.76796, 505.89697, -46.61238, 13.26503,  0.05260
-1.23090, -1.50277, 504.84448, -46.61238, 13.22613,  0.01753
-0.96713, -1.59116, 506.24780, -46.65081, 13.30393,  0.05260
-0.79129, -1.94476, 505.89697, -46.91980, 13.38173,  0.01753
-0.61545, -1.59116, 504.49365, -46.91980, 13.18723, -0.01753
-0.79129, -2.20995, 505.19531, -46.99665, 13.07053, -0.01753
-0.70337, -2.29835, 505.19531, -47.15036, 13.14833, -0.01753
-0.43961, -1.76796, 506.59863, -47.30407, 13.03163,  0.00000
-0.79129, -2.03315, 506.94946, -47.15036, 13.10943, -0.08767
-0.70337, -2.20995, 504.84448, -47.34250, 13.14833,  0.00000
-0.87921, -2.20995, 505.19531, -47.26565, 13.03163, -0.05260
-0.52753, -1.85636, 504.14282, -47.34250, 12.91492, -0.05260
-0.35168, -1.59116, 504.14282, -47.18879, 12.99273, -0.10521
-0.70337, -1.94476, 504.84448, -47.15036, 12.75932, -0.05260
-0.70337, -1.76796, 504.84448, -46.80452, 12.75932,  0.01753
-0.43961, -1.50277, 505.89697, -46.99665, 12.68152, -0.03507
-0.61545, -1.41437, 504.84448, -46.88137, 12.68152, -0.05260
-0.70337, -1.14917, 506.24780, -46.53552, 12.64262,  0.07014
-0.79129, -1.32597, 505.89697, -46.61238, 12.83712, -0.08767
-0.96713, -1.23757, 505.54614, -46.68923, 12.64262, -0.01753
-1.14297, -1.06078, 505.89697, -46.57395, 12.37032,  0.05260
-1.75842, -1.50277, 505.54614, -46.68923, 12.52592, -0.03507
-1.58258, -1.32597, 505.19531, -46.57395, 12.52592,  0.01753
-1.31882, -1.23757, 506.24780, -46.49710, 12.40922, -0.08767
-1.40674, -1.14917, 505.89697, -46.61238, 12.56482,  0.00000
-1.75842, -1.14917, 506.59863, -46.42024, 12.33142, -0.03507
-1.67050, -0.97238, 507.30029, -46.30496, 12.44812, -0.07014
-1.31882, -1.06078, 506.24780, -46.22810, 12.44812, -0.07014
-1.58258, -0.53039, 504.84448, -46.15125, 12.60372,  0.01753
-1.31882, -0.53039, 506.59863, -45.84383, 12.64262,  0.01753
-1.84634, -0.35359, 505.89697, -45.61327, 12.40922, -0.03507
-1.58258, -0.26519, 503.79199, -45.53642, 12.52592, -0.03507
-1.23090, -0.35359, 504.14282, -45.53642, 12.52592,  0.03507
-1.75842, -0.17680, 504.84448, -45.34428, 12.60372,  0.01753
-1.14297, -0.08840, 504.84448, -45.15214, 12.48702,  0.01753
-1.58258,  0.17680, 505.54614, -45.11372, 12.56482,  0.03507
-1.05505, -0.17680, 505.54614, -45.03686, 12.40922, -0.03507
-1.05505, -0.26519, 506.24780, -44.99843, 12.68152,  0.00000
-1.31882, -0.97238, 505.54614, -45.03686, 12.37032,  0.00000
-0.79129, -1.14917, 507.30029, -45.15214, 12.37032,  0.05260
-1.14297, -0.97238, 507.30029, -44.99843, 12.37032,  0.05260
-1.05505, -1.06078, 506.59863, -44.96001, 12.21472,  0.05260
-1.14297, -0.79558, 505.89697, -45.11372, 12.29252,  0.10521
-1.05505, -0.88398, 506.59863, -44.96001, 12.09802,  0.10521
-0.87921, -0.97238, 504.14282, -44.72944, 12.25362,  0.14027
-0.79129, -0.53039, 505.89697, -44.72944, 11.98132,  0.07014
-0.87921, -0.44199, 503.79199, -44.53730, 12.02022,  0.07014
-0.70337, -0.44199, 505.54614, -44.65259, 11.98132,  0.08767
-0.87921, -0.08840, 505.54614, -44.49888, 12.09802,  0.08767
-1.58258, -0.35359, 506.59863, -44.57573, 11.94242,  0.05260
-1.05505, -0.53039, 505.54614, -44.61416, 11.94242,  0.05260
-0.70337, -0.44199, 505.19531, -44.76787, 11.86461, -0.05260
-0.87921, -0.53039, 506.24780, -44.53730, 11.82571,  0.08767
-1.14297, -0.70718, 505.54614, -44.80630, 11.86461,  0.05260
-0.96713, -0.44199, 505.89697, -44.53730, 11.82571,  0.00000
-0.43961, -0.53039, 505.54614, -44.38359, 11.86461,  0.00000
-0.96713, -0.35359, 505.19531, -44.38359, 11.74791,  0.00000
-1.31882, -0.26519, 505.19531, -44.19146, 11.78681,  0.00000
-0.96713,  0.35359, 504.14282, -43.96089, 11.78681,  0.00000
-1.14297,  0.26519, 503.79199, -43.88404, 11.90351,  0.00000
-1.05505,  0.44199, 505.19531, -43.69190, 12.05912, -0.08767
-0.87921,  0.44199, 505.54614, -43.42291, 11.90351,  0.05260
-0.96713,  0.88398, 504.84448, -43.53819, 11.98132, -0.05260
-1.23090,  0.35359, 505.19531, -43.57662, 11.94242, -0.10521
-0.87921,  0.44199, 506.94946, -43.65347, 11.90351, -0.03507
-1.05505,  0.08840, 505.19531, -43.61504, 11.94242, -0.10521
-1.05505,  0.17680, 507.65112, -43.53819, 12.05912,  0.00000
-0.96713,  0.08840, 506.59863, -43.65347, 12.17582, -0.03507
-1.49466,  0.35359, 507.30029, -43.46133, 11.98132,  0.00000
-1.14297,  0.26519, 504.84448, -43.38448, 12.17582, -0.05260
-1.05505,  0.35359, 506.59863, -43.53819, 12.17582,  0.01753
-1.23090,  0.53039, 505.54614, -43.53819, 12.13692, -0.05260
-1.05505,  0.97238, 504.49365, -43.38448, 11.98132, -0.03507
-0.79129,  0.79558, 503.79199, -43.46133, 12.05912, -0.03507
-1.23090,  0.35359, 504.84448, -43.30762, 12.09802, -0.08767
-1.40674,  0.26519, 503.79199, -43.23077, 12.05912, -0.03507
-1.49466,  0.35359, 503.79199, -43.26920, 11.86461, -0.15781
-1.58258, -0.26519, 504.84448, -43.53819, 11.94242, -0.05260
-1.49466,  0.35359, 504.84448, -43.38448, 12.13692, -0.12274
-1.67050,  0.26519, 505.89697, -43.42291, 12.17582, -0.05260
-1.84634, -0.26519, 505.89697, -43.53819, 11.94242, -0.07014
-1.49466, -0.26519, 506.59863, -43.42291, 12.13692,  0.03507
-1.49466, -0.61879, 506.24780, -43.57662, 12.21472,  0.00000
-1.49466, -0.17680, 505.54614, -43.46133, 12.13692, -0.05260
-1.49466, -0.61879, 505.54614, -43.53819, 12.17582, -0.05260
-1.14297, -0.44199, 504.49365, -43.46133, 12.17582, -0.07014
-1.58258, -0.44199, 505.89697, -43.38448, 12.05912, -0.03507
-1.40674, -0.08840, 504.49365, -43.38448, 12.09802,  0.00000
-0.96713, -0.17680, 506.24780, -43.34605, 12.09802,  0.03507
-1.40674,  0.00000, 504.84448, -43.00021, 11.94242,  0.12274
-2.02219, -0.26519, 503.09033, -43.19234, 11.94242,  0.05260
-1.40674, -0.35359, 504.49365, -43.26920, 12.02022,  0.03507
-1.58258, -0.44199, 505.54614, -43.23077, 11.78681, -0.03507
-1.58258, -0.35359, 505.54614, -43.19234, 11.94242, -0.05260
-1.67050, -0.35359, 507.30029, -43.00021, 11.94242, -0.08767
-2.11011, -0.53039, 505.54614, -43.23077, 11.70901, -0.03507
-1.49466, -0.26519, 506.59863, -43.03864, 11.67011, -0.05260
-1.23090, -0.44199, 505.89697, -42.96178, 11.70901, -0.03507
-1.23090,  0.08840, 506.24780, -42.73122, 11.28111,  0.01753
-1.40674, -0.35359, 505.89697, -42.69279, 11.39781, -0.01753
-1.40674,  0.17680, 505.54614, -42.50066, 11.28111,  0.05260
-0.87921, -0.17680, 505.54614, -42.46223, 11.16441,  0.01753
-0.96713,  0.26519, 506.59863, -42.42380, 11.24221,  0.03507
-0.96713,  0.44199, 505.19531, -42.34695, 11.16441,  0.01753
-1.23090,  0.26519, 506.59863, -42.30852, 10.93101,  0.00000
-0.96713,  0.53039, 504.49365, -42.11638, 10.89211, -0.01753
-0.79129,  0.17680, 504.84448, -41.96267, 10.85320,  0.03507
-0.79129,  0.17680, 504.84448, -41.96267, 10.73650,  0.05260
-0.70337,  0.08840, 504.49365, -41.77053, 10.77540,  0.03507
-0.52753,  0.53039, 504.84448, -41.84739, 10.69760,  0.03507
-0.61545,  0.79558, 506.59863, -41.80896, 10.61980,  0.07014
-0.70337,  0.44199, 504.49365, -41.77053, 10.65870,  0.03507
-0.96713,  0.53039, 505.54614, -41.88582, 10.61980,  0.03507
-0.70337,  0.26519, 506.94946, -41.57840, 10.61980, -0.05260
-0.52753, -0.08840, 504.84448, -41.57840, 10.61980,  0.00000
-0.96713,  0.08840, 505.89697, -41.57840, 10.58090,  0.03507
-0.35168,  0.17680, 505.89697, -41.42469, 10.50310,  0.03507
-0.70337,  0.35359, 505.19531, -41.57840, 10.42530,  0.05260
-0.70337,  0.70718, 505.19531, -41.42469, 10.26970, -0.05260
-0.70337,  0.35359, 505.19531, -41.19412, 10.38640, -0.03507
-0.26376,  0.26519, 504.84448, -41.34783, 10.54200,  0.00000
-0.79129,  0.17680, 505.54614, -41.42469, 10.38640,  0.07014
-0.70337,  0.26519, 506.24780, -41.27098, 10.34750, -0.03507
-0.26376,  0.44199, 504.14282, -41.30940, 10.34750,  0.03507
-0.35168,  0.44199, 505.54614, -41.19412, 10.34750,  0.03507
-0.70337,  0.08840, 505.89697, -41.30940, 10.19190,  0.01753
-0.43961, -0.08840, 504.84448, -41.27098, 10.07520, -0.01753
-0.61545,  0.35359, 505.54614, -41.34783, 10.38640,  0.00000
-1.05505,  0.26519, 505.89697, -41.15569, 10.23080,  0.05260
-1.05505,  0.61879, 505.19531, -41.30940, 10.15300,  0.01753
-0.79129,  0.70718, 503.79199, -41.04041, 10.23080,  0.01753
-0.96713,  0.61879, 504.84448, -40.80985, 10.15300,  0.00000
-0.79129,  0.53039, 505.89697, -40.69456, 10.19190, -0.03507
-0.79129,  1.23757, 504.84448, -40.77142, 10.19190,  0.00000
-0.52753,  0.70718, 506.24780, -40.57928, 10.34750,  0.00000
-0.52753,  0.79558, 506.94946, -40.69456, 10.46420, -0.01753
-0.87921,  0.88398, 506.24780, -40.73299, 10.34750,  0.00000
-0.70337,  0.97238, 505.89697, -40.80985, 10.34750,  0.00000
-0.52753,  0.44199, 505.89697, -40.84827, 10.34750,  0.01753
-0.43961,  0.00000, 505.19531, -40.84827, 10.42530,  0.05260
-0.61545,  0.53039, 506.24780, -40.77142, 10.42530,  0.05260
-0.61545,  0.44199, 506.24780, -40.84827, 10.30860, -0.01753
-1.05505,  0.17680, 506.94946, -40.57928, 10.46420, -0.01753
-0.79129,  0.61879, 505.54614, -40.50243, 10.46420,  0.01753
-0.96713,  0.61879, 504.84448, -40.38715, 10.58090, -0.05260
-1.23090,  0.79558, 505.19531, -40.19501, 10.23080,  0.05260
-0.96713,  0.70718, 504.84448, -40.07973, 10.30860, -0.01753
-0.79129,  0.79558, 504.49365, -40.15659, 10.38640,  0.01753
-1.31882,  1.23757, 503.79199, -40.00288, 10.26970, -0.01753
-0.87921,  1.41437, 503.44116, -40.04131, 10.19190,  0.03507
-1.14297,  1.32597, 505.54614, -40.00288, 10.26970, -0.01753
-0.96713,  0.79558, 505.19531, -40.07973, 10.30860,  0.07014
-0.52753,  0.70718, 506.24780, -40.04131, 10.23080,  0.00000
-0.61545,  0.88398, 505.89697, -40.11816, 10.34750,  0.00000
-0.79129,  0.88398, 504.84448, -39.88760, 10.50310,  0.14027
-0.79129,  0.79558, 506.94946, -39.73389, 10.19190,  0.10521
-0.52753,  0.97238, 505.19531, -39.81074, 10.23080,  0.07014
-0.35168,  1.41437, 505.54614, -39.69546, 10.38640,  0.12274
-1.14297,  1.14917, 506.24780, -39.58018, 10.15300,  0.10521
-0.87921,  1.50277, 505.54614, -39.31118, 10.26970,  0.05260
-0.61545,  1.67956, 504.84448, -39.50332, 10.26970,  0.08767
-0.79129,  1.59116, 505.54614, -39.27276, 10.15300,  0.12274
-0.79129,  2.12155, 505.54614, -39.11905, 10.11410,  0.00000
-0.52753,  1.76796, 505.54614, -39.11905, 10.26970,  0.03507
-0.79129,  1.50277, 506.24780, -39.31118, 10.15300, -0.05260
-0.87921,  1.59116, 505.19531, -39.34961, 10.11410, -0.05260
-0.70337,  1.41437, 506.59863, -39.46489, 10.15300,  0.01753
-0.52753,  1.32597, 506.59863, -39.81074, 10.11410,  0.07014
-0.70337,  0.97238, 506.24780, -39.58018, 10.19190, -0.03507
-0.87921,  1.14917, 505.54614, -39.92602, 10.15300,  0.03507
-1.14297,  0.70718, 506.94946, -39.81074, 10.30860,  0.01753
-0.79129,  0.70718, 504.84448, -39.69546, 10.26970,  0.00000
-0.87921,  0.79558, 505.54614, -39.84917, 10.19190,  0.03507
-1.05505,  0.79558, 504.14282, -39.81074, 10.19190,  0.12274
-0.43961,  0.61879, 504.14282, -39.69546, 10.11410,  0.12274
-0.61545,  0.61879, 504.49365, -39.65703, 10.30860,  0.03507
-0.61545,  0.79558, 504.14282, -39.61860, 10.26970,  0.03507
-0.35168,  0.88398, 504.49365, -39.61860, 10.34750,  0.05260
-0.35168,  0.70718, 504.84448, -39.69546, 10.42530,  0.00000
-0.43961,  0.70718, 504.14282, -39.77231, 10.38640,  0.01753
-0.52753,  0.70718, 506.24780, -39.96445, 10.19190,  0.03507
-0.61545,  0.79558, 505.19531, -39.96445, 10.23080, -0.01753
-0.96713,  0.61879, 506.24780, -40.11816, 10.19190, -0.01753
-0.96713,  0.08840, 505.89697, -40.07973, 10.07520, -0.08767
-0.70337,  0.08840, 507.30029, -40.31030, 10.23080, -0.01753
-0.87921,  0.17680, 506.59863, -40.23344, 10.19190, -0.05260
-0.70337, -0.08840, 507.65112, -40.46400, 10.23080, -0.05260
-0.52753,  0.26519, 505.89697, -40.11816, 10.26970,  0.03507
-0.96713,  0.70718, 506.24780, -40.34872, 10.38640,  0.01753
-0.79129,  0.35359, 505.19531, -40.34872, 10.46420,  0.00000
-0.87921,  0.17680, 503.09033, -40.19501, 10.26970, -0.14027
-1.05505,  0.35359, 504.84448, -40.34872, 10.54200, -0.03507
-0.43961,  0.44199, 504.49365, -40.27187, 10.54200, -0.07014
-1.23090,  0.70718, 505.89697, -40.23344, 10.50310, -0.05260
-1.40674,  0.44199, 505.19531, -40.61771, 10.73650,  0.00000
-1.05505,  0.44199, 505.54614, -40.57928, 10.65870,  0.00000
-0.87921,  0.00000, 504.84448, -40.80985, 10.85320, -0.10521
-1.23090,  0.53039, 505.89697, -40.73299, 10.73650, -0.07014
-1.05505,  0.26519, 504.84448, -40.73299, 10.69760, -0.03507
-1.05505,  0.44199, 505.54614, -40.88670, 10.93101, -0.05260
-1.23090, -0.26519, 504.84448, -40.73299, 10.93101, -0.03507
-1.05505,  0.35359, 505.54614, -40.88670, 10.96991, -0.07014
-1.14297, -0.08840, 504.49365, -40.88670, 10.73650, -0.07014
-1.14297,  0.00000, 504.84448, -40.84827, 10.89211, -0.01753
-1.31882,  0.35359, 505.54614, -40.92513, 11.00881,  0.07014
-1.14297,  0.26519, 505.19531, -40.88670, 10.96991, -0.01753
-1.40674,  0.00000, 506.24780, -40.92513, 11.12551,  0.05260
-1.23090,  0.35359, 505.54614, -41.19412, 11.12551,  0.00000
-1.23090,  0.17680, 506.59863, -41.00198, 11.16441,  0.03507
-1.05505,  0.00000, 505.19531, -41.27098, 11.16441,  0.03507
-1.14297, -0.35359, 505.54614, -41.23255, 11.04771,  0.01753
-1.31882,  0.08840, 506.94946, -41.27098, 10.96991,  0.00000
-0.96713, -0.35359, 505.89697, -41.19412, 11.16441,  0.05260
-1.31882,  0.00000, 505.89697, -41.07884, 11.12551,  0.03507
-1.31882,  0.26519, 505.19531, -41.23255, 11.24221, -0.05260
-0.96713,  0.00000, 504.14282, -41.23255, 11.20331, -0.01753
-1.31882,  0.00000, 503.44116, -41.11727, 11.12551,  0.03507
-1.31882,  0.17680, 503.09033, -41.04041, 11.00881,  0.01753
-1.05505,  0.00000, 503.09033, -41.34783, 11.04771, -0.03507
-1.49466,  0.00000, 502.03784, -41.42469, 11.24221,  0.00000
-1.58258, -0.17680, 502.73950, -41.34783, 11.08661,  0.01753
-1.14297, -0.44199, 505.19531, -41.42469, 11.12551,  0.03507
-1.31882, -0.44199, 505.19531, -41.57840, 11.20331,  0.05260
-1.05505, -0.61879, 505.19531, -41.69368, 11.24221,  0.03507
-1.14297, -0.61879, 504.14282, -41.73211, 11.24221,  0.05260
-0.87921, -0.26519, 505.89697, -41.77053, 11.24221,  0.10521
-0.87921, -0.08840, 504.49365, -41.77053, 11.32001,  0.03507
-1.31882, -0.17680, 506.59863, -41.88582, 11.12551,  0.10521
-0.96713,  0.00000, 505.89697, -41.77053, 11.24221,  0.14027
-0.96713, -0.08840, 504.84448, -41.77053, 11.43671,  0.12274
-1.14297, -0.26519, 505.19531, -41.57840, 11.51451,  0.05260
-1.23090,  0.00000, 506.24780, -41.61682, 11.28111,  0.07014
-1.23090, -0.26519, 503.09033, -41.69368, 11.16441,  0.03507
-1.23090, -0.17680, 506.24780, -41.65525, 11.39781,  0.03507
-1.05505, -0.53039, 505.54614, -41.73211, 11.16441,  0.01753
-1.40674, -0.35359, 506.59863, -41.65525, 11.20331,  0.01753
-1.05505, -0.53039, 507.30029, -41.61682, 11.28111, -0.07014
-1.23090, -0.44199, 506.59863, -41.80896, 11.24221,  0.03507
-1.40674, -0.08840, 505.54614, -41.73211, 11.32001,  0.00000
-0.79129, -0.35359, 506.59863, -41.80896, 11.39781, -0.05260
-0.87921, -0.08840, 506.59863, -41.61682, 11.47561, -0.01753
-1.23090,  0.08840, 505.54614, -41.57840, 11.47561, -0.07014
-0.79129,  0.17680, 505.89697, -41.42469, 11.35891, -0.01753
-1.49466,  0.08840, 505.19531, -41.34783, 11.47561,  0.01753
-0.87921,  0.08840, 505.89697, -41.57840, 11.35891,  0.00000
-0.87921,  0.00000, 507.30029, -41.50154, 11.43671, -0.12274
-1.23090, -0.17680, 504.84448, -41.53997, 11.43671, -0.08767
-0.79129,  0.00000, 505.89697, -41.38626, 11.67011, -0.07014
-0.96713, -0.17680, 503.09033, -41.30940, 11.47561,  0.01753
-1.14297, -0.26519, 504.14282, -41.38626, 11.39781, -0.01753
-1.58258,  0.26519, 504.14282, -41.23255, 11.51451, -0.01753
-0.96713,  0.08840, 504.14282, -41.19412, 11.43671,  0.00000
-1.40674,  0.08840, 505.54614, -41.38626, 11.70901,  0.05260
-0.79129,  0.08840, 506.59863, -41.23255, 11.59231,  0.00000
-1.14297,  0.35359, 506.24780, -41.42469, 11.51451, -0.03507
-1.05505, -0.08840, 508.35278, -41.34783, 11.47561,  0.12274
-0.87921,  0.35359, 505.54614, -41.38626, 11.59231, -0.01753
-1.05505,  0.17680, 505.19531, -41.34783, 11.70901,  0.05260
-0.96713, -0.26519, 506.24780, -41.27098, 11.63121, -0.07014
-0.87921,  0.44199, 506.24780, -41.34783, 11.74791,  0.00000
-1.31882,  0.53039, 504.49365, -41.30940, 11.78681, -0.01753
-1.05505,  0.00000, 506.24780, -41.38626, 11.67011,  0.00000
-1.05505,  0.26519, 505.89697, -41.46311, 11.67011, -0.05260
-0.87921,  0.26519, 503.79199, -41.30940, 11.67011, -0.07014
-1.14297, -0.17680, 504.14282, -41.46311, 11.78681, -0.01753
-1.58258,  0.35359, 505.19531, -41.73211, 11.78681, -0.07014
-1.40674,  0.17680, 505.19531, -41.73211, 11.82571, -0.03507
-1.58258,  0.00000, 505.89697, -41.53997, 12.02022,  0.00000
-1.84634, -0.08840, 505.54614, -41.84739, 12.29252, -0.07014
-1.84634, -0.26519, 505.89697, -41.88582, 12.09802, -0.07014
-2.02219, -0.17680, 506.94946, -41.84739, 12.13692, -0.01753
-1.93427, -0.53039, 506.59863, -42.03953, 12.21472, -0.07014
-1.93427, -0.70718, 505.54614, -41.88582, 12.33142,  0.03507
-2.28595, -0.53039, 506.59863, -41.96267, 12.17582, -0.05260
-2.11011, -0.61879, 505.54614, -41.88582, 12.48702, -0.07014
-1.84634, -0.44199, 505.54614, -42.11638, 12.29252,  0.00000
-1.58258, -0.26519, 505.54614, -41.96267, 12.40922,  0.05260
-1.58258, -0.35359, 505.54614, -41.92424, 12.52592, -0.01753
-1.84634, -0.08840, 505.89697, -42.11638, 12.33142,  0.07014
-1.58258, -0.26519, 507.30029, -42.03953, 12.48702,  0.00000
-1.49466, -0.53039, 506.94946, -42.15481, 12.60372,  0.03507
-1.84634, -0.44199, 507.30029, -42.27009, 12.52592, -0.05260
-1.75842, -0.70718, 505.89697, -42.19324, 12.48702, -0.01753
-1.84634, -0.44199, 505.89697, -42.27009, 12.37032, -0.03507
-1.67050, -0.70718, 505.89697, -42.11638, 12.52592,  0.00000
-1.67050, -0.88398, 505.89697, -42.27009, 12.52592, -0.08767
-1.58258, -0.44199, 504.14282, -41.80896, 12.40922, -0.08767
-1.84634, -0.61879, 503.09033, -42.07795, 12.48702, -0.03507
-1.58258, -0.61879, 503.44116, -42.00110, 12.40922, -0.07014
-1.40674, -0.35359, 504.49365, -41.96267, 12.44812,  0.00000
-1.40674, -0.26519, 504.14282, -42.15481, 12.29252,  0.00000
-2.19803, -0.53039, 504.14282, -42.15481, 12.40922,  0.01753
-1.58258, -0.35359, 506.59863, -42.11638, 12.60372, -0.03507
-1.49466, -0.53039, 506.94946, -42.11638, 12.64262, -0.01753
-1.67050, -0.08840, 505.19531, -42.23166, 12.48702,  0.01753
-1.67050, -0.17680, 508.00195, -42.11638, 12.44812,  0.00000
-1.93427, -0.26519, 505.89697, -42.07795, 12.44812, -0.05260
-1.58258,  0.00000, 505.89697, -42.00110, 12.44812, -0.07014
-1.40674, -0.17680, 504.84448, -42.15481, 12.44812, -0.15781
-1.49466,  0.17680, 504.84448, -41.69368, 12.52592, -0.07014
-1.75842,  0.35359, 504.84448, -41.88582, 12.52592,  0.00000
-1.58258,  0.70718, 504.14282, -41.73211, 12.29252, -0.07014
-1.49466,  0.08840, 505.54614, -41.80896, 12.25362,  0.00000
-1.84634,  0.53039, 506.94946, -41.77053, 12.33142,  0.00000
-1.49466, -0.08840, 505.54614, -41.96267, 12.21472, -0.07014
-1.49466,  0.26519, 505.89697, -41.96267, 12.09802, -0.05260
-1.40674, -0.17680, 507.30029, -42.11638, 12.21472, -0.05260
-1.14297, -0.35359, 505.19531, -41.92424, 12.17582, -0.03507
-1.14297, -0.26519, 505.19531, -41.96267, 12.09802, -0.05260
-1.14297, -0.08840, 504.49365, -41.88582, 11.98132, -0.01753
-1.40674,  0.35359, 504.84448, -41.96267, 12.21472, -0.07014
-1.23090, -0.44199, 504.49365, -41.84739, 12.02022, -0.01753
-1.31882, -0.17680, 505.19531, -41.84739, 11.98132, -0.07014
-1.31882,  0.00000, 505.19531, -41.69368, 11.82571,  0.08767
-1.05505, -0.35359, 504.84448, -41.88582, 11.82571,  0.00000
-0.96713, -0.35359, 505.19531, -41.84739, 11.94242, -0.01753
-1.23090, -0.61879, 505.54614, -41.88582, 11.63121, -0.03507
-1.40674, -0.61879, 505.54614, -42.00110, 11.78681,  0.00000
-1.05505, -0.53039, 506.24780, -41.88582, 12.05912,  0.03507
-0.87921, -0.61879, 505.89697, -41.92424, 11.86461,  0.01753
-0.96713, -0.26519, 505.89697, -41.92424, 11.82571, -0.03507
-0.96713, -0.79558, 505.19531, -41.69368, 11.74791,  0.03507
-0.96713, -0.53039, 506.59863, -41.84739, 11.78681,  0.01753
-0.96713, -0.53039, 505.54614, -41.77053, 11.98132,  0.03507
-1.05505, -0.35359, 506.24780, -41.80896, 11.74791,  0.05260
-0.96713, -0.17680, 505.54614, -41.80896, 11.82571,  0.07014
-1.23090,  0.08840, 507.65112, -41.73211, 11.70901,  0.05260
-1.14297, -0.08840, 505.19531, -41.42469, 11.74791, -0.01753
-0.96713, -0.08840, 505.54614, -41.61682, 11.74791, -0.05260
-0.96713, -0.17680, 504.49365, -41.50154, 11.55341, -0.01753
-0.87921, -0.08840, 506.59863, -41.65525, 11.51451,  0.07014
-1.14297,  0.08840, 505.89697, -41.50154, 11.51451,  0.00000
-0.87921, -0.08840, 506.24780, -41.57840, 11.59231,  0.01753
-0.52753,  0.08840, 506.59863, -41.50154, 11.59231,  0.05260
-0.87921,  0.00000, 507.30029, -41.53997, 11.55341,  0.00000
-0.87921, -0.35359, 506.59863, -41.53997, 11.67011,  0.01753
-1.23090, -0.08840, 507.65112, -41.69368, 11.55341,  0.00000
-1.05505, -0.26519, 505.19531, -41.73211, 11.63121,  0.03507
-1.05505, -0.53039, 506.59863, -41.73211, 11.70901,  0.05260
-0.79129, -0.17680, 504.14282, -41.65525, 11.78681, -0.03507
-1.05505, -0.26519, 506.94946, -41.65525, 11.78681,  0.03507
-0.96713, -0.26519, 503.79199, -41.53997, 11.86461,  0.01753
-1.40674,  0.00000, 504.84448, -41.30940, 11.78681,  0.05260
-1.14297, -0.08840, 505.19531, -41.42469, 11.70901, -0.03507
-0.87921, -0.53039, 504.84448, -41.42469, 11.74791,  0.01753
-1.05505,  0.08840, 503.44116, -41.50154, 11.70901, -0.08767
-0.79129, -0.17680, 505.54614, -41.57840, 11.70901,  0.03507
-0.79129, -0.35359, 506.24780, -41.42469, 11.63121, -0.03507
-0.79129, -0.61879, 506.94946, -41.42469, 11.70901, -0.01753
-0.96713, -0.79558, 505.89697, -41.50154, 11.86461,  0.07014
-0.96713, -0.53039, 505.19531, -41.34783, 11.82571,  0.01753
-0.79129, -0.44199, 506.24780, -41.23255, 11.74791,  0.10521
-0.96713, -0.53039, 504.49365, -41.27098, 11.70901,  0.01753
-1.05505, -0.08840, 505.19531, -40.92513, 11.78681,  0.07014
-1.14297, -0.44199, 504.49365, -40.84827, 11.70901, -0.01753
-1.05505, -0.08840, 504.14282, -40.84827, 11.63121,  0.01753
-1.05505,  0.35359, 502.73950, -40.61771, 11.55341,  0.00000
-1.23090,  0.53039, 503.09033, -40.57928, 11.63121,  0.03507
-0.96713,  0.17680, 504.49365, -40.46400, 11.70901, -0.10521
-1.31882,  0.44199, 503.44116, -40.57928, 11.59231, -0.03507
-0.70337,  0.53039, 503.44116, -40.65614, 11.70901,  0.00000
-1.14297,  0.35359, 506.24780, -40.61771, 11.94242, -0.03507
-0.79129,  0.26519, 505.89697, -40.65614, 11.82571, -0.01753
-1.05505,  0.35359, 505.89697, -40.46400, 12.02022, -0.01753
-1.23090,  0.61879, 506.94946, -40.69456, 11.94242,  0.03507
-0.79129,  0.53039, 507.65112, -40.54086, 11.98132,  0.01753
-1.58258,  0.44199, 507.65112, -40.54086, 12.05912, -0.10521
-1.05505,  0.35359, 506.24780, -40.38715, 12.05912,  0.01753
-0.87921,  0.17680, 507.30029, -40.34872, 11.94242,  0.01753
-1.23090,  0.53039, 505.19531, -40.54086, 11.82571, -0.05260
-1.23090,  0.17680, 506.94946, -40.11816, 12.05912, -0.05260
-1.49466,  0.61879, 504.49365, -40.11816, 12.09802,  0.03507
-1.49466,  0.70718, 503.79199, -40.19501, 12.05912, -0.12274
-1.23090,  0.70718, 503.44116, -40.15659, 11.82571, -0.07014
-1.49466,  0.79558, 505.19531, -40.11816, 12.02022, -0.03507
-1.40674,  1.06078, 505.19531, -40.23344, 12.02022, -0.03507
-1.49466,  0.70718, 506.94946, -40.19501, 12.05912,  0.00000
-1.14297,  0.35359, 505.89697, -40.27187, 12.21472, -0.01753
-1.58258,  0.79558, 506.24780, -40.23344, 11.94242, -0.07014
-1.23090,  0.70718, 506.24780, -40.38715, 11.94242, -0.01753
-1.40674,  0.35359, 506.24780, -40.46400, 12.02022, -0.08767
-1.67050,  0.35359, 506.94946, -40.27187, 11.98132, -0.01753
-1.75842,  0.17680, 505.19531, -40.38715, 12.09802, -0.01753
-1.31882,  0.00000, 504.49365, -40.31030, 12.02022,  0.01753
-1.40674,  0.17680, 505.54614, -40.46400, 11.90351, -0.01753
-1.58258,  0.26519, 504.49365, -40.23344, 12.17582,  0.00000
-0.96713, -0.26519, 505.54614, -40.50243, 12.05912,  0.12274
-0.96713, -0.35359, 505.19531, -40.73299, 12.05912,  0.01753
-1.05505,  0.00000, 503.79199, -40.57928, 12.09802,  0.05260
-1.31882, -0.53039, 504.14282, -40.77142, 12.09802, -0.05260
-1.05505, -0.35359, 505.54614, -40.73299, 11.90351, -0.01753
-1.23090, -0.70718, 504.84448, -40.84827, 12.05912,  0.03507
-1.31882, -0.61879, 504.84448, -40.73299, 11.94242,  0.05260
-1.23090, -0.70718, 505.54614, -40.80985, 12.02022,  0.00000
-1.31882, -0.26519, 506.24780, -40.73299, 11.98132, -0.07014
-1.23090, -0.26519, 505.89697, -40.65614, 11.94242,  0.03507
-1.14297,  0.00000, 505.54614, -40.61771, 11.90351, -0.01753
-1.23090, -0.26519, 504.49365, -40.69456, 11.86461, -0.07014
-1.49466,  0.08840, 506.59863, -40.54086, 11.86461, -0.12274
-0.96713, -0.53039, 505.89697, -40.84827, 11.90351,  0.00000
-1.23090, -0.35359, 505.54614, -40.84827, 11.82571, -0.08767
-0.96713, -0.88398, 506.94946, -40.77142, 11.74791, -0.05260
-1.14297, -0.79558, 505.54614, -40.69456, 11.78681,  0.00000
-1.05505, -0.70718, 505.54614, -40.65614, 11.78681, -0.03507
-1.14297, -0.35359, 503.79199, -40.42558, 11.74791, -0.03507
-1.23090, -0.17680, 502.73950, -40.50243, 11.70901, -0.03507
-1.31882, -0.44199, 505.54614, -40.61771, 11.63121,  0.03507
-1.40674, -0.26519, 506.24780, -40.54086, 11.63121,  0.00000
-0.79129, -0.26519, 504.14282, -40.57928, 11.70901,  0.00000
-1.40674, -0.08840, 505.19531, -40.54086, 11.70901, -0.01753
-1.14297, -0.17680, 506.24780, -40.38715, 11.55341,  0.10521
-0.96713, -0.53039, 504.84448, -40.57928, 11.63121, -0.01753
-1.23090, -0.17680, 504.49365, -40.61771, 11.63121,  0.01753
-0.96713, -0.17680, 507.30029, -40.42558, 11.63121,  0.03507
-1.23090, -0.35359, 506.59863, -40.46400, 11.70901,  0.03507
-1.40674,  0.00000, 504.84448, -40.54086, 11.70901, -0.01753
-1.31882, -0.26519, 506.59863, -40.31030, 11.63121,  0.00000
-0.79129,  0.35359, 506.94946, -40.31030, 11.51451,  0.00000
-0.43961,  0.08840, 506.94946, -40.27187, 11.47561,  0.00000
-0.87921, -0.08840, 506.94946, -40.27187, 11.47561,  0.07014
-0.96713,  0.17680, 505.54614, -40.34872, 11.70901,  0.07014
-0.61545, -0.53039, 506.24780, -40.27187, 11.63121,  0.12274
-0.96713, -0.61879, 505.89697, -40.23344, 11.67011,  0.10521
-0.61545, -0.35359, 504.84448, -40.04131, 11.51451,  0.03507
-1.23090, -0.26519, 503.79199, -39.96445, 11.51451,  0.12274
-0.87921, -0.61879, 504.14282, -39.92602, 11.43671,  0.00000
-0.79129, -0.35359, 503.09033, -39.92602, 11.39781, -0.01753
-1.14297,  0.08840, 504.14282, -39.77231, 11.47561, -0.01753
-0.79129, -0.08840, 504.49365, -40.00288, 11.47561,  0.01753
-0.52753, -0.17680, 504.84448, -39.84917, 11.47561, -0.01753
-1.05505, -0.08840, 505.89697, -40.00288, 11.35891,  0.01753
-1.05505, -0.17680, 505.54614, -39.81074, 11.35891,  0.07014
-0.79129, -0.08840, 505.89697, -39.84917, 11.47561,  0.05260
-1.14297, -0.53039, 506.94946, -40.04131, 11.28111,  0.03507
-0.79129, -0.44199, 507.65112, -39.96445, 11.47561,  0.08767
-1.05505, -0.70718, 506.94946, -39.88760, 11.51451,  0.07014
-0.79129, -0.53039, 505.54614, -39.81074, 11.47561,  0.01753
-0.70337, -0.61879, 504.84448, -39.73389, 11.70901,  0.10521
-0.70337, -0.35359, 504.49365, -39.69546, 11.59231, -0.03507
-1.31882, -0.44199, 504.84448, -39.73389, 11.39781,  0.07014
-0.87921, -0.17680, 505.19531, -39.54175, 11.59231,  0.10521
-0.96713, -0.17680, 504.49365, -39.61860, 11.47561,  0.08767
-1.14297,  0.17680, 506.24780, -39.42647, 11.51451,  0.08767
-0.87921,  0.17680, 504.49365, -39.31118, 11.59231, -0.01753
-1.23090, -0.26519, 506.24780, -39.61860, 11.47561,  0.00000
-0.96713, -0.53039, 506.24780, -39.50332, 11.59231, -0.05260
-1.05505, -0.61879, 505.19531, -39.46489, 11.63121,  0.08767
-1.05505, -0.61879, 505.89697, -39.50332, 11.55341,  0.08767
-0.87921, -0.26519, 506.59863, -39.58018, 11.51451, -0.07014
-1.40674, -0.26519, 505.19531, -39.27276, 11.51451,  0.03507
-1.14297,  0.08840, 505.19531, -39.11905, 11.55341,  0.03507
-0.79129, -0.17680, 504.49365, -39.08062, 11.47561,  0.07014
-0.52753,  0.08840, 504.84448, -39.04219, 11.32001,  0.00000
-0.87921,  0.08840, 505.19531, -38.77320, 11.59231,  0.00000
-0.79129,  0.08840, 505.54614, -38.96534, 11.51451,  0.12274
-0.61545, -0.17680, 504.49365, -38.92691, 11.43671,  0.03507
-0.52753, -0.35359, 504.84448, -38.85005, 11.47561,  0.07014
-0.79129, -0.35359, 505.19531, -38.85005, 11.43671,  0.01753
-0.43961, -0.35359, 504.49365, -38.81163, 11.47561,  0.00000
-0.61545, -0.17680, 504.49365, -38.81163, 11.24221,  0.03507
-0.35168, -0.53039, 504.49365, -38.77320, 11.47561,  0.00000
-0.79129,  0.17680, 507.30029, -38.61949, 11.35891, -0.01753
-0.26376, -0.17680, 504.49365, -38.58106, 11.39781,  0.03507
-0.70337,  0.00000, 506.59863, -38.73477, 11.47561, -0.01753
-0.87921,  0.00000, 506.59863, -38.65792, 11.43671,  0.01753
-0.96713,  0.26519, 508.70361, -38.81163, 11.70901,  0.01753
-0.79129,  0.00000, 506.59863, -38.58106, 11.59231,  0.00000
-0.96713,  0.00000, 507.30029, -38.50421, 11.67011,  0.01753
-0.96713, -0.08840, 506.24780, -38.58106, 11.82571,  0.03507
-0.96713,  0.17680, 506.24780, -38.50421, 11.90351, -0.03507
-0.96713, -0.08840, 505.89697, -38.38892, 12.02022,  0.03507
-1.23090,  0.00000, 505.19531, -38.15836, 11.98132, -0.08767
-1.23090,  0.08840, 503.44116, -38.31207, 12.09802,  0.01753
-0.87921,  0.35359, 504.49365, -38.19679, 12.05912,  0.00000
-0.87921,  0.44199, 505.54614, -38.08150, 12.29252,  0.08767
-1.49466,  0.08840, 504.84448, -37.96622, 12.25362,  0.07014
-0.87921,  0.35359, 505.19531, -38.11993, 12.29252, -0.08767
-1.40674,  0.53039, 504.49365, -38.04308, 12.40922, -0.01753
-1.31882,  0.61879, 505.19531, -38.00465, 12.52592, -0.03507
-1.40674,  0.53039, 505.89697, -37.88937, 12.48702, -0.03507
-1.23090,  0.26519, 506.94946, -38.00465, 12.56482, -0.07014
-1.58258,  0.79558, 506.24780, -37.88937, 12.48702, -0.05260
-1.58258,  0.35359, 506.24780, -37.77409, 12.48702, -0.01753
-1.58258,  0.08840, 506.59863, -38.00465, 12.52592,  0.01753
-1.49466,  0.44199, 507.30029, -37.81252, 12.87602, -0.07014
-1.49466,  0.35359, 505.89697, -37.77409, 12.75932,  0.01753
-1.58258,  0.35359, 504.84448, -37.77409, 12.83712, -0.08767
-1.75842,  0.44199, 506.94946, -37.69724, 12.83712,  0.03507
-1.49466,  0.44199, 505.19531, -37.46667, 12.91492,  0.05260
-1.84634,  0.70718, 505.89697, -37.65881, 12.83712,  0.00000
-1.58258,  0.35359, 504.49365, -37.65881, 12.79822,  0.00000
-1.67050,  0.53039, 505.54614, -37.58195, 12.91492,  0.01753
-1.40674,  0.44199, 506.24780, -37.42825, 12.72042, -0.03507
-1.75842,  0.00000, 505.54614, -37.46667, 12.75932,  0.00000
-1.84634,  0.44199, 505.54614, -37.31296, 12.87602, -0.07014
-1.84634,  0.08840, 504.49365, -37.23611, 12.72042,  0.00000
-2.02219,  0.35359, 503.44116, -37.35139, 12.72042,  0.00000
-1.84634,  0.08840, 503.79199, -37.08240, 12.95382,  0.00000
-1.75842,  0.44199, 504.49365, -37.08240, 12.87602,  0.03507
-1.93427,  0.08840, 503.44116, -37.15925, 12.91492,  0.00000
-1.58258,  0.00000, 505.19531, -37.23611, 12.83712,  0.00000
-1.31882, -0.26519, 506.59863, -37.12083, 12.91492, -0.01753
-1.23090,  0.08840, 506.24780, -37.27454, 12.95382, -0.07014
-1.67050,  0.00000, 505.54614, -37.19768, 13.07053,  0.05260
-1.40674,  0.35359, 505.89697, -37.35139, 13.07053,  0.00000
-1.58258,  0.00000, 505.89697, -37.15925, 13.10943, -0.01753
-1.58258,  0.08840, 505.89697, -37.12083, 13.10943,  0.07014
-1.75842,  0.00000, 504.14282, -37.00554, 13.22613,  0.03507
-1.84634,  0.26519, 504.84448, -36.96712, 13.14833,  0.01753
-1.67050,  0.53039, 504.84448, -36.77498, 13.26503, -0.01753
-1.58258,  0.53039, 504.49365, -36.89026, 13.10943, -0.01753
-1.67050,  0.44199, 505.19531, -36.69812, 12.91492, -0.07014
-1.49466,  0.26519, 505.54614, -36.96712, 13.07053, -0.03507
-1.49466,  0.00000, 506.59863, -36.85183, 13.03163,  0.00000
-1.58258,  0.08840, 505.89697, -37.00554, 13.10943, -0.08767
-1.58258,  0.08840, 505.54614, -36.92869, 12.99273, -0.10521
-1.58258,  0.00000, 505.89697, -36.89026, 13.07053, -0.12274
-1.49466,  0.00000, 506.94946, -36.96712, 13.22613, -0.05260
-1.75842, -0.17680, 506.24780, -37.04397, 13.10943, -0.07014
-1.84634,  0.17680, 505.19531, -36.89026, 13.18723, -0.08767
-2.02219,  0.26519, 504.84448, -36.85183, 13.30393, -0.07014
-2.02219,  0.08840, 504.14282, -36.92869, 13.18723, -0.12274
-1.84634,  0.44199, 504.84448, -36.65970, 13.34283, -0.08767
-1.84634,  0.44199, 504.84448, -36.73655, 13.22613, -0.10521
-1.75842,  0.08840, 503.79199, -36.62127, 13.30393, -0.08767
-1.84634,  0.08840, 505.19531, -36.73655, 13.30393, -0.10521
-1.49466,  0.17680, 505.19531, -36.65970, 13.07053, -0.12274
-1.67050,  0.61879, 504.49365, -36.54441, 13.22613, -0.08767
-1.93427,  0.44199, 505.19531, -36.46756, 13.18723, -0.10521
-1.67050,  0.44199, 505.19531, -36.39070, 13.30393, -0.03507
-1.84634,  0.44199, 504.14282, -36.27542, 13.18723, -0.01753
-1.67050,  0.61879, 505.19531, -36.12171, 13.14833, -0.01753
-1.49466,  0.79558, 504.84448, -36.31385, 13.22613,  0.07014
-1.84634,  0.44199, 507.65112, -36.23699, 13.22613,  0.00000
-1.67050,  0.88398, 506.94946, -36.19857, 13.14833,  0.01753
-1.93427,  0.61879, 505.54614, -36.00643, 13.03163,  0.00000
-1.75842,  0.26519, 506.59863, -36.00643, 13.14833,  0.01753
-1.49466,  0.79558, 505.89697, -35.89115, 12.87602, -0.03507
-1.58258,  0.79558, 504.49365, -35.89115, 13.03163, -0.07014
-1.58258,  0.61879, 505.89697, -35.89115, 12.83712, -0.01753
-1.67050,  0.44199, 505.19531, -35.73744, 12.99273, -0.07014
-1.67050,  0.70718, 504.14282, -35.77586, 12.95382, -0.10521
-1.31882,  1.06078, 504.14282, -35.73744, 12.99273, -0.05260
-1.49466,  0.44199, 503.79199, -35.73744, 13.07053, -0.05260
-1.58258,  0.44199, 505.54614, -35.69901, 12.75932,  0.01753
-1.31882,  0.70718, 505.89697, -35.69901, 12.99273, -0.07014
-0.96713,  0.61879, 503.79199, -35.85272, 12.91492,  0.01753
-1.23090, -0.17680, 505.54614, -35.85272, 12.83712, -0.01753
-0.96713,  0.17680, 506.24780, -36.08328, 12.83712, -0.03507
-1.31882,  0.08840, 504.84448, -35.92957, 12.75932, -0.03507
-1.40674,  0.17680, 506.94946, -36.08328, 12.72042, -0.01753
-1.58258,  0.44199, 505.54614, -36.04486, 12.64262, -0.05260
-1.14297,  0.00000, 504.49365, -35.85272, 12.87602,  0.00000
-1.31882,  0.26519, 505.54614, -35.85272, 12.75932,  0.05260
-1.23090,  0.35359, 505.54614, -35.77586, 12.56482, -0.01753
-1.05505,  0.08840, 504.84448, -35.89115, 12.68152, -0.03507
-1.23090,  0.44199, 506.24780, -35.81429, 12.64262,  0.01753
-1.23090,  0.44199, 505.89697, -35.89115, 12.52592,  0.05260
-0.79129,  0.35359, 503.09033, -35.77586, 12.60372,  0.00000
-1.14297,  0.53039, 505.54614, -35.77586, 12.64262,  0.07014
-0.79129,  0.70718, 505.54614, -35.81429, 12.33142, -0.03507
-1.31882,  0.17680, 506.24780, -36.00643, 12.48702,  0.07014
-1.49466,  0.26519, 506.24780, -35.85272, 12.52592,  0.03507
-1.14297,  0.44199, 505.19531, -35.85272, 12.48702,  0.00000
-1.49466,  0.44199, 505.54614, -35.96800, 12.29252, -0.03507
-1.14297,  0.26519, 507.30029, -35.77586, 12.48702, -0.07014
-1.40674, -0.08840, 504.49365, -35.92957, 12.21472, -0.01753
-1.31882,  0.08840, 505.19531, -36.04486, 12.05912,  0.03507
-1.05505,  0.17680, 504.14282, -36.00643, 12.05912,  0.00000
-1.23090,  0.17680, 503.09033, -35.85272, 12.05912,  0.03507
-0.79129,  0.44199, 505.89697, -35.85272, 12.13692,  0.03507
-0.96713,  0.17680, 505.89697, -35.92957, 12.09802,  0.05260
-0.52753, -0.08840, 505.54614, -35.92957, 11.98132,  0.01753
-0.96713,  0.00000, 505.54614, -35.81429, 11.94242,  0.07014
-0.35168,  0.08840, 507.30029, -36.12171, 12.02022,  0.10521
-0.79129, -0.08840, 506.94946, -36.00643, 11.90351,  0.12274
-0.43961,  0.08840, 505.89697, -35.81429, 12.02022,  0.10521
-1.05505,  0.17680, 506.59863, -36.04486, 12.09802, -0.01753
-0.87921,  0.53039, 504.84448, -35.85272, 12.05912,  0.03507
-1.31882,  0.35359, 505.54614, -35.66058, 11.90351,  0.08767
-1.05505,  0.26519, 504.14282, -35.66058, 11.82571,  0.01753
-0.96713,  0.35359, 504.49365, -35.66058, 12.09802, -0.10521
-1.14297,  0.26519, 506.24780, -35.54530, 11.74791, -0.03507
-1.05505,  0.53039, 503.79199, -35.39159, 11.82571, -0.05260
-0.70337,  0.53039, 507.65112, -35.58373, 11.90351,  0.01753
-0.87921,  0.70718, 504.14282, -35.62215, 11.98132, -0.08767
-0.96713,  0.70718, 504.84448, -35.58373, 12.02022,  0.05260
-0.79129,  0.61879, 505.54614, -35.58373, 11.90351, -0.05260
-0.79129,  0.70718, 505.89697, -35.66058, 11.70901, -0.03507
-0.61545,  0.79558, 508.00195, -35.54530, 11.78681, -0.05260
-0.52753,  0.70718, 506.94946, -35.62215, 11.86461, -0.03507
-0.70337,  0.79558, 506.59863, -35.46844, 11.78681,  0.01753
-0.70337,  0.88398, 506.59863, -35.19946, 11.94242, -0.03507
-1.05505,  0.79558, 506.59863, -35.19946, 11.82571,  0.08767
-0.79129,  0.88398, 505.89697, -35.23788, 11.94242,  0.03507
-0.52753,  1.14917, 504.49365, -35.27631, 11.74791,  0.07014
-0.52753,  0.79558, 504.84448, -35.23788, 11.86461, -0.01753
-0.61545,  1.32597, 504.49365, -35.31474, 11.86461,  0.00000
-0.96713,  0.53039, 505.54614, -35.54530, 11.78681, -0.05260
-0.70337,  0.53039, 505.19531, -35.35316, 12.02022,  0.10521
-0.96713,  0.35359, 505.54614, -35.58373, 11.82571, -0.01753
-1.14297,  0.79558, 505.54614, -35.54530, 11.94242,  0.08767
-0.79129,  0.26519, 504.49365, -35.54530, 11.86461,  0.00000
-0.87921,  0.26519, 505.89697, -35.62215, 11.98132,  0.01753
-0.96713, -0.08840, 505.54614, -35.66058, 11.98132, -0.03507
-1.31882,  0.61879, 504.84448, -35.62215, 12.05912,  0.00000
-0.79129,  0.44199, 505.89697, -35.43002, 11.90351,  0.03507
-0.79129,  0.00000, 505.19531, -35.62215, 12.13692,  0.05260
-1.05505,  0.61879, 504.49365, -35.54530, 12.21472,  0.00000
-0.79129,  0.61879, 505.89697, -35.73744, 12.17582, -0.01753
-0.96713,  0.61879, 505.54614, -35.85272, 12.25362,  0.03507
-0.79129,  0.70718, 506.24780, -35.50687, 12.33142,  0.03507
-0.96713,  0.53039, 506.94946, -35.46844, 12.40922, -0.01753
-0.79129,  0.44199, 505.19531, -35.62215, 12.33142,  0.01753
-0.96713,  0.35359, 504.49365, -35.77586, 12.25362, -0.03507
-1.05505,  0.44199, 503.79199, -35.89115, 12.25362, -0.03507
-0.96713,  0.79558, 505.89697, -35.96800, 12.44812, -0.10521
-1.14297,  0.00000, 506.24780, -35.81429, 12.48702,  0.00000
-1.31882, -0.08840, 505.19531, -35.96800, 12.37032,  0.01753
-1.31882,  0.17680, 504.49365, -35.96800, 12.60372,  0.01753
-1.31882,  0.08840, 505.89697, -36.00643, 12.68152, -0.01753
-1.23090,  0.08840, 505.54614, -36.08328, 12.60372, -0.01753
-1.23090,  0.00000, 505.89697, -35.96800, 12.56482, -0.03507
-1.31882,  0.53039, 505.89697, -35.96800, 12.40922, -0.08767
-1.40674,  0.44199, 505.89697, -36.04486, 12.79822, -0.05260
-1.75842,  0.44199, 506.94946, -36.08328, 12.64262, -0.08767
-1.49466,  0.08840, 506.24780, -36.31385, 12.83712, -0.05260
-1.31882, -0.08840, 504.14282, -36.31385, 12.79822, -0.05260
-1.49466,  0.08840, 505.89697, -36.31385, 12.83712,  0.01753
-1.49466, -0.08840, 505.19531, -36.50599, 13.07053,  0.01753
-1.31882, -0.17680, 505.54614, -36.62127, 12.83712,  0.01753
-1.31882, -0.44199, 506.59863, -36.46756, 13.10943, -0.05260
-1.23090, -0.44199, 503.44116, -36.73655, 13.18723,  0.01753
-1.58258, -0.79558, 504.14282, -36.62127, 12.91492,  0.00000
-1.75842, -0.70718, 505.19531, -36.54441, 13.07053,  0.00000
-1.67050, -0.61879, 502.73950, -36.73655, 13.03163,  0.03507
-1.14297, -0.79558, 503.09033, -36.58284, 12.99273,  0.03507
-1.31882, -0.53039, 502.73950, -36.58284, 13.07053, -0.07014
-1.67050, -0.26519, 504.49365, -36.65970, 13.10943,  0.01753
-1.58258, -0.61879, 506.24780, -36.54441, 13.03163,  0.07014
-1.40674, -0.26519, 504.14282, -36.65970, 13.14833,  0.01753
-1.40674, -0.61879, 505.89697, -36.65970, 13.10943, -0.03507
-1.67050, -0.79558, 505.19531, -36.81341, 13.30393,  0.01753
-1.84634, -0.70718, 505.89697, -36.92869, 13.26503,  0.00000
-1.58258, -0.88398, 506.24780, -36.85183, 13.30393,  0.01753
-1.58258, -0.61879, 506.24780, -36.89026, 13.22613,  0.00000
-1.67050, -0.61879, 506.94946, -37.15925, 13.22613,  0.03507
-1.84634, -0.26519, 506.94946, -36.89026, 13.22613,  0.08767
-1.93427, -0.26519, 505.89697, -36.77498, 13.38173,  0.00000
-1.40674,  0.00000, 505.19531, -36.77498, 13.30393,  0.05260
-1.84634, -0.08840, 504.84448, -36.65970, 13.30393, -0.03507
-1.67050, -0.17680, 501.68701, -36.73655, 13.38173,  0.00000
-1.67050,  0.08840, 503.44116, -36.54441, 13.49843, -0.03507
-1.75842,  0.08840, 505.19531, -36.69812, 13.34283, -0.01753
-1.93427, -0.17680, 506.59863, -36.73655, 13.34283,  0.03507
-2.02219,  0.26519, 506.59863, -36.81341, 13.14833, -0.03507
-1.31882,  0.00000, 506.94946, -36.81341, 13.45953, -0.03507
-1.58258, -0.08840, 505.54614, -36.85183, 13.34283, -0.05260
-1.75842,  0.00000, 506.59863, -36.69812, 13.38173,  0.07014
-1.75842,  0.00000, 505.19531, -36.77498, 13.38173,  0.00000
-1.93427,  0.35359, 504.49365, -36.69812, 13.42063, -0.01753
-1.93427,  0.00000, 505.54614, -36.69812, 13.38173,  0.01753
-1.75842,  0.00000, 504.84448, -36.42913, 13.38173, -0.12274
-1.67050, -0.17680, 503.44116, -36.42913, 13.26503, -0.07014
-1.58258, -0.17680, 503.79199, -36.50599, 13.30393,  0.00000
-1.67050,  0.26519, 504.49365, -36.42913, 13.38173, -0.03507
-1.67050,  0.26519, 503.79199, -36.23699, 13.34283, -0.05260
-1.14297,  0.35359, 505.54614, -36.35228, 13.18723, -0.10521
-1.49466,  0.26519, 505.19531, -36.35228, 13.30393, -0.03507
-1.14297,  0.00000, 505.19531, -36.46756, 13.38173, -0.01753
-1.58258,  0.35359, 504.49365, -36.31385, 13.38173,  0.07014
-1.58258,  0.17680, 505.89697, -36.42913, 13.30393,  0.00000
-1.49466,  0.08840, 505.54614, -36.42913, 13.30393, -0.10521
-1.40674, -0.08840, 506.59863, -36.42913, 13.34283, -0.01753
-1.58258,  0.35359, 505.54614, -36.27542, 13.30393, -0.01753
-1.23090,  0.08840, 504.84448, -36.31385, 13.18723, -0.03507
-1.49466,  0.00000, 505.89697, -36.23699, 13.18723, -0.05260
-1.58258,  0.17680, 504.84448, -36.19857, 13.14833, -0.05260
-1.93427,  0.70718, 505.19531, -36.04486, 13.14833,  0.00000
-1.23090,  0.44199, 505.89697, -36.04486, 13.07053, -0.07014
-1.40674,  0.26519, 505.89697, -36.12171, 12.99273, -0.08767
-1.40674,  0.00000, 504.49365, -36.31385, 13.03163, -0.01753
-1.31882,  0.53039, 506.24780, -36.23699, 13.03163, -0.10521
-1.05505,  0.44199, 506.24780, -36.04486, 13.07053, -0.08767
-1.75842,  0.35359, 506.24780, -36.23699, 12.91492, -0.03507
-1.58258,  0.17680, 504.49365, -36.04486, 13.03163, -0.12274
-1.31882,  0.70718, 504.84448, -36.12171, 13.03163, -0.14027
-1.67050,  0.88398, 505.54614, -36.19857, 13.03163, -0.07014
-1.49466,  0.61879, 504.84448, -36.04486, 13.10943, -0.07014
-1.14297,  0.61879, 505.54614, -35.89115, 13.10943, -0.10521
-0.96713,  0.97238, 504.49365, -35.81429, 13.22613, -0.05260
-1.40674,  0.70718, 506.24780, -35.81429, 13.03163, -0.03507
-1.84634,  1.06078, 505.89697, -35.54530, 13.30393, -0.15781
-1.58258,  1.41437, 505.54614, -35.31474, 13.14833, -0.14027
-1.84634,  1.32597, 505.19531, -35.54530, 13.18723, -0.14027
-1.84634,  0.97238, 504.84448, -35.35316, 13.18723, -0.05260
-1.67050,  0.97238, 503.44116, -35.31474, 13.18723, -0.14027
-1.58258,  1.23757, 505.89697, -35.35316, 13.18723, -0.14027
-1.67050,  0.97238, 506.59863, -35.46844, 12.91492, -0.15781
-1.49466,  1.14917, 505.19531, -35.58373, 13.14833, -0.08767
-2.02219,  0.97238, 505.54614, -35.58373, 12.95382, -0.17534
-1.23090,  1.06078, 505.19531, -35.66058, 13.07053, -0.08767
-1.49466,  1.14917, 505.54614, -35.50687, 12.99273,  0.01753
-1.31882,  1.14917, 504.49365, -35.27631, 12.91492, -0.07014
-1.31882,  1.50277, 504.14282, -35.31474, 12.91492, -0.01753
-1.58258,  1.59116, 503.79199, -35.08418, 12.87602, -0.08767
-1.58258,  1.85636, 503.44116, -35.00732, 12.83712, -0.05260
-1.58258,  1.94476, 504.14282, -34.89204, 12.64262, -0.10521
-1.40674,  2.03315, 504.14282, -34.93047, 12.64262, -0.05260
-1.05505,  2.03315, 504.49365, -34.93047, 12.44812, -0.07014
-1.58258,  1.94476, 505.54614, -35.00732, 12.60372, -0.07014
-1.31882,  1.67956, 505.89697, -35.04575, 12.68152, -0.03507
-1.58258,  1.59116, 504.84448, -35.39159, 12.56482, -0.03507
-1.58258,  1.85636, 506.59863, -35.35316, 12.52592,  0.00000
-1.14297,  1.50277, 504.84448, -35.31474, 12.33142, -0.05260
-1.31882,  1.50277, 506.24780, -35.50687, 12.40922, -0.01753
-1.40674,  1.41437, 506.24780, -35.50687, 12.37032, -0.01753
-1.23090,  1.50277, 505.54614, -35.54530, 12.40922,  0.01753
-1.23090,  1.50277, 505.19531, -35.50687, 12.33142,  0.03507
-1.49466,  1.59116, 506.24780, -35.58373, 12.33142, -0.07014
-1.49466,  1.67956, 505.19531, -35.66058, 12.09802,  0.03507
-0.96713,  1.50277, 504.84448, -35.66058, 12.37032, -0.03507
-0.96713,  1.06078, 504.84448, -35.85272, 11.90351,  0.00000
-1.58258,  1.85636, 506.59863, -35.85272, 12.09802,  0.03507
-1.14297,  1.41437, 504.84448, -36.08328, 12.13692,  0.00000
-0.96713,  1.41437, 506.24780, -36.16014, 12.17582,  0.05260
-1.58258,  1.32597, 506.59863, -36.04486, 12.05912,  0.07014
-1.14297,  1.32597, 506.59863, -36.27542, 12.13692,  0.03507
-1.31882,  1.59116, 505.89697, -36.31385, 11.90351,  0.00000
-1.23090,  1.23757, 504.49365, -36.46756, 12.09802,  0.08767
-1.23090,  1.14917, 505.89697, -36.50599, 11.94242,  0.03507
-1.23090,  1.32597, 504.49365, -36.54441, 12.21472,  0.08767
-1.31882,  1.32597, 506.94946, -36.65970, 11.78681,  0.00000
-1.23090,  1.23757, 504.49365, -36.69812, 11.74791, -0.05260
-1.23090,  1.23757, 506.94946, -36.85183, 11.70901,  0.01753
-1.40674,  1.14917, 504.49365, -37.15925, 11.74791,  0.03507
-0.79129,  1.06078, 506.94946, -37.15925, 11.74791,  0.07014
-1.31882,  1.23757, 506.94946, -37.42825, 11.70901, -0.03507
-0.70337,  0.44199, 507.30029, -37.23611, 11.74791,  0.05260
-0.96713,  1.06078, 505.19531, -37.69724, 11.70901,  0.00000
-1.14297,  1.06078, 506.24780, -37.58195, 11.63121,  0.07014
-0.52753,  1.23757, 506.94946, -37.65881, 11.47561,  0.12274
-0.79129,  0.88398, 505.19531, -37.96622, 11.55341,  0.03507
-0.96713,  0.79558, 508.00195, -38.00465, 11.47561,  0.03507
-0.52753,  0.61879, 507.65112, -38.23521, 11.51451,  0.00000
-0.61545,  0.61879, 506.24780, -38.42735, 11.70901, -0.03507
-0.96713,  0.26519, 505.89697, -38.46578, 11.51451,  0.10521
-0.87921,  0.61879, 506.59863, -38.58106, 11.59231,  0.01753
-0.52753, -0.26519, 506.59863, -38.81163, 11.70901,  0.00000
-0.87921,  0.08840, 506.24780, -38.85005, 11.70901, -0.03507
-0.79129, -0.35359, 505.54614, -39.00376, 11.59231, -0.03507
-0.96713, -0.35359, 504.14282, -39.38804, 11.63121,  0.01753
-0.87921, -0.35359, 505.19531, -39.50332, 11.51451,  0.00000
-0.87921, -0.61879, 505.54614, -39.73389, 11.55341,  0.00000
-0.79129, -0.44199, 504.84448, -39.69546, 11.51451, -0.01753
-1.31882, -0.17680, 504.84448, -39.77231, 11.51451, -0.01753
-0.96713, -0.08840, 506.24780, -39.73389, 11.43671, -0.10521
-0.96713,  0.00000, 505.19531, -39.96445, 11.55341,  0.01753
-1.40674,  0.35359, 506.94946, -40.00288, 11.55341,  0.00000
-1.14297,  0.08840, 504.49365, -39.88760, 11.39781,  0.05260
-0.79129, -0.08840, 505.54614, -40.23344, 11.35891,  0.05260
-1.14297,  0.08840, 505.89697, -40.15659, 11.43671,  0.05260
-0.79129,  0.26519, 505.54614, -40.38715, 11.32001,  0.05260
-1.05505,  0.00000, 506.94946, -40.31030, 11.32001,  0.07014
-0.70337, -0.17680, 507.30029, -40.57928, 11.39781,  0.00000
-0.35168, -0.08840, 506.59863, -40.88670, 11.28111,  0.03507
-0.26376, -0.70718, 505.19531, -40.92513, 11.12551,  0.08767
-0.61545, -0.26519, 506.59863, -41.27098, 11.20331,  0.00000
-0.43961, -0.44199, 506.94946, -41.46311, 11.12551, -0.03507
-0.70337, -0.70718, 507.30029, -41.57840, 11.16441, -0.01753
-0.87921, -0.61879, 506.59863, -41.77053, 11.16441, -0.07014
-0.61545, -0.88398, 506.94946, -41.92424, 11.12551, -0.01753
-1.05505, -0.70718, 506.24780, -42.11638, 11.04771,  0.01753
-0.70337, -1.32597, 505.19531, -42.19324, 11.20331, -0.01753
-0.87921, -1.23757, 503.79199, -42.19324, 11.04771,  0.08767
-0.35168, -1.06078, 503.44116, -42.38537, 11.08661, -0.01753
-0.79129, -1.50277, 503.79199, -42.65437, 10.96991,  0.00000
-0.70337, -1.41437, 504.49365, -42.61594, 11.24221, -0.01753
-0.96713, -1.67956, 505.19531, -43.03864, 11.12551,  0.01753
-0.87921, -2.29835, 504.84448, -43.42291, 11.08661, -0.03507
-1.49466, -2.56354, 506.94946, -43.73033, 11.20331, -0.08767
-0.79129, -2.91713, 504.49365, -44.11460, 11.16441, -0.10521
-0.52753, -2.47514, 505.54614, -44.11460, 11.16441, -0.03507
-0.79129, -3.27073, 505.54614, -44.11460, 11.04771, -0.08767
-0.96713, -2.91713, 505.54614, -44.34517, 11.16441, -0.15781
-0.96713, -2.82874, 504.14282, -44.38359, 11.35891,  0.01753
-0.87921, -2.91713, 503.79199, -44.11460, 11.24221,  0.01753
-0.79129, -1.76796, 505.19531, -43.96089, 11.35891,  0.07014
-0.70337, -1.50277, 503.79199, -44.07617, 11.43671,  0.08767
-1.23090, -1.23757, 503.44116, -43.92246, 11.39781,  0.07014
-0.87921, -1.41437, 502.38867, -43.84561, 11.39781,  0.07014
-1.05505, -1.23757, 504.49365, -43.65347, 11.63121,  0.05260
-0.96713, -1.32597, 503.79199, -43.73033, 11.59231,  0.08767
-1.05505, -1.59116, 505.54614, -43.69190, 11.70901,  0.10521
-1.31882, -1.94476, 504.84448, -43.80718, 11.67011,  0.05260
-1.23090, -1.59116, 506.24780, -43.53819, 11.63121,  0.03507
-1.31882, -1.32597, 507.30029, -43.61504, 11.70901,  0.03507
-1.40674, -1.50277, 506.94946, -43.49976, 11.63121,  0.08767
-1.14297, -1.32597, 505.54614, -43.73033, 11.70901,  0.03507
-1.14297, -0.97238, 506.94946, -43.49976, 11.35891, -0.01753
-1.05505, -0.97238, 504.84448, -43.49976, 11.51451,  0.05260
-1.05505, -1.06078, 504.84448, -43.30762, 11.59231,  0.07014
-1.23090, -0.79558, 505.89697, -43.03864, 11.67011,  0.01753
-1.58258, -0.08840, 506.24780, -43.15392, 11.51451,  0.08767
-1.14297, -0.17680, 505.19531, -42.88493, 11.67011,  0.05260
-0.87921,  0.17680, 506.94946, -42.80807, 11.86461,  0.10521
-1.31882,  0.17680, 505.19531, -42.69279, 11.82571,  0.00000
-0.87921,  0.08840, 506.59863, -42.53908, 11.55341,  0.07014
-1.31882,  0.00000, 505.19531, -42.57751, 11.94242,  0.05260
-1.05505,  0.00000, 505.19531, -42.73122, 11.74791,  0.05260
-1.49466, -0.44199, 505.19531, -42.73122, 12.02022,  0.03507
-1.75842, -0.70718, 505.54614, -42.65437, 11.82571,  0.15781
-1.23090, -0.88398, 505.89697, -42.76965, 12.02022,  0.07014
-1.49466, -0.70718, 505.54614, -42.96178, 12.09802,  0.10521
-1.58258, -0.70718, 506.24780, -42.84650, 12.05912,  0.10521
-1.58258, -0.88398, 504.49365, -42.73122, 12.13692,  0.01753
-1.40674, -0.44199, 504.84448, -42.69279, 11.94242, -0.01753
-1.67050, -0.26519, 504.14282, -42.84650, 12.09802, -0.03507
-1.75842, -0.26519, 505.54614, -42.84650, 12.02022, -0.03507
-1.58258, -0.35359, 507.65112, -42.73122, 11.94242,  0.01753
-1.75842, -0.35359, 505.89697, -42.80807, 12.09802,  0.01753
-1.49466, -0.44199, 506.59863, -42.96178, 12.13692,  0.00000
-1.75842, -0.35359, 508.00195, -43.15392, 12.17582, -0.01753
-1.58258, -0.26519, 504.84448, -43.03864, 12.13692,  0.00000
-1.67050, -0.44199, 506.24780, -42.69279, 12.29252,  0.00000
-1.93427,  0.08840, 506.59863, -42.80807, 12.25362, -0.08767
-1.93427, -0.08840, 505.54614, -42.65437, 12.29252, -0.01753
-1.67050, -0.08840, 505.89697, -42.53908, 12.21472, -0.08767
-2.02219, -0.08840, 505.54614, -42.23166, 12.29252, -0.08767
-1.67050,  0.26519, 506.24780, -42.27009, 12.25362, -0.07014
-1.75842, -0.08840, 505.54614, -42.19324, 12.21472, -0.03507
-1.58258,  0.17680, 504.49365, -42.34695, 12.25362,  0.00000
-1.67050,  0.00000, 505.89697, -42.30852, 12.21472,  0.05260
-1.49466,  0.17680, 504.14282, -42.46223, 12.05912, -0.10521
-1.67050, -0.26519, 506.24780, -42.38537, 12.17582, -0.05260
-1.67050,  0.00000, 504.49365, -42.38537, 12.09802,  0.03507
-1.49466, -0.17680, 506.59863, -42.50066, 12.05912, -0.05260
-1.31882,  0.00000, 506.59863, -42.73122, 12.29252, -0.07014
-1.05505, -0.35359, 506.24780, -42.57751, 12.09802,  0.00000
-1.31882, -0.44199, 506.59863, -42.61594, 12.02022, -0.03507
-1.58258, -0.17680, 507.30029, -42.65437, 12.02022, -0.05260
-1.31882, -0.53039, 504.84448, -42.65437, 12.17582, -0.01753
-1.49466,  0.26519, 504.84448, -42.50066, 11.94242, -0.08767
-1.49466,  0.00000, 504.84448, -42.19324, 11.90351, -0.07014
-1.31882,  0.79558, 504.14282, -42.07795, 11.86461, -0.05260
-1.31882,  0.70718, 502.73950, -42.03953, 11.94242, -0.12274
-1.40674,  0.53039, 502.73950, -42.03953, 11.82571, -0.12274
-1.58258,  0.88398, 504.14282, -42.15481, 11.67011, -0.12274
-1.31882,  0.79558, 504.14282, -42.15481, 11.94242, -0.07014
-1.40674,  0.53039, 505.19531, -42.34695, 11.74791, -0.10521
-1.49466,  0.08840, 504.84448, -42.30852, 11.67011, -0.05260
-1.58258,  0.08840, 506.94946, -42.19324, 11.70901, -0.12274
-1.49466, -0.17680, 507.30029, -42.42380, 11.63121, -0.10521
-1.31882, -0.08840, 506.59863, -42.53908, 11.63121, -0.08767
-1.58258, -0.08840, 507.65112, -42.73122, 11.59231, -0.07014
-1.58258,  0.17680, 505.54614, -42.61594, 11.74791, -0.03507
-1.05505,  0.08840, 504.84448, -42.57751, 11.70901, -0.10521
-0.96713,  0.26519, 505.54614, -42.69279, 11.59231,  0.00000
-0.79129,  0.44199, 506.24780, -42.69279, 11.47561, -0.01753
-1.40674,  0.44199, 505.19531, -42.65437, 11.63121,  0.05260
-0.96713,  0.61879, 505.54614, -42.76965, 11.59231,  0.00000
-1.14297, -0.08840, 504.14282, -42.69279, 11.63121,  0.01753
-1.14297,  0.00000, 504.14282, -42.88493, 11.59231,  0.01753
-0.96713,  0.00000, 504.84448, -42.69279, 11.51451,  0.01753
-0.96713,  0.00000, 504.84448, -43.07706, 11.47561, -0.05260
-0.79129, -0.08840, 504.49365, -43.11549, 11.47561,  0.03507
-0.87921, -0.70718, 503.79199, -43.00021, 11.32001, -0.01753
-1.14297, -0.61879, 506.24780, -43.23077, 11.32001,  0.03507
-0.70337, -0.53039, 504.14282, -43.26920, 11.39781, -0.01753
-1.23090, -0.61879, 506.59863, -43.15392, 11.32001,  0.00000
-0.96713, -0.26519, 505.19531, -43.23077, 11.35891, -0.01753
-1.14297, -0.44199, 505.19531, -43.07706, 11.39781,  0.03507
-0.61545, -0.17680, 506.24780, -43.11549, 11.47561,  0.07014
-0.79129, -0.53039, 507.30029, -43.38448, 11.16441,  0.07014
-0.87921, -0.79558, 505.19531, -43.34605, 11.28111,  0.05260
-1.31882, -0.70718, 505.54614, -43.34605, 11.43671,  0.07014
-1.23090, -0.70718, 504.49365, -43.15392, 11.24221,  0.05260
-1.05505, -0.35359, 505.19531, -43.19234, 11.28111,  0.01753
-1.23090, -0.79558, 505.89697, -43.11549, 11.24221,  0.00000
-1.31882, -0.44199, 504.14282, -42.88493, 11.32001, -0.01753
-1.31882, -0.17680, 505.19531, -42.92336, 11.32001,  0.08767
-1.05505, -0.08840, 504.14282, -42.92336, 11.28111,  0.03507
-0.87921,  0.17680, 506.24780, -42.80807, 11.20331,  0.01753
-0.79129,  0.44199, 506.24780, -42.84650, 11.16441, -0.01753
-0.87921,  0.35359, 505.19531, -42.80807, 11.35891,  0.10521
-0.79129,  0.26519, 506.94946, -43.03864, 11.16441, -0.03507
-1.05505,  0.00000, 506.94946, -42.92336, 11.39781,  0.10521
-0.79129,  0.00000, 506.94946, -43.00021, 11.47561,  0.00000
-1.14297,  0.00000, 506.24780, -43.07706, 11.32001, -0.01753
-1.58258, -0.26519, 504.49365, -43.03864, 11.28111, -0.05260
-1.23090, -0.08840, 505.19531, -42.84650, 11.24221,  0.05260
-1.58258, -0.08840, 505.19531, -42.96178, 11.47561,  0.00000
-1.23090, -0.08840, 504.84448, -43.07706, 11.32001,  0.03507
-1.23090, -0.08840, 504.84448, -43.03864, 11.47561,  0.01753
-1.14297, -0.26519, 505.19531, -43.00021, 11.35891,  0.03507
-1.31882, -0.08840, 505.19531, -42.96178, 11.32001, -0.03507
-1.67050,  0.08840, 505.89697, -42.84650, 11.51451,  0.01753
-1.40674, -0.44199, 504.14282, -42.92336, 11.35891,  0.01753
-1.67050, -0.35359, 504.84448, -42.96178, 11.39781,  0.08767
-1.31882, -0.53039, 504.49365, -43.11549, 11.43671,  0.01753
-1.58258, -0.44199, 506.94946, -43.11549, 11.55341,  0.00000
-1.40674, -0.70718, 506.94946, -43.11549, 11.51451,  0.03507
-1.40674, -0.88398, 504.84448, -43.19234, 11.67011,  0.00000
-1.23090, -0.79558, 505.54614, -43.26920, 11.63121,  0.00000
-1.31882, -0.70718, 505.19531, -43.42291, 11.59231,  0.01753
-1.14297, -0.88398, 505.54614, -43.26920, 11.63121,  0.00000
-1.58258, -0.88398, 506.59863, -43.23077, 11.70901, -0.05260
-1.40674, -0.97238, 505.19531, -43.34605, 11.63121,  0.01753
-1.40674, -0.53039, 504.84448, -43.26920, 11.59231,  0.07014
-1.58258, -0.44199, 508.00195, -43.23077, 11.67011, -0.05260
-1.67050, -0.35359, 504.84448, -43.30762, 11.70901,  0.07014
-1.84634, -0.17680, 505.89697, -43.26920, 11.55341,  0.00000
-1.40674, -0.44199, 506.94946, -43.38448, 11.70901,  0.00000
-1.58258, -0.26519, 504.49365, -43.11549, 11.55341, -0.07014
-1.84634, -0.08840, 504.14282, -43.26920, 11.47561, -0.03507
-1.75842, -0.08840, 505.19531, -42.92336, 11.55341, -0.05260
-1.40674,  0.00000, 505.89697, -43.19234, 11.51451, -0.07014
-1.84634, -0.26519, 504.84448, -43.11549, 11.32001, -0.10521
-1.58258, -0.61879, 503.79199, -43.15392, 11.32001, -0.01753
-1.40674, -0.35359, 503.79199, -42.76965, 11.39781, -0.08767
-0.96713, -0.08840, 504.49365, -42.73122, 11.20331, -0.05260
-0.96713, -0.17680, 505.54614, -42.76965, 11.28111, -0.07014
-0.79129,  0.26519, 505.19531, -42.61594, 11.24221, -0.10521
-0.96713,  0.17680, 505.54614, -42.57751, 11.24221, -0.10521
-0.70337,  0.53039, 504.49365, -42.53908, 11.12551,  0.03507
-0.87921,  0.53039, 505.89697, -42.61594, 11.04771, -0.07014
-0.87921,  0.53039, 506.24780, -42.57751, 10.93101, -0.03507
-0.79129,  0.61879, 506.59863, -42.65437, 11.12551, -0.05260
-1.40674,  1.06078, 505.54614, -42.34695, 10.96991, -0.03507
-0.87921,  0.88398, 505.19531, -42.30852, 10.89211, -0.03507
-1.40674,  0.97238, 504.84448, -42.23166, 10.77540, -0.05260
-1.05505,  0.70718, 506.24780, -42.27009, 10.73650, -0.03507
-0.43961,  1.06078, 505.54614, -42.07795, 10.58090,  0.00000
-0.70337,  0.53039, 506.94946, -42.23166, 10.77540, -0.01753
-0.70337,  0.61879, 506.59863, -42.23166, 10.54200, -0.01753
-0.87921,  0.17680, 505.54614, -42.34695, 10.42530,  0.03507
-0.52753,  0.26519, 506.94946, -42.34695, 10.50310, -0.01753
-0.43961,  0.08840, 505.19531, -42.34695, 10.42530, -0.07014
-0.17584,  0.44199, 504.84448, -42.50066, 10.30860, -0.14027
-0.61545,  0.53039, 505.89697, -42.50066, 10.30860, -0.08767
-0.70337,  0.44199, 505.54614, -42.76965, 10.34750, -0.07014
-0.70337,  0.44199, 504.84448, -42.53908, 10.34750, -0.03507
-0.70337,  0.00000, 505.54614, -42.50066, 10.34750, -0.01753
-0.08792, -0.17680, 504.84448, -42.69279, 10.34750, -0.03507
-0.43961, -0.17680, 504.84448, -42.61594, 10.26970, -0.05260
-0.35168, -0.44199, 505.89697, -42.84650, 10.46420,  0.01753
-0.43961, -0.26519, 505.19531, -42.76965, 10.38640,  0.00000
-0.70337, -0.17680, 505.54614, -42.57751, 10.50310, -0.01753
-0.70337,  0.00000, 504.84448, -42.76965, 10.38640,  0.00000
-0.61545,  0.00000, 505.19531, -42.80807, 10.30860, -0.07014
-0.70337,  0.17680, 505.19531, -42.88493, 10.42530,  0.00000
-0.61545,  0.00000, 505.54614, -42.84650, 10.42530, -0.05260
-0.35168, -0.35359, 505.19531, -43.00021, 10.34750, -0.07014
-0.61545, -0.17680, 505.54614, -42.88493, 10.38640, -0.01753
-0.96713, -0.61879, 505.54614, -43.03864, 10.58090, -0.03507
-0.79129, -0.53039, 506.94946, -43.07706, 10.61980,  0.01753
-0.96713, -0.26519, 505.54614, -43.15392, 10.54200,  0.01753
-0.96713, -0.44199, 506.24780, -43.00021, 10.61980,  0.00000
-1.05505, -0.08840, 504.84448, -43.11549, 10.69760,  0.07014
-0.87921, -0.44199, 505.54614, -43.03864, 10.65870,  0.07014
-0.61545, -0.35359, 505.89697, -42.96178, 10.73650, -0.03507
-0.87921, -0.53039, 505.54614, -43.26920, 10.69760,  0.05260
-1.23090, -0.44199, 505.19531, -43.23077, 10.77540,  0.01753
-1.05505, -0.53039, 505.54614, -43.34605, 10.73650,  0.03507
-0.96713, -0.53039, 505.89697, -43.42291, 10.89211,  0.00000
-0.96713, -0.88398, 505.54614, -43.42291, 10.69760,  0.01753
-1.40674, -0.26519, 503.79199, -43.38448, 10.85320,  0.05260
-1.05505, -0.79558, 505.19531, -43.34605, 10.81430, -0.03507
-1.23090, -0.61879, 504.49365, -43.30762, 10.77540,  0.00000
-1.58258, -0.35359, 506.59863, -43.07706, 10.85320, -0.03507
-0.96713, -0.44199, 504.49365, -43.19234, 10.81430,  0.08767
-1.14297, -0.17680, 504.49365, -43.15392, 10.93101,  0.08767
-1.05505, -0.53039, 506.59863, -43.30762, 10.96991,  0.10521
-1.31882, -0.88398, 505.54614, -43.46133, 11.00881,  0.01753
-0.96713, -0.97238, 505.89697, -43.46133, 10.77540,  0.03507
-1.49466, -1.23757, 507.30029, -43.57662, 11.00881,  0.07014
-1.31882, -1.23757, 506.24780, -43.42291, 11.12551,  0.00000
-1.40674, -1.14917, 508.00195, -43.42291, 11.20331,  0.05260
-1.40674, -1.14917, 506.94946, -43.46133, 11.04771,  0.03507
-1.67050, -0.61879, 506.59863, -43.42291, 11.16441,  0.10521
-1.23090, -0.70718, 505.54614, -43.11549, 11.32001,  0.03507
-1.40674, -0.44199, 505.89697, -43.11549, 11.24221,  0.07014
-1.67050, -0.35359, 505.19531, -43.03864, 11.24221,  0.03507
-0.96713, -0.61879, 503.44116, -42.88493, 11.35891,  0.00000
-1.31882,  0.00000, 502.38867, -42.80807, 11.24221,  0.05260
-1.31882, -0.44199, 502.73950, -42.80807, 11.43671,  0.00000
-1.58258, -0.97238, 503.44116, -42.88493, 11.28111,  0.03507
-1.84634, -0.79558, 506.24780, -43.00021, 11.35891,  0.01753
-1.75842, -0.88398, 503.09033, -42.73122, 11.32001, -0.05260
-1.67050, -0.88398, 505.19531, -43.03864, 11.63121, -0.05260
-1.49466, -0.88398, 504.14282, -43.30762, 11.20331,  0.03507
-1.67050, -0.88398, 506.59863, -43.07706, 11.39781,  0.01753
-1.40674, -0.79558, 507.30029, -43.03864, 11.51451, -0.03507
-1.40674, -0.53039, 505.19531, -42.92336, 11.32001, -0.05260
-1.75842, -0.70718, 505.54614, -42.96178, 11.32001, -0.05260
-1.58258,  0.00000, 506.24780, -42.76965, 11.24221, -0.07014
-1.49466, -0.17680, 504.14282, -42.80807, 11.28111, -0.03507
-1.67050,  0.00000, 504.14282, -42.80807, 11.39781, -0.03507
-1.49466,  0.26519, 503.79199, -42.69279, 11.32001, -0.08767
-1.58258,  0.26519, 504.84448, -42.65437, 11.24221, -0.08767
-1.58258, -0.17680, 505.19531, -42.53908, 11.28111, -0.05260
-1.93427,  0.00000, 503.44116, -42.50066, 11.24221, -0.14027
-1.67050,  0.26519, 503.09033, -42.38537, 11.16441, -0.14027
-1.49466,  0.08840, 504.49365, -42.30852, 11.12551, -0.15781
-1.67050,  0.00000, 504.14282, -42.34695, 11.08661, -0.14027
-1.05505, -0.08840, 505.54614, -42.42380, 11.00881, -0.07014
-1.31882,  0.00000, 507.30029, -42.38537, 11.00881, -0.05260
-1.40674,  0.26519, 505.89697, -42.34695, 11.04771, -0.14027
-1.58258, -0.35359, 506.24780, -42.23166, 11.04771, -0.10521
-0.87921,  0.00000, 506.24780, -42.23166, 10.93101, -0.12274
-1.75842, -0.35359, 506.24780, -42.38537, 10.89211, -0.14027
-1.49466,  0.26519, 506.59863, -42.03953, 11.00881, -0.15781
-1.23090, -0.17680, 505.19531, -42.23166, 10.85320, -0.17534
-1.31882,  0.00000, 505.19531, -42.07795, 10.81430, -0.10521
-1.23090, -0.35359, 505.54614, -42.07795, 10.81430, -0.14027
-1.14297, -0.08840, 505.19531, -41.92424, 10.93101, -0.07014
-1.14297,  0.35359, 504.49365, -41.84739, 10.85320, -0.08767
-0.87921,  0.00000, 505.54614, -41.73211, 10.85320, -0.05260
-0.87921,  0.44199, 505.54614, -41.77053, 10.85320, -0.03507
-0.52753, -0.26519, 504.49365, -41.88582, 10.85320, -0.05260
-1.40674,  0.00000, 507.30029, -41.73211, 10.85320, -0.05260
-0.87921, -0.44199, 506.94946, -41.77053, 10.89211, -0.05260
-1.14297,  0.00000, 504.84448, -42.00110, 11.04771,  0.03507
-1.14297, -0.53039, 505.89697, -41.96267, 10.93101, -0.08767
-1.23090, -0.61879, 505.54614, -42.00110, 10.93101, -0.07014
-1.58258, -0.88398, 504.49365, -41.84739, 10.93101, -0.03507
-1.49466, -0.97238, 504.84448, -41.84739, 10.89211, -0.07014
-1.05505, -0.61879, 504.49365, -42.00110, 11.00881, -0.05260
-1.23090, -1.06078, 505.19531, -41.88582, 10.89211, -0.05260
-1.05505, -0.88398, 504.49365, -41.92424, 10.81430,  0.00000
-1.31882, -0.70718, 504.49365, -41.96267, 10.96991, -0.03507
-1.23090, -0.70718, 504.14282, -41.80896, 10.89211,  0.01753
-1.23090, -0.26519, 504.84448, -41.88582, 11.00881,  0.01753
-1.23090, -0.35359, 505.89697, -41.88582, 10.93101, -0.05260
-1.31882, -0.53039, 505.19531, -41.80896, 10.93101,  0.00000
-1.49466, -0.35359, 506.24780, -41.88582, 10.77540,  0.01753
-1.84634, -0.53039, 506.94946, -41.77053, 10.96991, -0.01753
-1.05505, -0.44199, 507.30029, -41.84739, 10.69760, -0.01753
-1.58258, -0.53039, 505.54614, -41.88582, 10.77540,  0.07014
-1.49466, -0.35359, 506.59863, -41.69368, 10.54200,  0.03507
-1.49466, -0.79558, 505.19531, -41.65525, 10.65870,  0.03507
-1.40674, -0.61879, 506.59863, -41.65525, 10.54200,  0.08767
-1.58258, -0.70718, 504.49365, -41.61682, 10.89211,  0.08767
-1.40674, -0.61879, 505.89697, -41.42469, 10.61980,  0.10521
-1.23090, -0.61879, 504.84448, -41.38626, 10.54200,  0.07014
-1.31882, -0.70718, 505.19531, -41.65525, 10.69760,  0.01753
-1.58258, -0.61879, 504.84448, -41.46311, 10.61980,  0.10521
-1.31882, -0.44199, 504.84448, -41.19412, 10.46420,  0.05260
-1.49466, -0.17680, 504.84448, -41.38626, 10.54200,  0.08767
-1.31882, -0.44199, 507.30029, -41.38626, 10.42530,  0.03507
-0.87921, -0.08840, 506.94946, -41.15569, 10.42530,  0.03507
-1.40674, -0.44199, 507.65112, -40.96356, 10.34750,  0.01753
-1.14297, -0.61879, 506.24780, -40.92513, 10.30860,  0.10521
-1.05505,  0.00000, 503.79199, -40.77142, 10.30860,  0.00000
-1.58258, -0.35359, 504.49365, -40.92513, 10.26970,  0.05260
-1.31882, -0.61879, 504.84448, -40.73299,  9.99740,  0.00000
-1.23090, -0.44199, 504.14282, -40.61771, 10.15300,  0.03507
-1.31882,  0.00000, 504.14282, -40.73299, 10.07520, -0.01753
-1.31882, -0.26519, 503.79199, -40.77142, 10.11410,  0.05260
-1.40674, -0.44199, 504.84448, -40.65614, 10.07520,  0.01753
-1.14297,  0.00000, 504.49365, -40.77142,  9.91960,  0.00000
-0.96713, -0.44199, 505.89697, -40.57928, 10.03630, -0.05260
-1.05505, -0.17680, 506.24780, -40.38715,  9.99740,  0.07014
-0.43961,  0.08840, 506.59863, -40.34872,  9.80289,  0.03507
-0.35168,  0.00000, 505.19531, -40.34872,  9.95850,  0.00000
-0.08792,  0.08840, 505.89697, -40.27187,  9.68619, -0.03507
-0.52753,  0.00000, 505.54614, -40.04131,  9.84179,  0.00000
-0.26376,  0.26519, 506.94946, -40.04131,  9.72509,  0.00000
-0.17584,  0.26519, 505.89697, -40.00288,  9.84179, -0.01753
-0.26376,  0.17680, 505.54614, -39.96445,  9.91960,  0.03507
-0.52753,  0.44199, 506.24780, -39.88760,  9.88070,  0.05260
-0.35168, -0.26519, 505.54614, -39.88760,  9.76399,  0.01753
-0.17584,  0.26519, 505.89697, -39.73389,  9.88070,  0.01753
-0.61545,  0.00000, 506.59863, -39.65703,  9.80289,  0.10521
-0.52753,  0.17680, 505.89697, -39.73389,  9.95850,  0.07014
-0.61545, -0.17680, 506.24780, -39.61860, 10.03630,  0.10521
-0.61545, -0.17680, 506.24780, -39.42647,  9.84179,  0.08767
-0.96713, -0.35359, 505.19531, -39.34961,  9.80289,  0.05260
-1.05505,  0.26519, 505.19531, -39.11905,  9.84179,  0.05260
-0.96713,  0.17680, 504.49365, -38.88848,  9.88070,  0.08767
-0.79129,  0.00000, 504.14282, -39.08062,  9.80289,  0.00000
-0.79129,  0.08840, 505.54614, -38.81163,  9.91960,  0.07014
-0.96713,  0.00000, 505.19531, -38.65792,  9.84179,  0.05260
-0.96713,  0.35359, 505.89697, -38.88848,  9.91960,  0.07014
-1.05505,  0.44199, 504.14282, -38.42735,  9.95850, -0.01753
-1.05505,  0.08840, 505.54614, -38.54263, 10.03630,  0.03507
-1.23090,  0.26519, 505.54614, -38.54263,  9.99740, -0.01753
-0.79129,  0.35359, 506.24780, -38.38892, 10.03630,  0.10521
-1.40674,  0.35359, 504.49365, -38.54263, 10.07520,  0.03507
-1.23090,  0.70718, 505.54614, -38.15836, 10.07520,  0.05260
-0.87921,  0.08840, 504.84448, -38.27364,  9.95850,  0.01753
-1.05505,  0.88398, 506.59863, -38.15836, 10.03630,  0.00000
-1.49466,  0.88398, 506.59863, -38.15836, 10.30860,  0.03507
-1.49466,  0.70718, 505.54614, -38.23521, 10.30860, -0.01753
-0.79129,  0.44199, 505.54614, -38.04308, 10.11410,  0.01753
-1.14297,  0.61879, 505.19531, -38.11993, 10.26970,  0.01753
-1.31882,  0.17680, 505.19531, -38.08150, 10.30860,  0.00000
-1.40674,  0.17680, 504.49365, -38.11993, 10.30860, -0.07014
-1.31882,  0.44199, 505.89697, -38.27364, 10.15300,  0.07014
-1.31882, -0.08840, 506.94946, -38.15836, 10.38640, -0.01753
-1.14297,  0.00000, 505.19531, -38.00465, 10.26970,  0.03507
-1.14297,  0.17680, 504.84448, -38.15836, 10.34750, -0.01753
-1.23090,  0.53039, 505.89697, -38.00465, 10.34750, -0.07014
-1.67050,  0.35359, 504.84448, -37.96622, 10.38640,  0.01753
-1.58258,  0.44199, 503.79199, -37.77409, 10.23080, -0.01753
-1.58258,  0.97238, 505.54614, -37.73566, 10.26970, -0.01753
-1.31882,  0.79558, 504.14282, -37.50510, 10.42530, -0.03507
-1.31882,  0.17680, 504.84448, -37.50510, 10.50310, -0.03507
-1.58258,  0.79558, 505.89697, -37.46667, 10.38640, -0.07014
-1.67050,  0.70718, 505.54614, -37.35139, 10.42530,  0.03507
-1.31882,  1.23757, 506.59863, -37.12083, 10.34750,  0.05260
-1.23090,  1.06078, 505.19531, -36.85183, 10.34750,  0.03507
-1.67050,  1.32597, 506.94946, -36.69812, 10.42530,  0.08767
-1.23090,  1.59116, 505.89697, -36.62127, 10.34750,  0.07014
-0.96713,  1.50277, 506.24780, -36.54441, 10.34750,  0.10521
-1.31882,  1.59116, 505.54614, -36.42913, 10.65870,  0.05260
-1.40674,  1.94476, 506.24780, -36.19857, 10.50310,  0.00000
-1.67050,  2.03315, 507.30029, -36.12171, 10.46420, -0.10521
-1.58258,  2.29835, 506.94946, -35.92957, 10.50310, -0.01753
-1.31882,  2.03315, 507.65112, -36.04486, 10.42530, -0.07014
-1.31882,  2.29835, 505.89697, -35.69901, 10.38640, -0.07014
-1.40674,  2.56354, 505.89697, -35.66058, 10.50310, -0.07014
-1.23090,  2.56354, 505.89697, -35.58373, 10.50310, -0.03507
-1.67050,  2.56354, 503.79199, -35.50687, 10.34750, -0.08767
-1.84634,  2.47514, 505.54614, -35.50687, 10.38640,  0.00000
-1.49466,  2.38675, 505.89697, -35.50687, 10.38640, -0.07014
-1.93427,  2.38675, 503.44116, -35.39159, 10.38640, -0.07014
-1.67050,  2.12155, 504.14282, -35.62215, 10.54200, -0.03507
-1.40674,  2.20995, 503.44116, -35.62215, 10.50310, -0.05260
-1.58258,  2.12155, 504.49365, -35.50687, 10.38640, -0.03507
-1.58258,  1.59116, 503.44116, -35.77586, 10.54200, -0.03507
-1.58258,  2.20995, 505.89697, -35.92957, 10.42530, -0.03507
-1.14297,  1.67956, 504.84448, -35.96800, 10.54200, -0.05260
-1.31882,  1.67956, 506.24780, -36.16014, 10.50310, -0.03507
-1.49466,  1.50277, 505.89697, -36.39070, 10.73650, -0.07014
-1.58258,  1.67956, 506.94946, -36.16014, 10.50310, -0.07014
-1.31882,  1.06078, 507.30029, -36.42913, 10.73650, -0.07014
-1.58258,  1.23757, 505.89697, -36.50599, 10.54200, -0.15781
-1.67050,  0.79558, 505.89697, -36.62127, 10.58090, -0.26301
-1.67050,  0.79558, 505.19531, -36.65970, 10.54200, -0.21041
-1.67050,  0.70718, 505.19531, -36.69812, 10.58090, -0.17534
-1.93427,  0.79558, 506.59863, -36.89026, 10.73650, -0.15781
-1.67050,  0.61879, 505.54614, -36.89026, 10.61980, -0.14027
-1.31882,  0.79558, 504.14282, -36.77498, 10.54200, -0.10521
-1.49466,  0.79558, 504.84448, -37.08240, 10.69760, -0.12274
-2.02219,  0.79558, 504.84448, -36.96712, 10.69760, -0.12274
-1.75842,  0.26519, 504.49365, -36.96712, 10.58090, -0.12274
-1.67050,  0.35359, 505.19531, -37.19768, 10.61980, -0.10521
-1.49466,  0.26519, 506.59863, -37.50510, 10.65870, -0.15781
-1.67050,  0.53039, 506.94946, -37.38982, 10.58090, -0.14027
-1.84634,  0.08840, 504.49365, -37.46667, 10.61980, -0.10521
-2.02219,  0.35359, 504.49365, -37.69724, 10.69760, -0.08767
-1.75842,  0.08840, 506.94946, -37.50510, 10.77540, -0.15781
-1.75842,  0.35359, 504.49365, -37.65881, 10.58090, -0.10521
-1.67050, -0.08840, 504.49365, -37.58195, 10.65870, -0.12274
-2.02219,  0.00000, 505.19531, -37.58195, 10.89211, -0.01753
-1.75842,  0.00000, 504.49365, -37.50510, 10.54200, -0.05260
-1.93427,  0.08840, 503.09033, -37.58195, 10.58090, -0.01753
-1.75842,  0.17680, 503.79199, -37.69724, 10.50310,  0.03507
-1.67050,  0.53039, 504.84448, -37.81252, 10.42530, -0.01753
-1.75842,  0.26519, 505.54614, -37.65881, 10.42530, -0.03507
-1.49466,  0.17680, 505.19531, -37.85094, 10.34750, -0.05260
-1.49466, -0.17680, 505.19531, -37.65881, 10.23080,  0.03507
-1.75842,  0.08840, 504.49365, -37.73566, 10.26970, -0.05260
-1.58258,  0.17680, 505.19531, -37.92780, 10.19190,  0.03507
-1.67050,  0.26519, 506.24780, -37.81252, 10.19190,  0.07014
-1.31882,  0.53039, 505.19531, -37.73566, 10.03630,  0.03507
-1.49466,  0.35359, 504.49365, -37.81252, 10.19190, -0.03507
-1.31882,  0.35359, 505.89697, -37.85094, 10.11410,  0.00000
-1.49466,  0.44199, 505.89697, -37.85094, 10.03630, -0.03507
-1.31882,  0.17680, 505.19531, -38.81163,  9.72509,  0.07014
